domain,session_id,game_id,capture_date,resolution,fps,duration_seconds,local_path,content_sha256,notes
drone,2026-05-16_FRIENDLY-GER-vs-PANAMA-ROJO-DRONE,,2026-05-16,1920x1080,30.0,10.4,data/video/2026-05-16_Friendly_GERvsPanamaRojo_Drone_9676541/Wide - Clip 001.mp4,78edaf86d156f97ecad17c7853de23f251653532a9cc3305359596d1493274e6,Hudl-Re-Encode Playlist 9676541 / Clip pro Play / Friendly ohne Hudl-PBP
drone,2026-05-16_FRIENDLY-GER-vs-PANAMA-ROJO-DRONE,,2026-05-16,1920x1080,30.0,9.5,data/video/2026-05-16_Friendly_GERvsPanamaRojo_Drone_9676541/Wide - Clip 002.mp4,ccd924b389cd8c4f311c85092303b4a0ee5150ed797d27fc705634e45e7aa58b,Hudl-Re-Encode Playlist 9676541 / Clip pro Play / Friendly ohne Hudl-PBP
drone,2026-05-16_FRIENDLY-GER-vs-PANAMA-ROJO-DRONE,,2026-05-16,1920x1080,30.0,11.3,data/video/2026-05-16_Friendly_GERvsPanamaRojo_Drone_9676541/Wide - Clip 003.mp4,acd0a46826214e6895a594240d874ebfdeba2a45b0ac3cc55cf5cb2837212486,Hudl-Re-Encode Playlist 9676541 / Clip pro Play / Friendly ohne Hudl-PBP
drone,2026-05-16_FRIENDLY-GER-vs-PANAMA-ROJO-DRONE,,2026-05-16,1920x1080,30.0,7.8,data/video/2026-05-16_Friendly_GERvsPanamaRojo_Drone_9676541/Wide - Clip 004.mp4,e148c1d774d13751f06e933bb87302af2d745dddfdbc0d316caeffa4e264a0fc,Hudl-Re-Encode Playlist 9676541 / Clip pro Play / Friendly ohne Hudl-PBP
drone,2026-05-16_FRIENDLY-GER-vs-PANAMA-ROJO-DRONE,,2026-05-16,1920x1080,30.0,11.7,data/video/2026-05-16_Friendly_GERvsPanamaRojo_Drone_9676541/Wide - Clip 005.mp4,d83dd3fbdc297da984c445670ed54fdeefda0485ec001e87b3837ac7c0779796,Hudl-Re-Encode Playlist 9676541 / Clip pro Play / Friendly ohne Hudl-PBP
drone,2026-05-16_FRIENDLY-GER-vs-PANAMA-ROJO-DRONE,,2026-05-16,1920x1080,30.0,8.9,data/video/2026-05-16_Friendly_GERvsPanamaRojo_Drone_9676541/Wide - Clip 006.mp4,bfc9cd83e2b195fab923d33cec7eb91d73867ce10f9c5f9755bbdb45a8e3d756,Hudl-Re-Encode Playlist 9676541 / Clip pro Play / Friendly ohne Hudl-PBP
drone,2026-05-16_FRIENDLY-GER-vs-PANAMA-ROJO-DRONE,,2026-05-16,1920x1080,30.0,15.57,data/video/2026-05-16_Friendly_GERvsPanamaRojo_Drone_9676541/Wide - Clip 007.mp4,b7187baab1d839e32938dcc7573acc189338f32e7da4b584f04d958d077a1c1a,Hudl-Re-Encode Playlist 9676541 / Clip pro Play / Friendly ohne Hudl-PBP
drone,2026-05-16_FRIENDLY-GER-vs-PANAMA-ROJO-DRONE,,2026-05-16,1920x1080,30.0,12.37,data/video/2026-05-16_Friendly_GERvsPanamaRojo_Drone_9676541/Wide - Clip 008.mp4,9d676ca5d3b23a7e7828f6fca777053c27ba10d81067c8acc0aa2493ebe0c00c,Hudl-Re-Encode Playlist 9676541 / Clip pro Play / Friendly ohne Hudl-PBP
drone,2026-05-16_FRIENDLY-GER-vs-PANAMA-ROJO-DRONE,,2026-05-16,1920x1080,30.0,10.97,data/video/2026-05-16_Friendly_GERvsPanamaRojo_Drone_9676541/Wide - Clip 009.mp4,e68babd8b23f82b377d9182f0896426c4f1af8ac65827723376be89977e95620,Hudl-Re-Encode Playlist 9676541 / Clip pro Play / Friendly ohne Hudl-PBP
drone,2026-05-16_FRIENDLY-GER-vs-PANAMA-ROJO-DRONE,,2026-05-16,1920x1080,30.0,7.47,data/video/2026-05-16_Friendly_GERvsPanamaRojo_Drone_9676541/Wide - Clip 010.mp4,9716f7589eefebb79f98ca801f733f9f639d30ac6ec350ffffe6de10deac2070,Hudl-Re-Encode Playlist 9676541 / Clip pro Play / Friendly ohne Hudl-PBP
drone,2026-05-16_FRIENDLY-GER-vs-PANAMA-ROJO-DRONE,,2026-05-16,1920x1080,30.0,11.9,data/video/2026-05-16_Friendly_GERvsPanamaRojo_Drone_9676541/Wide - Clip 011.mp4,db989e9f2df6ec155af067f3fc9dfecc4b3f463eef91eadb6710ceb915d22a1f,Hudl-Re-Encode Playlist 9676541 / Clip pro Play / Friendly ohne Hudl-PBP
drone,2026-05-16_FRIENDLY-GER-vs-PANAMA-ROJO-DRONE,,2026-05-16,1920x1080,30.0,5.3,data/video/2026-05-16_Friendly_GERvsPanamaRojo_Drone_9676541/Wide - Clip 012.mp4,93aa6d399893180e27fc9b38d99d45c5b555bbec81d6d150cbb52a56cb808fc9,Hudl-Re-Encode Playlist 9676541 / Clip pro Play / Friendly ohne Hudl-PBP
drone,2026-05-16_FRIENDLY-GER-vs-PANAMA-ROJO-DRONE,,2026-05-16,1920x1080,30.0,7.33,data/video/2026-05-16_Friendly_GERvsPanamaRojo_Drone_9676541/Wide - Clip 013.mp4,db58543e97d0c872389c5439ca0edb819d71cd3178d55e709d4edc0ff8e27a4d,Hudl-Re-Encode Playlist 9676541 / Clip pro Play / Friendly ohne Hudl-PBP
drone,2026-05-16_FRIENDLY-GER-vs-PANAMA-ROJO-DRONE,,2026-05-16,1920x1080,30.0,14.47,data/video/2026-05-16_Friendly_GERvsPanamaRojo_Drone_9676541/Wide - Clip 014.mp4,9d7afc98e4b34a831ab33bf8459f0564b33db176070a6e0c51d02bb585a9e607,Hudl-Re-Encode Playlist 9676541 / Clip pro Play / Friendly ohne Hudl-PBP
drone,2026-05-16_FRIENDLY-GER-vs-PANAMA-ROJO-DRONE,,2026-05-16,1920x1080,30.0,13.0,data/video/2026-05-16_Friendly_GERvsPanamaRojo_Drone_9676541/Wide - Clip 015.mp4,6833ba360536127db2ad8276955d7b270e88a56b3571097f2c6f03e6608fe82b,Hudl-Re-Encode Playlist 9676541 / Clip pro Play / Friendly ohne Hudl-PBP
drone,2026-05-16_FRIENDLY-GER-vs-PANAMA-ROJO-DRONE,,2026-05-16,1920x1080,30.0,11.97,data/video/2026-05-16_Friendly_GERvsPanamaRojo_Drone_9676541/Wide - Clip 016.mp4,9e9452e4e69e73998d0a63da5d7d64d1c2bbefb16bb3c93fc579a26d367e1be5,Hudl-Re-Encode Playlist 9676541 / Clip pro Play / Friendly ohne Hudl-PBP
drone,2026-05-16_FRIENDLY-GER-vs-PANAMA-ROJO-DRONE,,2026-05-16,1920x1080,30.0,12.73,data/video/2026-05-16_Friendly_GERvsPanamaRojo_Drone_9676541/Wide - Clip 017.mp4,b938b863b9b09fb2565d60db225b1bd0d230deabb18a15ea1aa8c7c0b01307f9,Hudl-Re-Encode Playlist 9676541 / Clip pro Play / Friendly ohne Hudl-PBP
drone,2026-05-16_FRIENDLY-GER-vs-PANAMA-ROJO-DRONE,,2026-05-16,1920x1080,30.0,9.6,data/video/2026-05-16_Friendly_GERvsPanamaRojo_Drone_9676541/Wide - Clip 018.mp4,00befb02ab6ef5a275828bf87a288da4d6eca1727230fdc8ee85728e1e400ed7,Hudl-Re-Encode Playlist 9676541 / Clip pro Play / Friendly ohne Hudl-PBP
drone,2026-05-16_FRIENDLY-GER-vs-PANAMA-ROJO-DRONE,,2026-05-16,1920x1080,30.0,15.97,data/video/2026-05-16_Friendly_GERvsPanamaRojo_Drone_9676541/Wide - Clip 019.mp4,8f877c8e6fe55643ab5b4a4cf07d0f92782163e6794217f23b6ca4872ec9d3d4,Hudl-Re-Encode Playlist 9676541 / Clip pro Play / Friendly ohne Hudl-PBP
drone,2026-05-16_FRIENDLY-GER-vs-PANAMA-ROJO-DRONE,,2026-05-16,1920x1080,30.0,14.73,data/video/2026-05-16_Friendly_GERvsPanamaRojo_Drone_9676541/Wide - Clip 020.mp4,7762a8d22fd97994d2e0905f6b1fc9c31dd701c860c9acaadcc19cd6208917b0,Hudl-Re-Encode Playlist 9676541 / Clip pro Play / Friendly ohne Hudl-PBP
drone,2026-05-16_FRIENDLY-GER-vs-PANAMA-ROJO-DRONE,,2026-05-16,1920x1080,30.0,3.83,data/video/2026-05-16_Friendly_GERvsPanamaRojo_Drone_9676541/Wide - Clip 021.mp4,a5c0841346c180b2695aca22d5ad29131734a98243b11116f0dee7243494a615,Hudl-Re-Encode Playlist 9676541 / Clip pro Play / Friendly ohne Hudl-PBP
drone,2026-05-16_FRIENDLY-GER-vs-PANAMA-ROJO-DRONE,,2026-05-16,1920x1080,30.0,7.97,data/video/2026-05-16_Friendly_GERvsPanamaRojo_Drone_9676541/Wide - Clip 022.mp4,e840ef60b3cf427d67b82032b7d88f424663324f2ce292177825ba8b57183c9b,Hudl-Re-Encode Playlist 9676541 / Clip pro Play / Friendly ohne Hudl-PBP
drone,2026-05-16_FRIENDLY-GER-vs-PANAMA-ROJO-DRONE,,2026-05-16,1920x1080,30.0,11.6,data/video/2026-05-16_Friendly_GERvsPanamaRojo_Drone_9676541/Wide - Clip 023.mp4,896a3e24bdf032f2bf776aa52421194ed3d5080a219c7daad2fdc84ad950e3fa,Hudl-Re-Encode Playlist 9676541 / Clip pro Play / Friendly ohne Hudl-PBP
drone,2026-05-16_FRIENDLY-GER-vs-PANAMA-ROJO-DRONE,,2026-05-16,1920x1080,30.0,9.9,data/video/2026-05-16_Friendly_GERvsPanamaRojo_Drone_9676541/Wide - Clip 024.mp4,8a7e48b381e45fb74eed8316a3e20b3c39a57856bd14b118b3b63bf52b6962fe,Hudl-Re-Encode Playlist 9676541 / Clip pro Play / Friendly ohne Hudl-PBP
drone,2026-05-16_FRIENDLY-GER-vs-PANAMA-ROJO-DRONE,,2026-05-16,1920x1080,30.0,17.9,data/video/2026-05-16_Friendly_GERvsPanamaRojo_Drone_9676541/Wide - Clip 025.mp4,88d1d689f8a3ca4fe18b965c4f3ac8e60fb9eb40cbbf0e203cf056c90556479e,Hudl-Re-Encode Playlist 9676541 / Clip pro Play / Friendly ohne Hudl-PBP
drone,2026-05-16_FRIENDLY-GER-vs-PANAMA-ROJO-DRONE,,2026-05-16,1920x1080,30.0,9.13,data/video/2026-05-16_Friendly_GERvsPanamaRojo_Drone_9676541/Wide - Clip 026.mp4,5b2ee69af71030b3ab554d867ab87fa9970852b3859ac9b8f4eacb6da6ccc3c8,Hudl-Re-Encode Playlist 9676541 / Clip pro Play / Friendly ohne Hudl-PBP
drone,2026-05-16_FRIENDLY-GER-vs-PANAMA-ROJO-DRONE,,2026-05-16,1920x1080,30.0,6.43,data/video/2026-05-16_Friendly_GERvsPanamaRojo_Drone_9676541/Wide - Clip 027.mp4,854257a52e668a50b9876da30e504102dcf248db18d9a2647134fac0a5cda6ba,Hudl-Re-Encode Playlist 9676541 / Clip pro Play / Friendly ohne Hudl-PBP
drone,2026-05-16_FRIENDLY-GER-vs-PANAMA-ROJO-DRONE,,2026-05-16,1920x1080,30.0,7.6,data/video/2026-05-16_Friendly_GERvsPanamaRojo_Drone_9676541/Wide - Clip 028.mp4,9e132d12ad9dd268a40b72a10c739e0ac31487a646d8005b46b98004b8c6c51c,Hudl-Re-Encode Playlist 9676541 / Clip pro Play / Friendly ohne Hudl-PBP
drone,2026-05-16_FRIENDLY-GER-vs-PANAMA-ROJO-DRONE,,2026-05-16,1920x1080,30.0,13.53,data/video/2026-05-16_Friendly_GERvsPanamaRojo_Drone_9676541/Wide - Clip 029.mp4,2d3a7b2aee27c591c3118b52807ebd8cd963175b633e92ee032d34a7fd84ef36,Hudl-Re-Encode Playlist 9676541 / Clip pro Play / Friendly ohne Hudl-PBP
drone,2026-05-16_FRIENDLY-GER-vs-PANAMA-ROJO-DRONE,,2026-05-16,1920x1080,30.0,13.43,data/video/2026-05-16_Friendly_GERvsPanamaRojo_Drone_9676541/Wide - Clip 030.mp4,5c53463096210d0a1a453c6fa79a286dacc37008fa15ff49080c2041a2892ec2,Hudl-Re-Encode Playlist 9676541 / Clip pro Play / Friendly ohne Hudl-PBP
drone,2026-05-16_FRIENDLY-GER-vs-PANAMA-ROJO-DRONE,,2026-05-16,1920x1080,30.0,11.0,data/video/2026-05-16_Friendly_GERvsPanamaRojo_Drone_9676541/Wide - Clip 031.mp4,539d20920216b56504173ee071aeaf97adacda6c91f76204708b1be931b471b7,Hudl-Re-Encode Playlist 9676541 / Clip pro Play / Friendly ohne Hudl-PBP
drone,2026-05-16_FRIENDLY-GER-vs-PANAMA-ROJO-DRONE,,2026-05-16,1920x1080,30.0,11.97,data/video/2026-05-16_Friendly_GERvsPanamaRojo_Drone_9676541/Wide - Clip 032.mp4,e4faee72a34d995cd493d79ddbb1bdb7c2e08229ed1b2dba5d59f6bbaeb57ba0,Hudl-Re-Encode Playlist 9676541 / Clip pro Play / Friendly ohne Hudl-PBP
drone,2026-05-16_FRIENDLY-GER-vs-PANAMA-ROJO-DRONE,,2026-05-16,1920x1080,30.0,10.97,data/video/2026-05-16_Friendly_GERvsPanamaRojo_Drone_9676541/Wide - Clip 033.mp4,384fc3d3ec93e2e1b9d72ab9d7353554169b70c5811659effbd7d94c58375319,Hudl-Re-Encode Playlist 9676541 / Clip pro Play / Friendly ohne Hudl-PBP
drone,2026-05-16_FRIENDLY-GER-vs-PANAMA-ROJO-DRONE,,2026-05-16,1920x1080,30.0,9.9,data/video/2026-05-16_Friendly_GERvsPanamaRojo_Drone_9676541/Wide - Clip 034.mp4,77bc9c807a08537e34cd56398baf0f8fe26ba1e8163b45dd7515860db079a95d,Hudl-Re-Encode Playlist 9676541 / Clip pro Play / Friendly ohne Hudl-PBP
drone,2026-05-16_FRIENDLY-GER-vs-PANAMA-ROJO-DRONE,,2026-05-16,1920x1080,30.0,16.5,data/video/2026-05-16_Friendly_GERvsPanamaRojo_Drone_9676541/Wide - Clip 035.mp4,95cf79de629f144df221620c377ab108f7b4f614f8d192f2bfa8e550f3584fea,Hudl-Re-Encode Playlist 9676541 / Clip pro Play / Friendly ohne Hudl-PBP
drone,2026-05-16_FRIENDLY-GER-vs-PANAMA-ROJO-DRONE,,2026-05-16,1920x1080,30.0,8.67,data/video/2026-05-16_Friendly_GERvsPanamaRojo_Drone_9676541/Wide - Clip 036.mp4,b9878bc1c8bfa9ad99b7a6b2bfb00d6dd03e70df4eb00e0f48bdd7e06d2d71e9,Hudl-Re-Encode Playlist 9676541 / Clip pro Play / Friendly ohne Hudl-PBP
drone,2026-05-16_FRIENDLY-GER-vs-PANAMA-ROJO-DRONE,,2026-05-16,1920x1080,30.0,20.93,data/video/2026-05-16_Friendly_GERvsPanamaRojo_Drone_9676541/Wide - Clip 037.mp4,3f8aa092ec0f857f221b422f0f19512fa8163ab3f7b8375698ddf5a658df20fc,Hudl-Re-Encode Playlist 9676541 / Clip pro Play / Friendly ohne Hudl-PBP
drone,2026-05-16_FRIENDLY-GER-vs-PANAMA-ROJO-DRONE,,2026-05-16,1920x1080,30.0,11.0,data/video/2026-05-16_Friendly_GERvsPanamaRojo_Drone_9676541/Wide - Clip 038.mp4,c1dddf589ce506f31e176e401f61c289a8b03b2a94406706d01246d9ce23baa8,Hudl-Re-Encode Playlist 9676541 / Clip pro Play / Friendly ohne Hudl-PBP
drone,2026-05-16_FRIENDLY-GER-vs-PANAMA-ROJO-DRONE,,2026-05-16,1920x1080,30.0,11.67,data/video/2026-05-16_Friendly_GERvsPanamaRojo_Drone_9676541/Wide - Clip 039.mp4,f32cd883fd1c0da1525e3ce63f1607c28bdf8dca6e512cafda21d8113fac56ff,Hudl-Re-Encode Playlist 9676541 / Clip pro Play / Friendly ohne Hudl-PBP
drone,2026-05-16_FRIENDLY-GER-vs-PANAMA-ROJO-DRONE,,2026-05-16,1920x1080,30.0,7.5,data/video/2026-05-16_Friendly_GERvsPanamaRojo_Drone_9676541/Wide - Clip 040.mp4,9cc8bcb92d51485110ab746a194e7faa0b86062720a3329ab2fef325926bfac9,Hudl-Re-Encode Playlist 9676541 / Clip pro Play / Friendly ohne Hudl-PBP
drone,2026-05-16_FRIENDLY-GER-vs-PANAMA-ROJO-DRONE,,2026-05-16,1920x1080,30.0,12.63,data/video/2026-05-16_Friendly_GERvsPanamaRojo_Drone_9676541/Wide - Clip 041.mp4,9825ac8243ddb7c89b1dedcae7cb66d0dd40085740697d0452a67988ec9c1a56,Hudl-Re-Encode Playlist 9676541 / Clip pro Play / Friendly ohne Hudl-PBP
drone,2026-05-16_FRIENDLY-GER-vs-PANAMA-ROJO-DRONE,,2026-05-16,1920x1080,30.0,13.13,data/video/2026-05-16_Friendly_GERvsPanamaRojo_Drone_9676541/Wide - Clip 042.mp4,46852b32d919c0c6fd5f48f74fc058e47db58c564e9b9abf976bb19580048531,Hudl-Re-Encode Playlist 9676541 / Clip pro Play / Friendly ohne Hudl-PBP
drone,2026-05-16_FRIENDLY-GER-vs-PANAMA-ROJO-DRONE,,2026-05-16,1920x1080,30.0,4.5,data/video/2026-05-16_Friendly_GERvsPanamaRojo_Drone_9676541/Wide - Clip 043.mp4,958f33f3db4151186a60109c7a769f921f4e2cc5148230cbdf8c176f119853da,Hudl-Re-Encode Playlist 9676541 / Clip pro Play / Friendly ohne Hudl-PBP
drone,2026-05-16_FRIENDLY-GER-vs-PANAMA-ROJO-DRONE,,2026-05-16,1920x1080,30.0,10.83,data/video/2026-05-16_Friendly_GERvsPanamaRojo_Drone_9676541/Wide - Clip 044.mp4,108f8e2dd20c72c9bc1866792f32230ac6120ffbc7ca8d316135f301a77cb584,Hudl-Re-Encode Playlist 9676541 / Clip pro Play / Friendly ohne Hudl-PBP
drone,2026-05-16_FRIENDLY-GER-vs-PANAMA-ROJO-DRONE,,2026-05-16,1920x1080,30.0,9.57,data/video/2026-05-16_Friendly_GERvsPanamaRojo_Drone_9676541/Wide - Clip 045.mp4,c6a1e36985ce9a0d1c0f2dd3f746fcd78cd3e9fce31478f9fd8d592b90703c86,Hudl-Re-Encode Playlist 9676541 / Clip pro Play / Friendly ohne Hudl-PBP
drone,2026-05-16_FRIENDLY-GER-vs-PANAMA-ROJO-DRONE,,2026-05-16,1920x1080,30.0,11.57,data/video/2026-05-16_Friendly_GERvsPanamaRojo_Drone_9676541/Wide - Clip 046.mp4,5e90333c8dfe9dbbbca13e91320901a2269ad3951a61bb3422343d82da748aea,Hudl-Re-Encode Playlist 9676541 / Clip pro Play / Friendly ohne Hudl-PBP
drone,2026-05-16_FRIENDLY-GER-vs-PANAMA-ROJO-DRONE,,2026-05-16,1920x1080,30.0,8.17,data/video/2026-05-16_Friendly_GERvsPanamaRojo_Drone_9676541/Wide - Clip 047.mp4,33fad5073f376719e7597c2e880aed498af7441c8bbdbeab1fc4030f4756775d,Hudl-Re-Encode Playlist 9676541 / Clip pro Play / Friendly ohne Hudl-PBP
drone,2026-05-16_FRIENDLY-GER-vs-PANAMA-ROJO-DRONE,,2026-05-16,1920x1080,30.0,9.63,data/video/2026-05-16_Friendly_GERvsPanamaRojo_Drone_9676541/Wide - Clip 048.mp4,265d67b98e0712ad34f5add96819e569c2f79f64b850772ff5d0a7b49eff2f25,Hudl-Re-Encode Playlist 9676541 / Clip pro Play / Friendly ohne Hudl-PBP
drone,2026-05-16_FRIENDLY-GER-vs-PANAMA-ROJO-DRONE,,2026-05-16,1920x1080,30.0,13.1,data/video/2026-05-16_Friendly_GERvsPanamaRojo_Drone_9676541/Wide - Clip 049.mp4,73ad9a1899dd9e381a6f2aca2c26be9e2171c64bfec6b7166b781f12a78a0284,Hudl-Re-Encode Playlist 9676541 / Clip pro Play / Friendly ohne Hudl-PBP
drone,2026-05-16_FRIENDLY-GER-vs-PANAMA-ROJO-DRONE,,2026-05-16,1920x1080,30.0,8.7,data/video/2026-05-16_Friendly_GERvsPanamaRojo_Drone_9676541/Wide - Clip 050.mp4,c12a6c58261b4865d91d7b1f0ddfc831ca7722935fbcdf6c0cecb0ad88d358e6,Hudl-Re-Encode Playlist 9676541 / Clip pro Play / Friendly ohne Hudl-PBP
drone,2026-05-16_FRIENDLY-GER-vs-PANAMA-ROJO-DRONE,,2026-05-16,1920x1080,30.0,13.8,data/video/2026-05-16_Friendly_GERvsPanamaRojo_Drone_9676541/Wide - Clip 051.mp4,125434e6e48cd2feea626dc738a7aa352ab325ef210ca292527c286846c1c24a,Hudl-Re-Encode Playlist 9676541 / Clip pro Play / Friendly ohne Hudl-PBP
drone,2026-05-16_FRIENDLY-GER-vs-PANAMA-ROJO-DRONE,,2026-05-16,1920x1080,30.0,10.1,data/video/2026-05-16_Friendly_GERvsPanamaRojo_Drone_9676541/Wide - Clip 052.mp4,aa03cd98e7260f6a86f0c4a424153f0a9617c13027467acd6db32c477271face,Hudl-Re-Encode Playlist 9676541 / Clip pro Play / Friendly ohne Hudl-PBP
drone,2026-05-16_FRIENDLY-GER-vs-PANAMA-ROJO-DRONE,,2026-05-16,1920x1080,30.0,8.03,data/video/2026-05-16_Friendly_GERvsPanamaRojo_Drone_9676541/Wide - Clip 053.mp4,ad35343927b50d30faabed62060232073fd0f4bb4a133ed79012d2b466863c27,Hudl-Re-Encode Playlist 9676541 / Clip pro Play / Friendly ohne Hudl-PBP
drone,2026-05-16_FRIENDLY-GER-vs-PANAMA-ROJO-DRONE,,2026-05-16,1920x1080,30.0,14.93,data/video/2026-05-16_Friendly_GERvsPanamaRojo_Drone_9676541/Wide - Clip 054.mp4,40f8027e0ea67ad7bee5497035893bf9b996fff0ee43854514dbfb9695afff07,Hudl-Re-Encode Playlist 9676541 / Clip pro Play / Friendly ohne Hudl-PBP
drone,2026-05-16_FRIENDLY-GER-vs-PANAMA-ROJO-DRONE,,2026-05-16,1920x1080,30.0,10.9,data/video/2026-05-16_Friendly_GERvsPanamaRojo_Drone_9676541/Wide - Clip 055.mp4,3a0c538eaae12337258180cac49d22e4685048bea2e38b2f15543bf4ac30536d,Hudl-Re-Encode Playlist 9676541 / Clip pro Play / Friendly ohne Hudl-PBP
drone,2026-05-16_FRIENDLY-GER-vs-PANAMA-ROJO-DRONE,,2026-05-16,1920x1080,30.0,11.37,data/video/2026-05-16_Friendly_GERvsPanamaRojo_Drone_9676541/Wide - Clip 056.mp4,ba59a14b9482283212bb5712a6f571633b725513993da2bf237d338384a2dd74,Hudl-Re-Encode Playlist 9676541 / Clip pro Play / Friendly ohne Hudl-PBP
drone,2026-05-16_FRIENDLY-GER-vs-PANAMA-ROJO-DRONE,,2026-05-16,1920x1080,30.0,13.73,data/video/2026-05-16_Friendly_GERvsPanamaRojo_Drone_9676541/Wide - Clip 057.mp4,88fcbe1c1f3a6ef1499998e4c5ff33dc69d85452d39dd7e66896ecc4b934ff47,Hudl-Re-Encode Playlist 9676541 / Clip pro Play / Friendly ohne Hudl-PBP
drone,2026-05-16_FRIENDLY-GER-vs-PANAMA-ROJO-DRONE,,2026-05-16,1920x1080,30.0,7.8,data/video/2026-05-16_Friendly_GERvsPanamaRojo_Drone_9676541/Wide - Clip 058.mp4,be01f17f69cd306b8c0355bfcc43c02192bf03888a4a4fb178f704f9d1bee45c,Hudl-Re-Encode Playlist 9676541 / Clip pro Play / Friendly ohne Hudl-PBP
drone,2026-05-16_FRIENDLY-GER-vs-PANAMA-ROJO-DRONE,,2026-05-16,1920x1080,30.0,9.27,data/video/2026-05-16_Friendly_GERvsPanamaRojo_Drone_9676541/Wide - Clip 059.mp4,2b6a37e208e02bb4cf2e43b69d70e933e3f9474b0f1d2ba8608cbe33577faf6e,Hudl-Re-Encode Playlist 9676541 / Clip pro Play / Friendly ohne Hudl-PBP
drone,2026-05-16_FRIENDLY-GER-vs-PANAMA-ROJO-DRONE,,2026-05-16,1920x1080,30.0,5.87,data/video/2026-05-16_Friendly_GERvsPanamaRojo_Drone_9676541/Wide - Clip 060.mp4,6f54d0af21caeb2ae8b179848fbc2a06c3293bedc302198066f8f4a594553519,Hudl-Re-Encode Playlist 9676541 / Clip pro Play / Friendly ohne Hudl-PBP
drone,2026-05-16_FRIENDLY-GER-vs-PANAMA-ROJO-DRONE,,2026-05-16,1920x1080,30.0,12.37,data/video/2026-05-16_Friendly_GERvsPanamaRojo_Drone_9676541/Wide - Clip 061.mp4,8456c478e09912fd5c5be87ec9c70af562225314fc6393cb4e9300c29f35890b,Hudl-Re-Encode Playlist 9676541 / Clip pro Play / Friendly ohne Hudl-PBP
sideline,2026-08-14_WC-GER-vs-MEX-GOPRO,,2026-08-14,1920x1080,30.0,12.07,data/video/2026-08-14_WC_GERvsMEX_GoPro_9676542/Wide - Clip 001.mp4,f961fc10a03d72bb1139e822feb2575d45ae0fecf879fea2cada6d767924259d,"Hudl-Re-Encode Playlist 9676542 / Clip pro Play / Kandidat game_id ifaf-ffwc26-wa1 (Freigabe Verband 2026-08-31 / Sichtung 2026-08-31: Brauchbar) / Perspektive: Hinterfeld-/Endzone-Ansicht von hinten, nicht Seitenansicht (Geometrie-Korrektur 2026-09-01, siehe docs/material-sighting.md)"
sideline,2026-08-14_WC-GER-vs-MEX-GOPRO,,2026-08-14,1920x1080,30.0,13.1,data/video/2026-08-14_WC_GERvsMEX_GoPro_9676542/Wide - Clip 002.mp4,427a23a0afe7d644203ec57c2f68dfae080fcfd3b67729bfdd2d474cfe548895,"Hudl-Re-Encode Playlist 9676542 / Clip pro Play / Kandidat game_id ifaf-ffwc26-wa1 (Freigabe Verband 2026-08-31 / Sichtung 2026-08-31: Brauchbar) / Perspektive: Hinterfeld-/Endzone-Ansicht von hinten, nicht Seitenansicht (Geometrie-Korrektur 2026-09-01, siehe docs/material-sighting.md)"
sideline,2026-08-14_WC-GER-vs-MEX-GOPRO,,2026-08-14,1920x1080,30.0,21.07,data/video/2026-08-14_WC_GERvsMEX_GoPro_9676542/Wide - Clip 003.mp4,cbaeadfb2de65a993e21da750a38654cf3795b125802fe80e0328543bfab2083,"Hudl-Re-Encode Playlist 9676542 / Clip pro Play / Kandidat game_id ifaf-ffwc26-wa1 (Freigabe Verband 2026-08-31 / Sichtung 2026-08-31: Brauchbar) / Perspektive: Hinterfeld-/Endzone-Ansicht von hinten, nicht Seitenansicht (Geometrie-Korrektur 2026-09-01, siehe docs/material-sighting.md)"
sideline,2026-08-14_WC-GER-vs-MEX-GOPRO,,2026-08-14,1920x1080,30.0,15.87,data/video/2026-08-14_WC_GERvsMEX_GoPro_9676542/Wide - Clip 004.mp4,b4e48bacb18bf5d89b65e38015233b24de91cd1146ce80db350dde98f77684ac,"Hudl-Re-Encode Playlist 9676542 / Clip pro Play / Kandidat game_id ifaf-ffwc26-wa1 (Freigabe Verband 2026-08-31 / Sichtung 2026-08-31: Brauchbar) / Perspektive: Hinterfeld-/Endzone-Ansicht von hinten, nicht Seitenansicht (Geometrie-Korrektur 2026-09-01, siehe docs/material-sighting.md)"
sideline,2026-08-14_WC-GER-vs-MEX-GOPRO,,2026-08-14,1920x1080,30.0,11.57,data/video/2026-08-14_WC_GERvsMEX_GoPro_9676542/Wide - Clip 005.mp4,2b09febf8757c887e08bb03d19c91f54593aec68d59acaeffcf38d5fd71689f1,"Hudl-Re-Encode Playlist 9676542 / Clip pro Play / Kandidat game_id ifaf-ffwc26-wa1 (Freigabe Verband 2026-08-31 / Sichtung 2026-08-31: Brauchbar) / Perspektive: Hinterfeld-/Endzone-Ansicht von hinten, nicht Seitenansicht (Geometrie-Korrektur 2026-09-01, siehe docs/material-sighting.md)"
sideline,2026-08-14_WC-GER-vs-MEX-GOPRO,,2026-08-14,1920x1080,30.0,12.93,data/video/2026-08-14_WC_GERvsMEX_GoPro_9676542/Wide - Clip 006.mp4,7ab8c15b5fb30a5c58fa35446b2882c011591be488714e46aec9ee0971f368c5,"Hudl-Re-Encode Playlist 9676542 / Clip pro Play / Kandidat game_id ifaf-ffwc26-wa1 (Freigabe Verband 2026-08-31 / Sichtung 2026-08-31: Brauchbar) / Perspektive: Hinterfeld-/Endzone-Ansicht von hinten, nicht Seitenansicht (Geometrie-Korrektur 2026-09-01, siehe docs/material-sighting.md)"
sideline,2026-08-14_WC-GER-vs-MEX-GOPRO,,2026-08-14,1920x1080,30.0,13.3,data/video/2026-08-14_WC_GERvsMEX_GoPro_9676542/Wide - Clip 007.mp4,3b418c9fdc8b7adfc697d84cb390595c0a6502e265315012954fcc1c7ff3c9fd,"Hudl-Re-Encode Playlist 9676542 / Clip pro Play / Kandidat game_id ifaf-ffwc26-wa1 (Freigabe Verband 2026-08-31 / Sichtung 2026-08-31: Brauchbar) / Perspektive: Hinterfeld-/Endzone-Ansicht von hinten, nicht Seitenansicht (Geometrie-Korrektur 2026-09-01, siehe docs/material-sighting.md)"
sideline,2026-08-14_WC-GER-vs-MEX-GOPRO,,2026-08-14,1920x1080,30.0,16.17,data/video/2026-08-14_WC_GERvsMEX_GoPro_9676542/Wide - Clip 008.mp4,2f0e8c17818aa4c9bae84060982d42ec86933067f4c4a1a7d62d36b68ddaaa92,"Hudl-Re-Encode Playlist 9676542 / Clip pro Play / Kandidat game_id ifaf-ffwc26-wa1 (Freigabe Verband 2026-08-31 / Sichtung 2026-08-31: Brauchbar) / Perspektive: Hinterfeld-/Endzone-Ansicht von hinten, nicht Seitenansicht (Geometrie-Korrektur 2026-09-01, siehe docs/material-sighting.md)"
sideline,2026-08-14_WC-GER-vs-MEX-GOPRO,,2026-08-14,1920x1080,30.0,6.57,data/video/2026-08-14_WC_GERvsMEX_GoPro_9676542/Wide - Clip 009.mp4,a65a1683ed756d481b5ba75fdb8f67db3e2b239a238899e526be70344cbe7691,"Hudl-Re-Encode Playlist 9676542 / Clip pro Play / Kandidat game_id ifaf-ffwc26-wa1 (Freigabe Verband 2026-08-31 / Sichtung 2026-08-31: Brauchbar) / Perspektive: Hinterfeld-/Endzone-Ansicht von hinten, nicht Seitenansicht (Geometrie-Korrektur 2026-09-01, siehe docs/material-sighting.md)"
sideline,2026-08-14_WC-GER-vs-MEX-GOPRO,,2026-08-14,1920x1080,30.0,13.93,data/video/2026-08-14_WC_GERvsMEX_GoPro_9676542/Wide - Clip 010.mp4,454a3b1e8c5eb15da907893fc7bbc3d1c223523e87a36979c27523f3015eae56,"Hudl-Re-Encode Playlist 9676542 / Clip pro Play / Kandidat game_id ifaf-ffwc26-wa1 (Freigabe Verband 2026-08-31 / Sichtung 2026-08-31: Brauchbar) / Perspektive: Hinterfeld-/Endzone-Ansicht von hinten, nicht Seitenansicht (Geometrie-Korrektur 2026-09-01, siehe docs/material-sighting.md)"
sideline,2026-08-14_WC-GER-vs-MEX-GOPRO,,2026-08-14,1920x1080,30.0,19.3,data/video/2026-08-14_WC_GERvsMEX_GoPro_9676542/Wide - Clip 011.mp4,a3c5b1b571d783a37c401a6cea43f657e1c544c6672b2042a1f588b178a7493b,"Hudl-Re-Encode Playlist 9676542 / Clip pro Play / Kandidat game_id ifaf-ffwc26-wa1 (Freigabe Verband 2026-08-31 / Sichtung 2026-08-31: Brauchbar) / Perspektive: Hinterfeld-/Endzone-Ansicht von hinten, nicht Seitenansicht (Geometrie-Korrektur 2026-09-01, siehe docs/material-sighting.md)"
sideline,2026-08-14_WC-GER-vs-MEX-GOPRO,,2026-08-14,1920x1080,30.0,11.9,data/video/2026-08-14_WC_GERvsMEX_GoPro_9676542/Wide - Clip 012.mp4,fc197df28f1496298e9593452ba362df3317c1cbd024ef37e7c9ef2d3220c372,"Hudl-Re-Encode Playlist 9676542 / Clip pro Play / Kandidat game_id ifaf-ffwc26-wa1 (Freigabe Verband 2026-08-31 / Sichtung 2026-08-31: Brauchbar) / Perspektive: Hinterfeld-/Endzone-Ansicht von hinten, nicht Seitenansicht (Geometrie-Korrektur 2026-09-01, siehe docs/material-sighting.md)"
sideline,2026-08-14_WC-GER-vs-MEX-GOPRO,,2026-08-14,1920x1080,30.0,15.17,data/video/2026-08-14_WC_GERvsMEX_GoPro_9676542/Wide - Clip 013.mp4,996a5fb3515e01cde383a5228e53cbe2a281bdb805261494faf5ff7876e1c882,"Hudl-Re-Encode Playlist 9676542 / Clip pro Play / Kandidat game_id ifaf-ffwc26-wa1 (Freigabe Verband 2026-08-31 / Sichtung 2026-08-31: Brauchbar) / Perspektive: Hinterfeld-/Endzone-Ansicht von hinten, nicht Seitenansicht (Geometrie-Korrektur 2026-09-01, siehe docs/material-sighting.md)"
sideline,2026-08-14_WC-GER-vs-MEX-GOPRO,,2026-08-14,1920x1080,30.0,20.23,data/video/2026-08-14_WC_GERvsMEX_GoPro_9676542/Wide - Clip 014.mp4,0fb81dc500985aefbcdb576d0d565a9ba52f9cd9fb49d82622d754d5fdbc72cf,"Hudl-Re-Encode Playlist 9676542 / Clip pro Play / Kandidat game_id ifaf-ffwc26-wa1 (Freigabe Verband 2026-08-31 / Sichtung 2026-08-31: Brauchbar) / Perspektive: Hinterfeld-/Endzone-Ansicht von hinten, nicht Seitenansicht (Geometrie-Korrektur 2026-09-01, siehe docs/material-sighting.md)"
sideline,2026-08-14_WC-GER-vs-MEX-GOPRO,,2026-08-14,1920x1080,30.0,13.97,data/video/2026-08-14_WC_GERvsMEX_GoPro_9676542/Wide - Clip 015.mp4,87837b4772041a529c467403bdc3dd805ef0127a91bb29002394335a00426d35,"Hudl-Re-Encode Playlist 9676542 / Clip pro Play / Kandidat game_id ifaf-ffwc26-wa1 (Freigabe Verband 2026-08-31 / Sichtung 2026-08-31: Brauchbar) / Perspektive: Hinterfeld-/Endzone-Ansicht von hinten, nicht Seitenansicht (Geometrie-Korrektur 2026-09-01, siehe docs/material-sighting.md)"
sideline,2026-08-14_WC-GER-vs-MEX-GOPRO,,2026-08-14,1920x1080,30.0,9.5,data/video/2026-08-14_WC_GERvsMEX_GoPro_9676542/Wide - Clip 016.mp4,e122f47b0d2ba4b055ea89e340d447c865b81e4d4208946515d7533a6aab2c6b,"Hudl-Re-Encode Playlist 9676542 / Clip pro Play / Kandidat game_id ifaf-ffwc26-wa1 (Freigabe Verband 2026-08-31 / Sichtung 2026-08-31: Brauchbar) / Perspektive: Hinterfeld-/Endzone-Ansicht von hinten, nicht Seitenansicht (Geometrie-Korrektur 2026-09-01, siehe docs/material-sighting.md)"
sideline,2026-08-14_WC-GER-vs-MEX-GOPRO,,2026-08-14,1920x1080,30.0,9.33,data/video/2026-08-14_WC_GERvsMEX_GoPro_9676542/Wide - Clip 017.mp4,dc728070b6158a847f8f3f4312f5008f0b2c3acc4d5bbcec53878d4b840d66a5,"Hudl-Re-Encode Playlist 9676542 / Clip pro Play / Kandidat game_id ifaf-ffwc26-wa1 (Freigabe Verband 2026-08-31 / Sichtung 2026-08-31: Brauchbar) / Perspektive: Hinterfeld-/Endzone-Ansicht von hinten, nicht Seitenansicht (Geometrie-Korrektur 2026-09-01, siehe docs/material-sighting.md)"
sideline,2026-08-14_WC-GER-vs-MEX-GOPRO,,2026-08-14,1920x1080,30.0,11.3,data/video/2026-08-14_WC_GERvsMEX_GoPro_9676542/Wide - Clip 018.mp4,db707ab26fbea4d4aefb1c4c9a7b563a0963cb4cc7d4a78358cc2fbdeaa6c144,"Hudl-Re-Encode Playlist 9676542 / Clip pro Play / Kandidat game_id ifaf-ffwc26-wa1 (Freigabe Verband 2026-08-31 / Sichtung 2026-08-31: Brauchbar) / Perspektive: Hinterfeld-/Endzone-Ansicht von hinten, nicht Seitenansicht (Geometrie-Korrektur 2026-09-01, siehe docs/material-sighting.md)"
sideline,2026-08-14_WC-GER-vs-MEX-GOPRO,,2026-08-14,1920x1080,30.0,12.97,data/video/2026-08-14_WC_GERvsMEX_GoPro_9676542/Wide - Clip 019.mp4,4613093c73e0efc543fb7adc1cc1e59c42a98c452f1e577468680eb429669751,"Hudl-Re-Encode Playlist 9676542 / Clip pro Play / Kandidat game_id ifaf-ffwc26-wa1 (Freigabe Verband 2026-08-31 / Sichtung 2026-08-31: Brauchbar) / Perspektive: Hinterfeld-/Endzone-Ansicht von hinten, nicht Seitenansicht (Geometrie-Korrektur 2026-09-01, siehe docs/material-sighting.md)"
sideline,2026-08-14_WC-GER-vs-MEX-GOPRO,,2026-08-14,1920x1080,30.0,17.53,data/video/2026-08-14_WC_GERvsMEX_GoPro_9676542/Wide - Clip 020.mp4,c50b14558707fd3d736a62fa450adb7651a2fb306587b17d01f399bb14bed437,"Hudl-Re-Encode Playlist 9676542 / Clip pro Play / Kandidat game_id ifaf-ffwc26-wa1 (Freigabe Verband 2026-08-31 / Sichtung 2026-08-31: Brauchbar) / Perspektive: Hinterfeld-/Endzone-Ansicht von hinten, nicht Seitenansicht (Geometrie-Korrektur 2026-09-01, siehe docs/material-sighting.md)"
sideline,2026-08-14_WC-GER-vs-MEX-GOPRO,,2026-08-14,1920x1080,30.0,8.4,data/video/2026-08-14_WC_GERvsMEX_GoPro_9676542/Wide - Clip 021.mp4,b130250caca8b5ee788eba1eb46fb4973835d3efd7e95daba2928980c82c16ee,"Hudl-Re-Encode Playlist 9676542 / Clip pro Play / Kandidat game_id ifaf-ffwc26-wa1 (Freigabe Verband 2026-08-31 / Sichtung 2026-08-31: Brauchbar) / Perspektive: Hinterfeld-/Endzone-Ansicht von hinten, nicht Seitenansicht (Geometrie-Korrektur 2026-09-01, siehe docs/material-sighting.md)"
sideline,2026-08-14_WC-GER-vs-MEX-GOPRO,,2026-08-14,1920x1080,30.0,13.37,data/video/2026-08-14_WC_GERvsMEX_GoPro_9676542/Wide - Clip 022.mp4,a3b13cc964edc28aac9e7d9542936b562511eda88701b50cabb8e753067378d7,"Hudl-Re-Encode Playlist 9676542 / Clip pro Play / Kandidat game_id ifaf-ffwc26-wa1 (Freigabe Verband 2026-08-31 / Sichtung 2026-08-31: Brauchbar) / Perspektive: Hinterfeld-/Endzone-Ansicht von hinten, nicht Seitenansicht (Geometrie-Korrektur 2026-09-01, siehe docs/material-sighting.md)"
sideline,2026-08-14_WC-GER-vs-MEX-GOPRO,,2026-08-14,1920x1080,30.0,9.07,data/video/2026-08-14_WC_GERvsMEX_GoPro_9676542/Wide - Clip 023.mp4,080a49c7f1f96f04645cb2a0efcfbcd022fdcf58eeddbea9aa6298224f138b79,"Hudl-Re-Encode Playlist 9676542 / Clip pro Play / Kandidat game_id ifaf-ffwc26-wa1 (Freigabe Verband 2026-08-31 / Sichtung 2026-08-31: Brauchbar) / Perspektive: Hinterfeld-/Endzone-Ansicht von hinten, nicht Seitenansicht (Geometrie-Korrektur 2026-09-01, siehe docs/material-sighting.md)"
sideline,2026-08-14_WC-GER-vs-MEX-GOPRO,,2026-08-14,1920x1080,30.0,20.93,data/video/2026-08-14_WC_GERvsMEX_GoPro_9676542/Wide - Clip 024.mp4,babb0b3e638e150ff8ab6977945ffe6ff3bd329f587ed5fc518028a50f51cda5,"Hudl-Re-Encode Playlist 9676542 / Clip pro Play / Kandidat game_id ifaf-ffwc26-wa1 (Freigabe Verband 2026-08-31 / Sichtung 2026-08-31: Brauchbar) / Perspektive: Hinterfeld-/Endzone-Ansicht von hinten, nicht Seitenansicht (Geometrie-Korrektur 2026-09-01, siehe docs/material-sighting.md)"
sideline,2026-08-14_WC-GER-vs-MEX-GOPRO,,2026-08-14,1920x1080,30.0,16.13,data/video/2026-08-14_WC_GERvsMEX_GoPro_9676542/Wide - Clip 025.mp4,bea802950e8a5929f4b07739a6dcc03ede163e8d9dbb2d59d3a352d37c2bafdd,"Hudl-Re-Encode Playlist 9676542 / Clip pro Play / Kandidat game_id ifaf-ffwc26-wa1 (Freigabe Verband 2026-08-31 / Sichtung 2026-08-31: Brauchbar) / Perspektive: Hinterfeld-/Endzone-Ansicht von hinten, nicht Seitenansicht (Geometrie-Korrektur 2026-09-01, siehe docs/material-sighting.md)"
sideline,2026-08-14_WC-GER-vs-MEX-GOPRO,,2026-08-14,1920x1080,30.0,12.3,data/video/2026-08-14_WC_GERvsMEX_GoPro_9676542/Wide - Clip 026.mp4,176b315d425e7e02706f3b3b358450b1144298ff30bd9f45437991edd49f3b33,"Hudl-Re-Encode Playlist 9676542 / Clip pro Play / Kandidat game_id ifaf-ffwc26-wa1 (Freigabe Verband 2026-08-31 / Sichtung 2026-08-31: Brauchbar) / Perspektive: Hinterfeld-/Endzone-Ansicht von hinten, nicht Seitenansicht (Geometrie-Korrektur 2026-09-01, siehe docs/material-sighting.md)"
sideline,2026-08-14_WC-GER-vs-MEX-GOPRO,,2026-08-14,1920x1080,30.0,12.73,data/video/2026-08-14_WC_GERvsMEX_GoPro_9676542/Wide - Clip 027.mp4,e36f3134234dabda7d91e842b35e4939317e33d09742dc303f50bb96941af8cb,"Hudl-Re-Encode Playlist 9676542 / Clip pro Play / Kandidat game_id ifaf-ffwc26-wa1 (Freigabe Verband 2026-08-31 / Sichtung 2026-08-31: Brauchbar) / Perspektive: Hinterfeld-/Endzone-Ansicht von hinten, nicht Seitenansicht (Geometrie-Korrektur 2026-09-01, siehe docs/material-sighting.md)"
sideline,2026-08-14_WC-GER-vs-MEX-GOPRO,,2026-08-14,1920x1080,30.0,17.6,data/video/2026-08-14_WC_GERvsMEX_GoPro_9676542/Wide - Clip 028.mp4,a56c5d183f4cf367bdaaa63f34cf20791ace99d29f5ec7382683396d6d3591b3,"Hudl-Re-Encode Playlist 9676542 / Clip pro Play / Kandidat game_id ifaf-ffwc26-wa1 (Freigabe Verband 2026-08-31 / Sichtung 2026-08-31: Brauchbar) / Perspektive: Hinterfeld-/Endzone-Ansicht von hinten, nicht Seitenansicht (Geometrie-Korrektur 2026-09-01, siehe docs/material-sighting.md)"
sideline,2026-08-14_WC-GER-vs-MEX-GOPRO,,2026-08-14,1920x1080,30.0,17.43,data/video/2026-08-14_WC_GERvsMEX_GoPro_9676542/Wide - Clip 029.mp4,8c2db4c1ca0214722c28fe5cb80902e1e7cc5ea27c8a9dba0f6883aa00f7afa6,"Hudl-Re-Encode Playlist 9676542 / Clip pro Play / Kandidat game_id ifaf-ffwc26-wa1 (Freigabe Verband 2026-08-31 / Sichtung 2026-08-31: Brauchbar) / Perspektive: Hinterfeld-/Endzone-Ansicht von hinten, nicht Seitenansicht (Geometrie-Korrektur 2026-09-01, siehe docs/material-sighting.md)"
sideline,2026-08-14_WC-GER-vs-MEX-GOPRO,,2026-08-14,1920x1080,30.0,14.67,data/video/2026-08-14_WC_GERvsMEX_GoPro_9676542/Wide - Clip 030.mp4,c158d503ddaf566864b53ba5ed09a5e04120e73ab1fcd772b8453a855e7e5ea7,"Hudl-Re-Encode Playlist 9676542 / Clip pro Play / Kandidat game_id ifaf-ffwc26-wa1 (Freigabe Verband 2026-08-31 / Sichtung 2026-08-31: Brauchbar) / Perspektive: Hinterfeld-/Endzone-Ansicht von hinten, nicht Seitenansicht (Geometrie-Korrektur 2026-09-01, siehe docs/material-sighting.md)"
sideline,2026-08-14_WC-GER-vs-MEX-GOPRO,,2026-08-14,1920x1080,30.0,3.47,data/video/2026-08-14_WC_GERvsMEX_GoPro_9676542/Wide - Clip 031.mp4,98fd8e0ac4390fb77fdb12b321a362f59c2d29a08a6de7097b28001c420da7f4,"Hudl-Re-Encode Playlist 9676542 / Clip pro Play / Kandidat game_id ifaf-ffwc26-wa1 (Freigabe Verband 2026-08-31 / Sichtung 2026-08-31: Brauchbar) / Perspektive: Hinterfeld-/Endzone-Ansicht von hinten, nicht Seitenansicht (Geometrie-Korrektur 2026-09-01, siehe docs/material-sighting.md)"
sideline,2026-08-14_WC-GER-vs-MEX-GOPRO,,2026-08-14,1920x1080,30.0,11.53,data/video/2026-08-14_WC_GERvsMEX_GoPro_9676542/Wide - Clip 032.mp4,bf943c21cf4e85a19d7f14b76e6c4d865ad1de9a6993f73c5a287458b6ba6a19,"Hudl-Re-Encode Playlist 9676542 / Clip pro Play / Kandidat game_id ifaf-ffwc26-wa1 (Freigabe Verband 2026-08-31 / Sichtung 2026-08-31: Brauchbar) / Perspektive: Hinterfeld-/Endzone-Ansicht von hinten, nicht Seitenansicht (Geometrie-Korrektur 2026-09-01, siehe docs/material-sighting.md)"
sideline,2026-08-14_WC-GER-vs-MEX-GOPRO,,2026-08-14,1920x1080,30.0,22.97,data/video/2026-08-14_WC_GERvsMEX_GoPro_9676542/Wide - Clip 033.mp4,776ea13690f65be7cd33e25ccc141534370dd15c02ec9a2a5d772965b9a9a408,"Hudl-Re-Encode Playlist 9676542 / Clip pro Play / Kandidat game_id ifaf-ffwc26-wa1 (Freigabe Verband 2026-08-31 / Sichtung 2026-08-31: Brauchbar) / Perspektive: Hinterfeld-/Endzone-Ansicht von hinten, nicht Seitenansicht (Geometrie-Korrektur 2026-09-01, siehe docs/material-sighting.md)"
sideline,2026-08-14_WC-GER-vs-MEX-GOPRO,,2026-08-14,1920x1080,30.0,11.13,data/video/2026-08-14_WC_GERvsMEX_GoPro_9676542/Wide - Clip 034.mp4,9fdfdb6e57dcd7792b925775e92540a38ec96c2540e2e7f506ba110613c4bff5,"Hudl-Re-Encode Playlist 9676542 / Clip pro Play / Kandidat game_id ifaf-ffwc26-wa1 (Freigabe Verband 2026-08-31 / Sichtung 2026-08-31: Brauchbar) / Perspektive: Hinterfeld-/Endzone-Ansicht von hinten, nicht Seitenansicht (Geometrie-Korrektur 2026-09-01, siehe docs/material-sighting.md)"
sideline,2026-08-14_WC-GER-vs-MEX-GOPRO,,2026-08-14,1920x1080,30.0,26.4,data/video/2026-08-14_WC_GERvsMEX_GoPro_9676542/Wide - Clip 035.mp4,4b1e7da20c7c90f70f3d9dc42ce19a922d775674027c83553cc19619f28a1e1a,"Hudl-Re-Encode Playlist 9676542 / Clip pro Play / Kandidat game_id ifaf-ffwc26-wa1 (Freigabe Verband 2026-08-31 / Sichtung 2026-08-31: Brauchbar) / Perspektive: Hinterfeld-/Endzone-Ansicht von hinten, nicht Seitenansicht (Geometrie-Korrektur 2026-09-01, siehe docs/material-sighting.md)"
sideline,2026-08-14_WC-GER-vs-MEX-GOPRO,,2026-08-14,1920x1080,30.0,12.97,data/video/2026-08-14_WC_GERvsMEX_GoPro_9676542/Wide - Clip 036.mp4,6d66f2c7de3e622c4fd36573f92865dc4373afc6108c8740eb29acf92789d3a7,"Hudl-Re-Encode Playlist 9676542 / Clip pro Play / Kandidat game_id ifaf-ffwc26-wa1 (Freigabe Verband 2026-08-31 / Sichtung 2026-08-31: Brauchbar) / Perspektive: Hinterfeld-/Endzone-Ansicht von hinten, nicht Seitenansicht (Geometrie-Korrektur 2026-09-01, siehe docs/material-sighting.md)"
sideline,2026-08-14_WC-GER-vs-MEX-GOPRO,,2026-08-14,1920x1080,30.0,19.97,data/video/2026-08-14_WC_GERvsMEX_GoPro_9676542/Wide - Clip 037.mp4,30129643fa02e44af3a55ff8191a6c56d57f8b526bfc50e83d128fabcc21d929,"Hudl-Re-Encode Playlist 9676542 / Clip pro Play / Kandidat game_id ifaf-ffwc26-wa1 (Freigabe Verband 2026-08-31 / Sichtung 2026-08-31: Brauchbar) / Perspektive: Hinterfeld-/Endzone-Ansicht von hinten, nicht Seitenansicht (Geometrie-Korrektur 2026-09-01, siehe docs/material-sighting.md)"
sideline,2026-08-14_WC-GER-vs-MEX-GOPRO,,2026-08-14,1920x1080,30.0,9.63,data/video/2026-08-14_WC_GERvsMEX_GoPro_9676542/Wide - Clip 038.mp4,59c52ba8dead3124532dfedd450229bd08c39f79a9e717a78ab4da7302bcee27,"Hudl-Re-Encode Playlist 9676542 / Clip pro Play / Kandidat game_id ifaf-ffwc26-wa1 (Freigabe Verband 2026-08-31 / Sichtung 2026-08-31: Brauchbar) / Perspektive: Hinterfeld-/Endzone-Ansicht von hinten, nicht Seitenansicht (Geometrie-Korrektur 2026-09-01, siehe docs/material-sighting.md)"
sideline,2026-08-14_WC-GER-vs-MEX-GOPRO,,2026-08-14,1920x1080,30.0,6.63,data/video/2026-08-14_WC_GERvsMEX_GoPro_9676542/Wide - Clip 039.mp4,c316dcb0e990bf09814f07cee040b4fd90dd98838cd2e5982a91259ca4c68089,"Hudl-Re-Encode Playlist 9676542 / Clip pro Play / Kandidat game_id ifaf-ffwc26-wa1 (Freigabe Verband 2026-08-31 / Sichtung 2026-08-31: Brauchbar) / Perspektive: Hinterfeld-/Endzone-Ansicht von hinten, nicht Seitenansicht (Geometrie-Korrektur 2026-09-01, siehe docs/material-sighting.md)"
sideline,2026-08-14_WC-GER-vs-MEX-GOPRO,,2026-08-14,1920x1080,30.0,6.13,data/video/2026-08-14_WC_GERvsMEX_GoPro_9676542/Wide - Clip 040.mp4,9ccc1bf7b158f08552ef641d3e1b282d55b8735f00060decce0229e6cc66257d,"Hudl-Re-Encode Playlist 9676542 / Clip pro Play / Kandidat game_id ifaf-ffwc26-wa1 (Freigabe Verband 2026-08-31 / Sichtung 2026-08-31: Brauchbar) / Perspektive: Hinterfeld-/Endzone-Ansicht von hinten, nicht Seitenansicht (Geometrie-Korrektur 2026-09-01, siehe docs/material-sighting.md)"
sideline,2026-08-14_WC-GER-vs-MEX-GOPRO,,2026-08-14,1920x1080,30.0,9.47,data/video/2026-08-14_WC_GERvsMEX_GoPro_9676542/Wide - Clip 041.mp4,1d3bd598844d3981080bcd9b671161ba60f3b451613a707ea2b054c18f3f95a2,"Hudl-Re-Encode Playlist 9676542 / Clip pro Play / Kandidat game_id ifaf-ffwc26-wa1 (Freigabe Verband 2026-08-31 / Sichtung 2026-08-31: Brauchbar) / Perspektive: Hinterfeld-/Endzone-Ansicht von hinten, nicht Seitenansicht (Geometrie-Korrektur 2026-09-01, siehe docs/material-sighting.md)"
sideline,2026-08-14_WC-GER-vs-MEX-GOPRO,,2026-08-14,1920x1080,30.0,22.67,data/video/2026-08-14_WC_GERvsMEX_GoPro_9676542/Wide - Clip 042.mp4,e621846585596e6aeb46a44acedcb725bf2bdae1597b70f7e68bcd7b4d95fe24,"Hudl-Re-Encode Playlist 9676542 / Clip pro Play / Kandidat game_id ifaf-ffwc26-wa1 (Freigabe Verband 2026-08-31 / Sichtung 2026-08-31: Brauchbar) / Perspektive: Hinterfeld-/Endzone-Ansicht von hinten, nicht Seitenansicht (Geometrie-Korrektur 2026-09-01, siehe docs/material-sighting.md)"
sideline,2026-08-14_WC-GER-vs-MEX-GOPRO,,2026-08-14,1920x1080,30.0,17.8,data/video/2026-08-14_WC_GERvsMEX_GoPro_9676542/Wide - Clip 043.mp4,84c5d9a1d7737304eb3ccc91a163c2f49fa4704414c8c735f0c1781e1d1c4161,"Hudl-Re-Encode Playlist 9676542 / Clip pro Play / Kandidat game_id ifaf-ffwc26-wa1 (Freigabe Verband 2026-08-31 / Sichtung 2026-08-31: Brauchbar) / Perspektive: Hinterfeld-/Endzone-Ansicht von hinten, nicht Seitenansicht (Geometrie-Korrektur 2026-09-01, siehe docs/material-sighting.md)"
sideline,2026-08-14_WC-GER-vs-MEX-GOPRO,,2026-08-14,1920x1080,30.0,19.0,data/video/2026-08-14_WC_GERvsMEX_GoPro_9676542/Wide - Clip 044.mp4,281f0f730e8a04eb6752ef03cace269beec6a8f0fd461f5fa48f9f36086d8950,"Hudl-Re-Encode Playlist 9676542 / Clip pro Play / Kandidat game_id ifaf-ffwc26-wa1 (Freigabe Verband 2026-08-31 / Sichtung 2026-08-31: Brauchbar) / Perspektive: Hinterfeld-/Endzone-Ansicht von hinten, nicht Seitenansicht (Geometrie-Korrektur 2026-09-01, siehe docs/material-sighting.md)"
sideline,2026-08-14_WC-GER-vs-MEX-GOPRO,,2026-08-14,1920x1080,30.0,9.63,data/video/2026-08-14_WC_GERvsMEX_GoPro_9676542/Wide - Clip 045.mp4,4ada4425ec6685db246bab58d21be6e4c582430086c30bd06af98c53cbc0ce65,"Hudl-Re-Encode Playlist 9676542 / Clip pro Play / Kandidat game_id ifaf-ffwc26-wa1 (Freigabe Verband 2026-08-31 / Sichtung 2026-08-31: Brauchbar) / Perspektive: Hinterfeld-/Endzone-Ansicht von hinten, nicht Seitenansicht (Geometrie-Korrektur 2026-09-01, siehe docs/material-sighting.md)"
sideline,2026-08-14_WC-GER-vs-MEX-GOPRO,,2026-08-14,1920x1080,30.0,7.67,data/video/2026-08-14_WC_GERvsMEX_GoPro_9676542/Wide - Clip 046.mp4,eb8fd2b8b65e1bfb936fe73e560fb0ca0956368b40f28e047a5c929681a2a0a3,"Hudl-Re-Encode Playlist 9676542 / Clip pro Play / Kandidat game_id ifaf-ffwc26-wa1 (Freigabe Verband 2026-08-31 / Sichtung 2026-08-31: Brauchbar) / Perspektive: Hinterfeld-/Endzone-Ansicht von hinten, nicht Seitenansicht (Geometrie-Korrektur 2026-09-01, siehe docs/material-sighting.md)"
sideline,2026-08-14_WC-GER-vs-MEX-GOPRO,,2026-08-14,1920x1080,30.0,11.5,data/video/2026-08-14_WC_GERvsMEX_GoPro_9676542/Wide - Clip 047.mp4,f6f9aa87ffbde9ad7d776d60f4fbd3b9df8afb333cbff6ece6277761ce8ccb23,"Hudl-Re-Encode Playlist 9676542 / Clip pro Play / Kandidat game_id ifaf-ffwc26-wa1 (Freigabe Verband 2026-08-31 / Sichtung 2026-08-31: Brauchbar) / Perspektive: Hinterfeld-/Endzone-Ansicht von hinten, nicht Seitenansicht (Geometrie-Korrektur 2026-09-01, siehe docs/material-sighting.md)"
sideline,2026-08-14_WC-GER-vs-MEX-GOPRO,,2026-08-14,1920x1080,30.0,11.0,data/video/2026-08-14_WC_GERvsMEX_GoPro_9676542/Wide - Clip 048.mp4,0a0cd0450bf431dfe584d2d58a1a57fb166cd1f9f58d9fd4f4429c4945f476de,"Hudl-Re-Encode Playlist 9676542 / Clip pro Play / Kandidat game_id ifaf-ffwc26-wa1 (Freigabe Verband 2026-08-31 / Sichtung 2026-08-31: Brauchbar) / Perspektive: Hinterfeld-/Endzone-Ansicht von hinten, nicht Seitenansicht (Geometrie-Korrektur 2026-09-01, siehe docs/material-sighting.md)"
sideline,2026-08-14_WC-GER-vs-MEX-GOPRO,,2026-08-14,1920x1080,30.0,9.2,data/video/2026-08-14_WC_GERvsMEX_GoPro_9676542/Wide - Clip 049.mp4,232a1642f9c77700c456789d6d8534cfcdf13c82b65d7b40235eb498c064724b,"Hudl-Re-Encode Playlist 9676542 / Clip pro Play / Kandidat game_id ifaf-ffwc26-wa1 (Freigabe Verband 2026-08-31 / Sichtung 2026-08-31: Brauchbar) / Perspektive: Hinterfeld-/Endzone-Ansicht von hinten, nicht Seitenansicht (Geometrie-Korrektur 2026-09-01, siehe docs/material-sighting.md)"
sideline,2026-08-14_WC-GER-vs-MEX-GOPRO,,2026-08-14,1920x1080,30.0,10.53,data/video/2026-08-14_WC_GERvsMEX_GoPro_9676542/Wide - Clip 050.mp4,7722d71440b46e1e27bae6957ce1d440d6f9f3047d2f66255aac40bc54cbf1dc,"Hudl-Re-Encode Playlist 9676542 / Clip pro Play / Kandidat game_id ifaf-ffwc26-wa1 (Freigabe Verband 2026-08-31 / Sichtung 2026-08-31: Brauchbar) / Perspektive: Hinterfeld-/Endzone-Ansicht von hinten, nicht Seitenansicht (Geometrie-Korrektur 2026-09-01, siehe docs/material-sighting.md)"
sideline,2026-08-14_WC-GER-vs-MEX-GOPRO,,2026-08-14,1920x1080,30.0,15.23,data/video/2026-08-14_WC_GERvsMEX_GoPro_9676542/Wide - Clip 051.mp4,602eb5376f1571a5340622fbca4d91dc00d9d51fc972c1d11685bd7733d740c4,"Hudl-Re-Encode Playlist 9676542 / Clip pro Play / Kandidat game_id ifaf-ffwc26-wa1 (Freigabe Verband 2026-08-31 / Sichtung 2026-08-31: Brauchbar) / Perspektive: Hinterfeld-/Endzone-Ansicht von hinten, nicht Seitenansicht (Geometrie-Korrektur 2026-09-01, siehe docs/material-sighting.md)"
sideline,2026-08-14_WC-GER-vs-MEX-GOPRO,,2026-08-14,1920x1080,30.0,9.33,data/video/2026-08-14_WC_GERvsMEX_GoPro_9676542/Wide - Clip 052.mp4,7ea8caf6416886011f66621c93a431207d145c99dc589997eea16db281e9e376,"Hudl-Re-Encode Playlist 9676542 / Clip pro Play / Kandidat game_id ifaf-ffwc26-wa1 (Freigabe Verband 2026-08-31 / Sichtung 2026-08-31: Brauchbar) / Perspektive: Hinterfeld-/Endzone-Ansicht von hinten, nicht Seitenansicht (Geometrie-Korrektur 2026-09-01, siehe docs/material-sighting.md)"
sideline,2026-08-14_WC-GER-vs-MEX-GOPRO,,2026-08-14,1920x1080,30.0,18.47,data/video/2026-08-14_WC_GERvsMEX_GoPro_9676542/Wide - Clip 053.mp4,c1a8e5c10d117f0f6957fbbb13c33cd9b659725d1462fe846e8bff96e34f6836,"Hudl-Re-Encode Playlist 9676542 / Clip pro Play / Kandidat game_id ifaf-ffwc26-wa1 (Freigabe Verband 2026-08-31 / Sichtung 2026-08-31: Brauchbar) / Perspektive: Hinterfeld-/Endzone-Ansicht von hinten, nicht Seitenansicht (Geometrie-Korrektur 2026-09-01, siehe docs/material-sighting.md)"
sideline,2026-08-14_WC-GER-vs-MEX-GOPRO,,2026-08-14,1920x1080,30.0,12.47,data/video/2026-08-14_WC_GERvsMEX_GoPro_9676542/Wide - Clip 054.mp4,f85e9736bdf4f33c2153147a3eaf51042e30e0a8aaf35a2edd85dc39051a2eb2,"Hudl-Re-Encode Playlist 9676542 / Clip pro Play / Kandidat game_id ifaf-ffwc26-wa1 (Freigabe Verband 2026-08-31 / Sichtung 2026-08-31: Brauchbar) / Perspektive: Hinterfeld-/Endzone-Ansicht von hinten, nicht Seitenansicht (Geometrie-Korrektur 2026-09-01, siehe docs/material-sighting.md)"
sideline,2026-08-14_WC-GER-vs-MEX-GOPRO,,2026-08-14,1920x1080,30.0,5.0,data/video/2026-08-14_WC_GERvsMEX_GoPro_9676542/Wide - Clip 055.mp4,ba3eace254847a51d2870d13e53f9bae8edd815d3ae6b8e6cb876f22b7ae2442,"Hudl-Re-Encode Playlist 9676542 / Clip pro Play / Kandidat game_id ifaf-ffwc26-wa1 (Freigabe Verband 2026-08-31 / Sichtung 2026-08-31: Brauchbar) / Perspektive: Hinterfeld-/Endzone-Ansicht von hinten, nicht Seitenansicht (Geometrie-Korrektur 2026-09-01, siehe docs/material-sighting.md)"
sideline,2026-08-14_WC-GER-vs-MEX-GOPRO,,2026-08-14,1920x1080,30.0,9.23,data/video/2026-08-14_WC_GERvsMEX_GoPro_9676542/Wide - Clip 056.mp4,94d35f42a0cc7431c6dac7e09784be72f42ec69803e3683455fd8c63197e2ff3,"Hudl-Re-Encode Playlist 9676542 / Clip pro Play / Kandidat game_id ifaf-ffwc26-wa1 (Freigabe Verband 2026-08-31 / Sichtung 2026-08-31: Brauchbar) / Perspektive: Hinterfeld-/Endzone-Ansicht von hinten, nicht Seitenansicht (Geometrie-Korrektur 2026-09-01, siehe docs/material-sighting.md)"
sideline,2026-08-14_WC-GER-vs-MEX-GOPRO,,2026-08-14,1920x1080,30.0,0.57,data/video/2026-08-14_WC_GERvsMEX_GoPro_9676542/Wide - Clip 057.mp4,e7931fcf25d5882104a2ff3e5c4c4e665334d3c234db460516455e24b4346592,"Hudl-Re-Encode Playlist 9676542 / Clip pro Play / Kandidat game_id ifaf-ffwc26-wa1 (Freigabe Verband 2026-08-31 / Sichtung 2026-08-31: Brauchbar) / Perspektive: Hinterfeld-/Endzone-Ansicht von hinten, nicht Seitenansicht (Geometrie-Korrektur 2026-09-01, siehe docs/material-sighting.md)"
sideline,2026-08-14_WC-GER-vs-MEX-GOPRO,,2026-08-14,1920x1080,30.0,11.43,data/video/2026-08-14_WC_GERvsMEX_GoPro_9676542/Wide - Clip 058.mp4,4d27ea0fe6dff17142fb2672d84a65be422efbbdccd6aa8564a603699aee5b7f,"Hudl-Re-Encode Playlist 9676542 / Clip pro Play / Kandidat game_id ifaf-ffwc26-wa1 (Freigabe Verband 2026-08-31 / Sichtung 2026-08-31: Brauchbar) / Perspektive: Hinterfeld-/Endzone-Ansicht von hinten, nicht Seitenansicht (Geometrie-Korrektur 2026-09-01, siehe docs/material-sighting.md)"
sideline,2026-08-14_WC-GER-vs-MEX-GOPRO,,2026-08-14,1920x1080,30.0,8.7,data/video/2026-08-14_WC_GERvsMEX_GoPro_9676542/Wide - Clip 059.mp4,b4701ea510ab5f384d8354b3d3489fabd75357370e7cc21a98f4d61467b6ae34,"Hudl-Re-Encode Playlist 9676542 / Clip pro Play / Kandidat game_id ifaf-ffwc26-wa1 (Freigabe Verband 2026-08-31 / Sichtung 2026-08-31: Brauchbar) / Perspektive: Hinterfeld-/Endzone-Ansicht von hinten, nicht Seitenansicht (Geometrie-Korrektur 2026-09-01, siehe docs/material-sighting.md)"
sideline,2026-08-14_WC-GER-vs-MEX-GOPRO,,2026-08-14,1920x1080,30.0,28.1,data/video/2026-08-14_WC_GERvsMEX_GoPro_9676542/Wide - Clip 060.mp4,b09e348a89ad3feb405fdfb2193c7abf1b19eebcd4dbdcd3362aea8705ed4616,"Hudl-Re-Encode Playlist 9676542 / Clip pro Play / Kandidat game_id ifaf-ffwc26-wa1 (Freigabe Verband 2026-08-31 / Sichtung 2026-08-31: Brauchbar) / Perspektive: Hinterfeld-/Endzone-Ansicht von hinten, nicht Seitenansicht (Geometrie-Korrektur 2026-09-01, siehe docs/material-sighting.md)"
broadcast,2026-08-14_WC-USA-vs-AUS-TV,,2026-08-14,1920x1080,30.0,5.83,data/video/2026-08-14_WC_USAvsAUS_TV_9676543/Wide - Clip 001.mp4,329476b1e04f082d6361c00d40040b414052572d0b82e3bc4e69019340a0b2e5,Hudl-Re-Encode Playlist 9676543 / Clip pro Play / Fremdmaterial nur registriert / Kandidat game_id ifaf-ffwc26-wb1 (Freigabe Verband 2026-08-31 / Sichtung 2026-08-31: Brauchbar)
broadcast,2026-08-14_WC-USA-vs-AUS-TV,,2026-08-14,1920x1080,30.0,15.37,data/video/2026-08-14_WC_USAvsAUS_TV_9676543/Wide - Clip 002.mp4,ef6505984eae835bc565a4c2dd46e4059d93befc74afefdd760053e78ad9f269,Hudl-Re-Encode Playlist 9676543 / Clip pro Play / Fremdmaterial nur registriert / Kandidat game_id ifaf-ffwc26-wb1 (Freigabe Verband 2026-08-31 / Sichtung 2026-08-31: Brauchbar)
broadcast,2026-08-14_WC-USA-vs-AUS-TV,,2026-08-14,1920x1080,30.0,13.57,data/video/2026-08-14_WC_USAvsAUS_TV_9676543/Wide - Clip 003.mp4,97ae5879d5f362c1efc3f7435b666d29d6e891ce247afb360b22f2eb3a8bd9b9,Hudl-Re-Encode Playlist 9676543 / Clip pro Play / Fremdmaterial nur registriert / Kandidat game_id ifaf-ffwc26-wb1 (Freigabe Verband 2026-08-31 / Sichtung 2026-08-31: Brauchbar)
broadcast,2026-08-14_WC-USA-vs-AUS-TV,,2026-08-14,1920x1080,30.0,8.97,data/video/2026-08-14_WC_USAvsAUS_TV_9676543/Wide - Clip 004.mp4,516241f8f6a41cac0c2190b5c24dd96c0bb4f5c23128b870a9e3260ba59c5bcb,Hudl-Re-Encode Playlist 9676543 / Clip pro Play / Fremdmaterial nur registriert / Kandidat game_id ifaf-ffwc26-wb1 (Freigabe Verband 2026-08-31 / Sichtung 2026-08-31: Brauchbar)
broadcast,2026-08-14_WC-USA-vs-AUS-TV,,2026-08-14,1920x1080,30.0,13.57,data/video/2026-08-14_WC_USAvsAUS_TV_9676543/Wide - Clip 005.mp4,688ebdd3849b373d4d6e98612e3bd0e6530698066efbac73afa954545a90e56d,Hudl-Re-Encode Playlist 9676543 / Clip pro Play / Fremdmaterial nur registriert / Kandidat game_id ifaf-ffwc26-wb1 (Freigabe Verband 2026-08-31 / Sichtung 2026-08-31: Brauchbar)
broadcast,2026-08-14_WC-USA-vs-AUS-TV,,2026-08-14,1920x1080,30.0,11.27,data/video/2026-08-14_WC_USAvsAUS_TV_9676543/Wide - Clip 006.mp4,d8f95ec1a17dcc41be8d4414bb6eb8dcf0adf781a36f6a54ee9148306240b366,Hudl-Re-Encode Playlist 9676543 / Clip pro Play / Fremdmaterial nur registriert / Kandidat game_id ifaf-ffwc26-wb1 (Freigabe Verband 2026-08-31 / Sichtung 2026-08-31: Brauchbar)
broadcast,2026-08-14_WC-USA-vs-AUS-TV,,2026-08-14,1920x1080,30.0,11.67,data/video/2026-08-14_WC_USAvsAUS_TV_9676543/Wide - Clip 007.mp4,d79a0e11f55f1bb96504ddfe3e00071db84c6ca3c6b2b042d60e7a71b5558725,Hudl-Re-Encode Playlist 9676543 / Clip pro Play / Fremdmaterial nur registriert / Kandidat game_id ifaf-ffwc26-wb1 (Freigabe Verband 2026-08-31 / Sichtung 2026-08-31: Brauchbar)
broadcast,2026-08-14_WC-USA-vs-AUS-TV,,2026-08-14,1920x1080,30.0,13.67,data/video/2026-08-14_WC_USAvsAUS_TV_9676543/Wide - Clip 008.mp4,3a4db55993f6412e110bf1c4d33dffd71645221047016537afe41dfefcbf6f33,Hudl-Re-Encode Playlist 9676543 / Clip pro Play / Fremdmaterial nur registriert / Kandidat game_id ifaf-ffwc26-wb1 (Freigabe Verband 2026-08-31 / Sichtung 2026-08-31: Brauchbar)
broadcast,2026-08-14_WC-USA-vs-AUS-TV,,2026-08-14,1920x1080,30.0,15.67,data/video/2026-08-14_WC_USAvsAUS_TV_9676543/Wide - Clip 009.mp4,3cc53c1bfa9b1f41ac72e03048120f416c1d08f5f39bce40b72ba1252b0c9232,Hudl-Re-Encode Playlist 9676543 / Clip pro Play / Fremdmaterial nur registriert / Kandidat game_id ifaf-ffwc26-wb1 (Freigabe Verband 2026-08-31 / Sichtung 2026-08-31: Brauchbar)
broadcast,2026-08-14_WC-USA-vs-AUS-TV,,2026-08-14,1920x1080,30.0,11.77,data/video/2026-08-14_WC_USAvsAUS_TV_9676543/Wide - Clip 010.mp4,2b48e168e23ebdaba270e3501e0ee783837786791de971a7a517230e6b201bcc,Hudl-Re-Encode Playlist 9676543 / Clip pro Play / Fremdmaterial nur registriert / Kandidat game_id ifaf-ffwc26-wb1 (Freigabe Verband 2026-08-31 / Sichtung 2026-08-31: Brauchbar)
broadcast,2026-08-14_WC-USA-vs-AUS-TV,,2026-08-14,1920x1080,30.0,11.17,data/video/2026-08-14_WC_USAvsAUS_TV_9676543/Wide - Clip 011.mp4,4f8acbbf1e2555dc69409bc96d574c5a6e4432dbd13ae5a43c4548778a545f46,Hudl-Re-Encode Playlist 9676543 / Clip pro Play / Fremdmaterial nur registriert / Kandidat game_id ifaf-ffwc26-wb1 (Freigabe Verband 2026-08-31 / Sichtung 2026-08-31: Brauchbar)
broadcast,2026-08-14_WC-USA-vs-AUS-TV,,2026-08-14,1920x1080,30.0,7.63,data/video/2026-08-14_WC_USAvsAUS_TV_9676543/Wide - Clip 012.mp4,dbb442830671c58e034aa71cc7fb58b5e1e88223c3bbb6f5876f7c9184c23b14,Hudl-Re-Encode Playlist 9676543 / Clip pro Play / Fremdmaterial nur registriert / Kandidat game_id ifaf-ffwc26-wb1 (Freigabe Verband 2026-08-31 / Sichtung 2026-08-31: Brauchbar)
broadcast,2026-08-14_WC-USA-vs-AUS-TV,,2026-08-14,1920x1080,30.0,13.47,data/video/2026-08-14_WC_USAvsAUS_TV_9676543/Wide - Clip 013.mp4,432643893b2867ee904692c22092fa6d88f99429850f0357e3c83b650aa3b05e,Hudl-Re-Encode Playlist 9676543 / Clip pro Play / Fremdmaterial nur registriert / Kandidat game_id ifaf-ffwc26-wb1 (Freigabe Verband 2026-08-31 / Sichtung 2026-08-31: Brauchbar)
broadcast,2026-08-14_WC-USA-vs-AUS-TV,,2026-08-14,1920x1080,30.0,15.37,data/video/2026-08-14_WC_USAvsAUS_TV_9676543/Wide - Clip 014.mp4,4e1af1fcb5d043e91e8e4f97414592fa2942ae112ca8daf3d3b407d9142b26c5,Hudl-Re-Encode Playlist 9676543 / Clip pro Play / Fremdmaterial nur registriert / Kandidat game_id ifaf-ffwc26-wb1 (Freigabe Verband 2026-08-31 / Sichtung 2026-08-31: Brauchbar)
broadcast,2026-08-14_WC-USA-vs-AUS-TV,,2026-08-14,1920x1080,30.0,12.17,data/video/2026-08-14_WC_USAvsAUS_TV_9676543/Wide - Clip 015.mp4,bd6ee218113888663c1936dde397e135ffe4142bfc1f844d5b1a11f05adcdc48,Hudl-Re-Encode Playlist 9676543 / Clip pro Play / Fremdmaterial nur registriert / Kandidat game_id ifaf-ffwc26-wb1 (Freigabe Verband 2026-08-31 / Sichtung 2026-08-31: Brauchbar)
broadcast,2026-08-14_WC-USA-vs-AUS-TV,,2026-08-14,1920x1080,30.0,18.1,data/video/2026-08-14_WC_USAvsAUS_TV_9676543/Wide - Clip 016.mp4,22337af6c0cda42b1eb4bc05cb796b21ce763b98bccc3cc7fa6035fb6093a9ef,Hudl-Re-Encode Playlist 9676543 / Clip pro Play / Fremdmaterial nur registriert / Kandidat game_id ifaf-ffwc26-wb1 (Freigabe Verband 2026-08-31 / Sichtung 2026-08-31: Brauchbar)
broadcast,2026-08-14_WC-USA-vs-AUS-TV,,2026-08-14,1920x1080,30.0,14.47,data/video/2026-08-14_WC_USAvsAUS_TV_9676543/Wide - Clip 017.mp4,f36e54865015dded3484156d276b316fa4ed459512ea08fb12de4eca3b1babd6,Hudl-Re-Encode Playlist 9676543 / Clip pro Play / Fremdmaterial nur registriert / Kandidat game_id ifaf-ffwc26-wb1 (Freigabe Verband 2026-08-31 / Sichtung 2026-08-31: Brauchbar)
broadcast,2026-08-14_WC-USA-vs-AUS-TV,,2026-08-14,1920x1080,30.0,6.93,data/video/2026-08-14_WC_USAvsAUS_TV_9676543/Wide - Clip 018.mp4,f0a8c6a903ba5a59271413aad3d2f9b05b54e132fe897692b5e9661b6b7d100d,Hudl-Re-Encode Playlist 9676543 / Clip pro Play / Fremdmaterial nur registriert / Kandidat game_id ifaf-ffwc26-wb1 (Freigabe Verband 2026-08-31 / Sichtung 2026-08-31: Brauchbar)
broadcast,2026-08-14_WC-USA-vs-AUS-TV,,2026-08-14,1920x1080,30.0,16.07,data/video/2026-08-14_WC_USAvsAUS_TV_9676543/Wide - Clip 019.mp4,343e2534c63aeb2289f4d17db165c360b919d03f988e535837c670dc5f17caa1,Hudl-Re-Encode Playlist 9676543 / Clip pro Play / Fremdmaterial nur registriert / Kandidat game_id ifaf-ffwc26-wb1 (Freigabe Verband 2026-08-31 / Sichtung 2026-08-31: Brauchbar)
broadcast,2026-08-14_WC-USA-vs-AUS-TV,,2026-08-14,1920x1080,30.0,10.47,data/video/2026-08-14_WC_USAvsAUS_TV_9676543/Wide - Clip 020.mp4,e18a73ab3bc478fbfc4250f59d265ccd29adba1d79d838a76cfdb674b9ae8082,Hudl-Re-Encode Playlist 9676543 / Clip pro Play / Fremdmaterial nur registriert / Kandidat game_id ifaf-ffwc26-wb1 (Freigabe Verband 2026-08-31 / Sichtung 2026-08-31: Brauchbar)
broadcast,2026-08-14_WC-USA-vs-AUS-TV,,2026-08-14,1920x1080,30.0,11.67,data/video/2026-08-14_WC_USAvsAUS_TV_9676543/Wide - Clip 021.mp4,99a037058ca7507e0d9c3278b692e69e1746d12e0814101631683b5128391bca,Hudl-Re-Encode Playlist 9676543 / Clip pro Play / Fremdmaterial nur registriert / Kandidat game_id ifaf-ffwc26-wb1 (Freigabe Verband 2026-08-31 / Sichtung 2026-08-31: Brauchbar)
broadcast,2026-08-14_WC-USA-vs-AUS-TV,,2026-08-14,1920x1080,30.0,10.97,data/video/2026-08-14_WC_USAvsAUS_TV_9676543/Wide - Clip 022.mp4,df13a8b2eae2bc2db46157cd617001645718dbbf03c71ba3287be0880cd8ae73,Hudl-Re-Encode Playlist 9676543 / Clip pro Play / Fremdmaterial nur registriert / Kandidat game_id ifaf-ffwc26-wb1 (Freigabe Verband 2026-08-31 / Sichtung 2026-08-31: Brauchbar)
broadcast,2026-08-14_WC-USA-vs-AUS-TV,,2026-08-14,1920x1080,30.0,15.77,data/video/2026-08-14_WC_USAvsAUS_TV_9676543/Wide - Clip 023.mp4,ab8e4dc88485a647a8ec9740ec950a2e6face6daaeb0a12bdaa27ddd169e80a2,Hudl-Re-Encode Playlist 9676543 / Clip pro Play / Fremdmaterial nur registriert / Kandidat game_id ifaf-ffwc26-wb1 (Freigabe Verband 2026-08-31 / Sichtung 2026-08-31: Brauchbar)
broadcast,2026-08-14_WC-USA-vs-AUS-TV,,2026-08-14,1920x1080,30.0,19.3,data/video/2026-08-14_WC_USAvsAUS_TV_9676543/Wide - Clip 024.mp4,33151adf164537f373cbc0f2e70a60dfbabe65bdb5c4fc1f1165c479c1dafad7,Hudl-Re-Encode Playlist 9676543 / Clip pro Play / Fremdmaterial nur registriert / Kandidat game_id ifaf-ffwc26-wb1 (Freigabe Verband 2026-08-31 / Sichtung 2026-08-31: Brauchbar)
broadcast,2026-08-14_WC-USA-vs-AUS-TV,,2026-08-14,1920x1080,30.0,11.67,data/video/2026-08-14_WC_USAvsAUS_TV_9676543/Wide - Clip 025.mp4,e43b2d86329af92108ff4f5a1977bfd1873d0d2977955e2dbae06ba0db951460,Hudl-Re-Encode Playlist 9676543 / Clip pro Play / Fremdmaterial nur registriert / Kandidat game_id ifaf-ffwc26-wb1 (Freigabe Verband 2026-08-31 / Sichtung 2026-08-31: Brauchbar)
broadcast,2026-08-14_WC-USA-vs-AUS-TV,,2026-08-14,1920x1080,30.0,15.97,data/video/2026-08-14_WC_USAvsAUS_TV_9676543/Wide - Clip 026.mp4,5053e85fbc13648465bbf72fda14df6ad55c8a5b8e8865df9e49463c97645e16,Hudl-Re-Encode Playlist 9676543 / Clip pro Play / Fremdmaterial nur registriert / Kandidat game_id ifaf-ffwc26-wb1 (Freigabe Verband 2026-08-31 / Sichtung 2026-08-31: Brauchbar)
broadcast,2026-08-14_WC-USA-vs-AUS-TV,,2026-08-14,1920x1080,30.0,14.07,data/video/2026-08-14_WC_USAvsAUS_TV_9676543/Wide - Clip 027.mp4,60fc9d08a12b3d5cf78b03f7b3cd2cf98d5fe00aeafc7a8cfc91a441ee1e6d93,Hudl-Re-Encode Playlist 9676543 / Clip pro Play / Fremdmaterial nur registriert / Kandidat game_id ifaf-ffwc26-wb1 (Freigabe Verband 2026-08-31 / Sichtung 2026-08-31: Brauchbar)
broadcast,2026-08-14_WC-USA-vs-AUS-TV,,2026-08-14,1920x1080,30.0,12.47,data/video/2026-08-14_WC_USAvsAUS_TV_9676543/Wide - Clip 028.mp4,e5ff1633f1c5b905a07d89262db4485f69101aeb5b45b8a095da13dd2e0de1e4,Hudl-Re-Encode Playlist 9676543 / Clip pro Play / Fremdmaterial nur registriert / Kandidat game_id ifaf-ffwc26-wb1 (Freigabe Verband 2026-08-31 / Sichtung 2026-08-31: Brauchbar)
broadcast,2026-08-14_WC-USA-vs-AUS-TV,,2026-08-14,1920x1080,30.0,11.47,data/video/2026-08-14_WC_USAvsAUS_TV_9676543/Wide - Clip 029.mp4,20899531466de627e2a72ce2581324c422d5ffc891f91d4843409de509d24e1b,Hudl-Re-Encode Playlist 9676543 / Clip pro Play / Fremdmaterial nur registriert / Kandidat game_id ifaf-ffwc26-wb1 (Freigabe Verband 2026-08-31 / Sichtung 2026-08-31: Brauchbar)
broadcast,2026-08-14_WC-USA-vs-AUS-TV,,2026-08-14,1920x1080,30.0,12.07,data/video/2026-08-14_WC_USAvsAUS_TV_9676543/Wide - Clip 030.mp4,1cacb0732e7f9b0c4d8b0850cf5aeba381891bbf05d2d60018388bfbf5dae21e,Hudl-Re-Encode Playlist 9676543 / Clip pro Play / Fremdmaterial nur registriert / Kandidat game_id ifaf-ffwc26-wb1 (Freigabe Verband 2026-08-31 / Sichtung 2026-08-31: Brauchbar)
broadcast,2026-08-14_WC-USA-vs-AUS-TV,,2026-08-14,1920x1080,30.0,9.27,data/video/2026-08-14_WC_USAvsAUS_TV_9676543/Wide - Clip 031.mp4,3aa3ba24489298aacf2c9575560bcb5b25ffa23a0d6b51945fbb858b6c414123,Hudl-Re-Encode Playlist 9676543 / Clip pro Play / Fremdmaterial nur registriert / Kandidat game_id ifaf-ffwc26-wb1 (Freigabe Verband 2026-08-31 / Sichtung 2026-08-31: Brauchbar)
broadcast,2026-08-14_WC-USA-vs-AUS-TV,,2026-08-14,1920x1080,30.0,14.47,data/video/2026-08-14_WC_USAvsAUS_TV_9676543/Wide - Clip 032.mp4,c4a30c0a9ed9be4d486c5dd4ab2d098057fb7e67ce4343a9a9b85bea1d03f24b,Hudl-Re-Encode Playlist 9676543 / Clip pro Play / Fremdmaterial nur registriert / Kandidat game_id ifaf-ffwc26-wb1 (Freigabe Verband 2026-08-31 / Sichtung 2026-08-31: Brauchbar)
broadcast,2026-08-14_WC-USA-vs-AUS-TV,,2026-08-14,1920x1080,30.0,9.77,data/video/2026-08-14_WC_USAvsAUS_TV_9676543/Wide - Clip 033.mp4,ce0923c9777aa2a7542b2b9a41d4320bfe3c47265234b68aed6284758313545c,Hudl-Re-Encode Playlist 9676543 / Clip pro Play / Fremdmaterial nur registriert / Kandidat game_id ifaf-ffwc26-wb1 (Freigabe Verband 2026-08-31 / Sichtung 2026-08-31: Brauchbar)
broadcast,2026-08-14_WC-USA-vs-AUS-TV,,2026-08-14,1920x1080,30.0,13.17,data/video/2026-08-14_WC_USAvsAUS_TV_9676543/Wide - Clip 034.mp4,899a83e12e35cf861cc07fa03587bb758e018640770019fcdb7bb7ec00af2199,Hudl-Re-Encode Playlist 9676543 / Clip pro Play / Fremdmaterial nur registriert / Kandidat game_id ifaf-ffwc26-wb1 (Freigabe Verband 2026-08-31 / Sichtung 2026-08-31: Brauchbar)
broadcast,2026-08-14_WC-USA-vs-AUS-TV,,2026-08-14,1920x1080,30.0,9.97,data/video/2026-08-14_WC_USAvsAUS_TV_9676543/Wide - Clip 035.mp4,81f40fb7a30a72cc2c5a323eeaaaad3af9501f529fa3a9692490ea0ae59fa516,Hudl-Re-Encode Playlist 9676543 / Clip pro Play / Fremdmaterial nur registriert / Kandidat game_id ifaf-ffwc26-wb1 (Freigabe Verband 2026-08-31 / Sichtung 2026-08-31: Brauchbar)
broadcast,2026-08-14_WC-USA-vs-AUS-TV,,2026-08-14,1920x1080,30.0,8.97,data/video/2026-08-14_WC_USAvsAUS_TV_9676543/Wide - Clip 036.mp4,24bcaacd865df4fee031a40951a51c15da4df7136926700d36e8586ecef4131f,Hudl-Re-Encode Playlist 9676543 / Clip pro Play / Fremdmaterial nur registriert / Kandidat game_id ifaf-ffwc26-wb1 (Freigabe Verband 2026-08-31 / Sichtung 2026-08-31: Brauchbar)
broadcast,2026-08-14_WC-USA-vs-AUS-TV,,2026-08-14,1920x1080,30.0,12.17,data/video/2026-08-14_WC_USAvsAUS_TV_9676543/Wide - Clip 037.mp4,540f56ea4f319721a438ddf3eb1a2e1c35e34052c25ac209a9c9953a19b00b29,Hudl-Re-Encode Playlist 9676543 / Clip pro Play / Fremdmaterial nur registriert / Kandidat game_id ifaf-ffwc26-wb1 (Freigabe Verband 2026-08-31 / Sichtung 2026-08-31: Brauchbar)
broadcast,2026-08-14_WC-USA-vs-AUS-TV,,2026-08-14,1920x1080,30.0,6.83,data/video/2026-08-14_WC_USAvsAUS_TV_9676543/Wide - Clip 038.mp4,b615665c921f9309e03a44986d783cb309c26616093217c5e08c6cb3a5f44305,Hudl-Re-Encode Playlist 9676543 / Clip pro Play / Fremdmaterial nur registriert / Kandidat game_id ifaf-ffwc26-wb1 (Freigabe Verband 2026-08-31 / Sichtung 2026-08-31: Brauchbar)
broadcast,2026-08-14_WC-USA-vs-AUS-TV,,2026-08-14,1920x1080,30.0,15.57,data/video/2026-08-14_WC_USAvsAUS_TV_9676543/Wide - Clip 039.mp4,2f1466ce64c758ddcf4ed93af5c2e37c58e881556496b347a732325cc6d24ced,Hudl-Re-Encode Playlist 9676543 / Clip pro Play / Fremdmaterial nur registriert / Kandidat game_id ifaf-ffwc26-wb1 (Freigabe Verband 2026-08-31 / Sichtung 2026-08-31: Brauchbar)
broadcast,2026-08-14_WC-USA-vs-AUS-TV,,2026-08-14,1920x1080,30.0,11.97,data/video/2026-08-14_WC_USAvsAUS_TV_9676543/Wide - Clip 040.mp4,a99376c909af0e0257192470341f8ec7c0286a18bba79a478563ed45ac2ab2cc,Hudl-Re-Encode Playlist 9676543 / Clip pro Play / Fremdmaterial nur registriert / Kandidat game_id ifaf-ffwc26-wb1 (Freigabe Verband 2026-08-31 / Sichtung 2026-08-31: Brauchbar)
broadcast,2026-08-14_WC-USA-vs-AUS-TV,,2026-08-14,1920x1080,30.0,9.47,data/video/2026-08-14_WC_USAvsAUS_TV_9676543/Wide - Clip 041.mp4,b6f3e1fe0398fb20b7621e765fc715ad2af148a1dd6fde3c791634a0e5618a7a,Hudl-Re-Encode Playlist 9676543 / Clip pro Play / Fremdmaterial nur registriert / Kandidat game_id ifaf-ffwc26-wb1 (Freigabe Verband 2026-08-31 / Sichtung 2026-08-31: Brauchbar)
broadcast,2026-08-14_WC-USA-vs-AUS-TV,,2026-08-14,1920x1080,30.0,15.07,data/video/2026-08-14_WC_USAvsAUS_TV_9676543/Wide - Clip 042.mp4,6b747d3acbc12478f0910b3f9faf4cb291d74cc5bae2fb189bcc189db0628805,Hudl-Re-Encode Playlist 9676543 / Clip pro Play / Fremdmaterial nur registriert / Kandidat game_id ifaf-ffwc26-wb1 (Freigabe Verband 2026-08-31 / Sichtung 2026-08-31: Brauchbar)
broadcast,2026-08-14_WC-USA-vs-AUS-TV,,2026-08-14,1920x1080,30.0,9.57,data/video/2026-08-14_WC_USAvsAUS_TV_9676543/Wide - Clip 043.mp4,db244770c6c85fc271a7232cec08a2e5dc25d5aa75780d47a4a94f2a7d357929,Hudl-Re-Encode Playlist 9676543 / Clip pro Play / Fremdmaterial nur registriert / Kandidat game_id ifaf-ffwc26-wb1 (Freigabe Verband 2026-08-31 / Sichtung 2026-08-31: Brauchbar)
broadcast,2026-08-14_WC-USA-vs-AUS-TV,,2026-08-14,1920x1080,30.0,10.07,data/video/2026-08-14_WC_USAvsAUS_TV_9676543/Wide - Clip 044.mp4,ca04bce3ff19d4a2f2182261aa26e3493b44f867e144a1f81b1715e4cdd71678,Hudl-Re-Encode Playlist 9676543 / Clip pro Play / Fremdmaterial nur registriert / Kandidat game_id ifaf-ffwc26-wb1 (Freigabe Verband 2026-08-31 / Sichtung 2026-08-31: Brauchbar)
broadcast,2026-08-14_WC-USA-vs-AUS-TV,,2026-08-14,1920x1080,30.0,10.57,data/video/2026-08-14_WC_USAvsAUS_TV_9676543/Wide - Clip 045.mp4,fb4ce8b000a4afd18fc0a16fac9155e32b23790a93342cc9c0ecd2883143869f,Hudl-Re-Encode Playlist 9676543 / Clip pro Play / Fremdmaterial nur registriert / Kandidat game_id ifaf-ffwc26-wb1 (Freigabe Verband 2026-08-31 / Sichtung 2026-08-31: Brauchbar)
broadcast,2026-08-14_WC-USA-vs-AUS-TV,,2026-08-14,1920x1080,30.0,9.77,data/video/2026-08-14_WC_USAvsAUS_TV_9676543/Wide - Clip 046.mp4,e00a0bba9a6e6ab83e62b853e5c93694ede7b41f4349d87efb884d6686cfa9f6,Hudl-Re-Encode Playlist 9676543 / Clip pro Play / Fremdmaterial nur registriert / Kandidat game_id ifaf-ffwc26-wb1 (Freigabe Verband 2026-08-31 / Sichtung 2026-08-31: Brauchbar)
broadcast,2026-08-14_WC-USA-vs-AUS-TV,,2026-08-14,1920x1080,30.0,11.27,data/video/2026-08-14_WC_USAvsAUS_TV_9676543/Wide - Clip 047.mp4,6b63c67a0701ada33caa29157b2c72d55697fce438d48ebd5d397f81b71d5823,Hudl-Re-Encode Playlist 9676543 / Clip pro Play / Fremdmaterial nur registriert / Kandidat game_id ifaf-ffwc26-wb1 (Freigabe Verband 2026-08-31 / Sichtung 2026-08-31: Brauchbar)
broadcast,2026-08-14_WC-USA-vs-AUS-TV,,2026-08-14,1920x1080,30.0,22.9,data/video/2026-08-14_WC_USAvsAUS_TV_9676543/Wide - Clip 048.mp4,14617db6f6aa2baeb839f146ac0c8baba5f0d1f125444789a96dbad05f7776e4,Hudl-Re-Encode Playlist 9676543 / Clip pro Play / Fremdmaterial nur registriert / Kandidat game_id ifaf-ffwc26-wb1 (Freigabe Verband 2026-08-31 / Sichtung 2026-08-31: Brauchbar)
broadcast,2026-08-14_WC-USA-vs-AUS-TV,,2026-08-14,1920x1080,30.0,14.27,data/video/2026-08-14_WC_USAvsAUS_TV_9676543/Wide - Clip 049.mp4,0764eca080e7c3adedf6e1c3b504cb0cb8c800dfa592b0c38e1bd66b97600845,Hudl-Re-Encode Playlist 9676543 / Clip pro Play / Fremdmaterial nur registriert / Kandidat game_id ifaf-ffwc26-wb1 (Freigabe Verband 2026-08-31 / Sichtung 2026-08-31: Brauchbar)
broadcast,2026-08-14_WC-USA-vs-AUS-TV,,2026-08-14,1920x1080,30.0,10.77,data/video/2026-08-14_WC_USAvsAUS_TV_9676543/Wide - Clip 050.mp4,58b54cf0f592a013e58fe3804b2b83320a37a257c703b46c1d4332ca3aefbce7,Hudl-Re-Encode Playlist 9676543 / Clip pro Play / Fremdmaterial nur registriert / Kandidat game_id ifaf-ffwc26-wb1 (Freigabe Verband 2026-08-31 / Sichtung 2026-08-31: Brauchbar)
broadcast,2026-08-14_WC-USA-vs-AUS-TV,,2026-08-14,1920x1080,30.0,14.37,data/video/2026-08-14_WC_USAvsAUS_TV_9676543/Wide - Clip 051.mp4,4bf2944a9ca6087d11c99eedf873a003fdc938ee0087bda90ce01551fc1240de,Hudl-Re-Encode Playlist 9676543 / Clip pro Play / Fremdmaterial nur registriert / Kandidat game_id ifaf-ffwc26-wb1 (Freigabe Verband 2026-08-31 / Sichtung 2026-08-31: Brauchbar)
drone,2026-01-03_TRAININGCAMP-GER-vs-GER-DRONE-WIDE,,2026-01-03,1920x1080,30.0,8.67,data/video/2026-01-03_TrainingCamp_GERvsGER_Drone_9711289/Wide - Clip 001.mp4,67a36a9b38355f09575c2256bbed91a9ccfdc5a9225398e071614422cb309a47,"Hudl-Re-Encode Playlist 9711289 / Clip pro Play / Trainingslager GER vs GER, kein Gegner-Spiel, 30 Spielzuege lt. Breakdown (< 40, zaehlt nicht fuer DATA-01) / Winkel-Label 'Wide' -- Session nach Hudl-Winkel-Label aufgeteilt (identische Clip-Nummern 001-030 parallel unter Label 'End Zone' vorhanden, zwei simultane Kamera-Feeds derselben 30 Spielzuege, siehe docs/material-sighting.md) / Freigabe Verband 2026-08-31 / neu registriert 2026-09-02 / Hudl-Breakdown vorhanden -> PBP-Join moeglich (Sheet1, 30 Zeilen)"
drone,2026-01-03_TRAININGCAMP-GER-vs-GER-DRONE-WIDE,,2026-01-03,1920x1080,30.0,13.03,data/video/2026-01-03_TrainingCamp_GERvsGER_Drone_9711289/Wide - Clip 002.mp4,090f02ae84e0f8691023b4baa86495701bf7c259fd5629e835334d929e8094d9,"Hudl-Re-Encode Playlist 9711289 / Clip pro Play / Trainingslager GER vs GER, kein Gegner-Spiel, 30 Spielzuege lt. Breakdown (< 40, zaehlt nicht fuer DATA-01) / Winkel-Label 'Wide' -- Session nach Hudl-Winkel-Label aufgeteilt (identische Clip-Nummern 001-030 parallel unter Label 'End Zone' vorhanden, zwei simultane Kamera-Feeds derselben 30 Spielzuege, siehe docs/material-sighting.md) / Freigabe Verband 2026-08-31 / neu registriert 2026-09-02 / Hudl-Breakdown vorhanden -> PBP-Join moeglich (Sheet1, 30 Zeilen)"
drone,2026-01-03_TRAININGCAMP-GER-vs-GER-DRONE-WIDE,,2026-01-03,1920x1080,30.0,11.57,data/video/2026-01-03_TrainingCamp_GERvsGER_Drone_9711289/Wide - Clip 003.mp4,048a0d59fd147843dd7cb4057f53a46bf9344cafaa7d88251dde1eb4a104f782,"Hudl-Re-Encode Playlist 9711289 / Clip pro Play / Trainingslager GER vs GER, kein Gegner-Spiel, 30 Spielzuege lt. Breakdown (< 40, zaehlt nicht fuer DATA-01) / Winkel-Label 'Wide' -- Session nach Hudl-Winkel-Label aufgeteilt (identische Clip-Nummern 001-030 parallel unter Label 'End Zone' vorhanden, zwei simultane Kamera-Feeds derselben 30 Spielzuege, siehe docs/material-sighting.md) / Freigabe Verband 2026-08-31 / neu registriert 2026-09-02 / Hudl-Breakdown vorhanden -> PBP-Join moeglich (Sheet1, 30 Zeilen)"
drone,2026-01-03_TRAININGCAMP-GER-vs-GER-DRONE-WIDE,,2026-01-03,1920x1080,30.0,17.07,data/video/2026-01-03_TrainingCamp_GERvsGER_Drone_9711289/Wide - Clip 004.mp4,70897813de13462398dda911ada6576249cce4379b0f648fa51e0e69ed707b00,"Hudl-Re-Encode Playlist 9711289 / Clip pro Play / Trainingslager GER vs GER, kein Gegner-Spiel, 30 Spielzuege lt. Breakdown (< 40, zaehlt nicht fuer DATA-01) / Winkel-Label 'Wide' -- Session nach Hudl-Winkel-Label aufgeteilt (identische Clip-Nummern 001-030 parallel unter Label 'End Zone' vorhanden, zwei simultane Kamera-Feeds derselben 30 Spielzuege, siehe docs/material-sighting.md) / Freigabe Verband 2026-08-31 / neu registriert 2026-09-02 / Hudl-Breakdown vorhanden -> PBP-Join moeglich (Sheet1, 30 Zeilen)"
drone,2026-01-03_TRAININGCAMP-GER-vs-GER-DRONE-WIDE,,2026-01-03,1920x1080,30.0,15.7,data/video/2026-01-03_TrainingCamp_GERvsGER_Drone_9711289/Wide - Clip 005.mp4,13f2d589c31320486dadd3cdd05bd61b440076a960c753eee16bb95312f46bc3,"Hudl-Re-Encode Playlist 9711289 / Clip pro Play / Trainingslager GER vs GER, kein Gegner-Spiel, 30 Spielzuege lt. Breakdown (< 40, zaehlt nicht fuer DATA-01) / Winkel-Label 'Wide' -- Session nach Hudl-Winkel-Label aufgeteilt (identische Clip-Nummern 001-030 parallel unter Label 'End Zone' vorhanden, zwei simultane Kamera-Feeds derselben 30 Spielzuege, siehe docs/material-sighting.md) / Freigabe Verband 2026-08-31 / neu registriert 2026-09-02 / Hudl-Breakdown vorhanden -> PBP-Join moeglich (Sheet1, 30 Zeilen)"
drone,2026-01-03_TRAININGCAMP-GER-vs-GER-DRONE-WIDE,,2026-01-03,1920x1080,30.0,7.77,data/video/2026-01-03_TrainingCamp_GERvsGER_Drone_9711289/Wide - Clip 006.mp4,07761c0cffbe843c2e73f5e97fc48934f2aa5391029f12a3ab8d02af4d40af52,"Hudl-Re-Encode Playlist 9711289 / Clip pro Play / Trainingslager GER vs GER, kein Gegner-Spiel, 30 Spielzuege lt. Breakdown (< 40, zaehlt nicht fuer DATA-01) / Winkel-Label 'Wide' -- Session nach Hudl-Winkel-Label aufgeteilt (identische Clip-Nummern 001-030 parallel unter Label 'End Zone' vorhanden, zwei simultane Kamera-Feeds derselben 30 Spielzuege, siehe docs/material-sighting.md) / Freigabe Verband 2026-08-31 / neu registriert 2026-09-02 / Hudl-Breakdown vorhanden -> PBP-Join moeglich (Sheet1, 30 Zeilen)"
drone,2026-01-03_TRAININGCAMP-GER-vs-GER-DRONE-WIDE,,2026-01-03,1920x1080,30.0,12.4,data/video/2026-01-03_TrainingCamp_GERvsGER_Drone_9711289/Wide - Clip 007.mp4,63880c7cf3ce37c85ca3399e2ac9179647a3d6a4e8c48f9f23976ddd2c5cdb5d,"Hudl-Re-Encode Playlist 9711289 / Clip pro Play / Trainingslager GER vs GER, kein Gegner-Spiel, 30 Spielzuege lt. Breakdown (< 40, zaehlt nicht fuer DATA-01) / Winkel-Label 'Wide' -- Session nach Hudl-Winkel-Label aufgeteilt (identische Clip-Nummern 001-030 parallel unter Label 'End Zone' vorhanden, zwei simultane Kamera-Feeds derselben 30 Spielzuege, siehe docs/material-sighting.md) / Freigabe Verband 2026-08-31 / neu registriert 2026-09-02 / Hudl-Breakdown vorhanden -> PBP-Join moeglich (Sheet1, 30 Zeilen)"
drone,2026-01-03_TRAININGCAMP-GER-vs-GER-DRONE-WIDE,,2026-01-03,1920x1080,30.0,11.83,data/video/2026-01-03_TrainingCamp_GERvsGER_Drone_9711289/Wide - Clip 008.mp4,a07927eb5c014533cc63405269771f8f2343b6678679c978226b4902553646ca,"Hudl-Re-Encode Playlist 9711289 / Clip pro Play / Trainingslager GER vs GER, kein Gegner-Spiel, 30 Spielzuege lt. Breakdown (< 40, zaehlt nicht fuer DATA-01) / Winkel-Label 'Wide' -- Session nach Hudl-Winkel-Label aufgeteilt (identische Clip-Nummern 001-030 parallel unter Label 'End Zone' vorhanden, zwei simultane Kamera-Feeds derselben 30 Spielzuege, siehe docs/material-sighting.md) / Freigabe Verband 2026-08-31 / neu registriert 2026-09-02 / Hudl-Breakdown vorhanden -> PBP-Join moeglich (Sheet1, 30 Zeilen)"
drone,2026-01-03_TRAININGCAMP-GER-vs-GER-DRONE-WIDE,,2026-01-03,1920x1080,30.0,12.13,data/video/2026-01-03_TrainingCamp_GERvsGER_Drone_9711289/Wide - Clip 009.mp4,79687e8277d82d95ee74e1cb088bb2177a2aa661d1a75fe8aeea30d329900d06,"Hudl-Re-Encode Playlist 9711289 / Clip pro Play / Trainingslager GER vs GER, kein Gegner-Spiel, 30 Spielzuege lt. Breakdown (< 40, zaehlt nicht fuer DATA-01) / Winkel-Label 'Wide' -- Session nach Hudl-Winkel-Label aufgeteilt (identische Clip-Nummern 001-030 parallel unter Label 'End Zone' vorhanden, zwei simultane Kamera-Feeds derselben 30 Spielzuege, siehe docs/material-sighting.md) / Freigabe Verband 2026-08-31 / neu registriert 2026-09-02 / Hudl-Breakdown vorhanden -> PBP-Join moeglich (Sheet1, 30 Zeilen)"
drone,2026-01-03_TRAININGCAMP-GER-vs-GER-DRONE-WIDE,,2026-01-03,1920x1080,30.0,18.3,data/video/2026-01-03_TrainingCamp_GERvsGER_Drone_9711289/Wide - Clip 010.mp4,5513d7649221bda7e70c2e60cd27c2e980b0999079d172e37220ab76607992ee,"Hudl-Re-Encode Playlist 9711289 / Clip pro Play / Trainingslager GER vs GER, kein Gegner-Spiel, 30 Spielzuege lt. Breakdown (< 40, zaehlt nicht fuer DATA-01) / Winkel-Label 'Wide' -- Session nach Hudl-Winkel-Label aufgeteilt (identische Clip-Nummern 001-030 parallel unter Label 'End Zone' vorhanden, zwei simultane Kamera-Feeds derselben 30 Spielzuege, siehe docs/material-sighting.md) / Freigabe Verband 2026-08-31 / neu registriert 2026-09-02 / Hudl-Breakdown vorhanden -> PBP-Join moeglich (Sheet1, 30 Zeilen)"
drone,2026-01-03_TRAININGCAMP-GER-vs-GER-DRONE-WIDE,,2026-01-03,1920x1080,30.0,10.1,data/video/2026-01-03_TrainingCamp_GERvsGER_Drone_9711289/Wide - Clip 011.mp4,9cb13b61b9ccdbe252f83d60b4cc1e1226632e8e04b3c8c0873829549f761e69,"Hudl-Re-Encode Playlist 9711289 / Clip pro Play / Trainingslager GER vs GER, kein Gegner-Spiel, 30 Spielzuege lt. Breakdown (< 40, zaehlt nicht fuer DATA-01) / Winkel-Label 'Wide' -- Session nach Hudl-Winkel-Label aufgeteilt (identische Clip-Nummern 001-030 parallel unter Label 'End Zone' vorhanden, zwei simultane Kamera-Feeds derselben 30 Spielzuege, siehe docs/material-sighting.md) / Freigabe Verband 2026-08-31 / neu registriert 2026-09-02 / Hudl-Breakdown vorhanden -> PBP-Join moeglich (Sheet1, 30 Zeilen)"
drone,2026-01-03_TRAININGCAMP-GER-vs-GER-DRONE-WIDE,,2026-01-03,1920x1080,30.0,16.93,data/video/2026-01-03_TrainingCamp_GERvsGER_Drone_9711289/Wide - Clip 012.mp4,79dd8597a99819f647d634dca699b7755f55994f70158b566c1b7adf518452ed,"Hudl-Re-Encode Playlist 9711289 / Clip pro Play / Trainingslager GER vs GER, kein Gegner-Spiel, 30 Spielzuege lt. Breakdown (< 40, zaehlt nicht fuer DATA-01) / Winkel-Label 'Wide' -- Session nach Hudl-Winkel-Label aufgeteilt (identische Clip-Nummern 001-030 parallel unter Label 'End Zone' vorhanden, zwei simultane Kamera-Feeds derselben 30 Spielzuege, siehe docs/material-sighting.md) / Freigabe Verband 2026-08-31 / neu registriert 2026-09-02 / Hudl-Breakdown vorhanden -> PBP-Join moeglich (Sheet1, 30 Zeilen)"
drone,2026-01-03_TRAININGCAMP-GER-vs-GER-DRONE-WIDE,,2026-01-03,1920x1080,30.0,14.07,data/video/2026-01-03_TrainingCamp_GERvsGER_Drone_9711289/Wide - Clip 013.mp4,06c09dd63233469104f0871e2559d70bcfe2d3582337452e3ced05aee8297dda,"Hudl-Re-Encode Playlist 9711289 / Clip pro Play / Trainingslager GER vs GER, kein Gegner-Spiel, 30 Spielzuege lt. Breakdown (< 40, zaehlt nicht fuer DATA-01) / Winkel-Label 'Wide' -- Session nach Hudl-Winkel-Label aufgeteilt (identische Clip-Nummern 001-030 parallel unter Label 'End Zone' vorhanden, zwei simultane Kamera-Feeds derselben 30 Spielzuege, siehe docs/material-sighting.md) / Freigabe Verband 2026-08-31 / neu registriert 2026-09-02 / Hudl-Breakdown vorhanden -> PBP-Join moeglich (Sheet1, 30 Zeilen)"
drone,2026-01-03_TRAININGCAMP-GER-vs-GER-DRONE-WIDE,,2026-01-03,1920x1080,30.0,8.23,data/video/2026-01-03_TrainingCamp_GERvsGER_Drone_9711289/Wide - Clip 014.mp4,d8e96611113d6f4b83f47dc200e21bedd40b8806229aa99f7fc226a5734f7546,"Hudl-Re-Encode Playlist 9711289 / Clip pro Play / Trainingslager GER vs GER, kein Gegner-Spiel, 30 Spielzuege lt. Breakdown (< 40, zaehlt nicht fuer DATA-01) / Winkel-Label 'Wide' -- Session nach Hudl-Winkel-Label aufgeteilt (identische Clip-Nummern 001-030 parallel unter Label 'End Zone' vorhanden, zwei simultane Kamera-Feeds derselben 30 Spielzuege, siehe docs/material-sighting.md) / Freigabe Verband 2026-08-31 / neu registriert 2026-09-02 / Hudl-Breakdown vorhanden -> PBP-Join moeglich (Sheet1, 30 Zeilen)"
drone,2026-01-03_TRAININGCAMP-GER-vs-GER-DRONE-WIDE,,2026-01-03,1920x1080,30.0,9.57,data/video/2026-01-03_TrainingCamp_GERvsGER_Drone_9711289/Wide - Clip 015.mp4,cb665af8b3b3c115834b7e58d2c58e35c8077a29362630c6d0db5865f2d8384f,"Hudl-Re-Encode Playlist 9711289 / Clip pro Play / Trainingslager GER vs GER, kein Gegner-Spiel, 30 Spielzuege lt. Breakdown (< 40, zaehlt nicht fuer DATA-01) / Winkel-Label 'Wide' -- Session nach Hudl-Winkel-Label aufgeteilt (identische Clip-Nummern 001-030 parallel unter Label 'End Zone' vorhanden, zwei simultane Kamera-Feeds derselben 30 Spielzuege, siehe docs/material-sighting.md) / Freigabe Verband 2026-08-31 / neu registriert 2026-09-02 / Hudl-Breakdown vorhanden -> PBP-Join moeglich (Sheet1, 30 Zeilen)"
drone,2026-01-03_TRAININGCAMP-GER-vs-GER-DRONE-WIDE,,2026-01-03,1920x1080,30.0,13.63,data/video/2026-01-03_TrainingCamp_GERvsGER_Drone_9711289/Wide - Clip 016.mp4,2f76ec2f236ac93869d9b737566c3dfc8e7a5517d8b0b8fc2da1836201b4c7e6,"Hudl-Re-Encode Playlist 9711289 / Clip pro Play / Trainingslager GER vs GER, kein Gegner-Spiel, 30 Spielzuege lt. Breakdown (< 40, zaehlt nicht fuer DATA-01) / Winkel-Label 'Wide' -- Session nach Hudl-Winkel-Label aufgeteilt (identische Clip-Nummern 001-030 parallel unter Label 'End Zone' vorhanden, zwei simultane Kamera-Feeds derselben 30 Spielzuege, siehe docs/material-sighting.md) / Freigabe Verband 2026-08-31 / neu registriert 2026-09-02 / Hudl-Breakdown vorhanden -> PBP-Join moeglich (Sheet1, 30 Zeilen)"
drone,2026-01-03_TRAININGCAMP-GER-vs-GER-DRONE-WIDE,,2026-01-03,1920x1080,30.0,11.63,data/video/2026-01-03_TrainingCamp_GERvsGER_Drone_9711289/Wide - Clip 017.mp4,15ff486a76a572a8db3eca0318fa63088662c788d8cde3be0bf6d03b7f98b1ab,"Hudl-Re-Encode Playlist 9711289 / Clip pro Play / Trainingslager GER vs GER, kein Gegner-Spiel, 30 Spielzuege lt. Breakdown (< 40, zaehlt nicht fuer DATA-01) / Winkel-Label 'Wide' -- Session nach Hudl-Winkel-Label aufgeteilt (identische Clip-Nummern 001-030 parallel unter Label 'End Zone' vorhanden, zwei simultane Kamera-Feeds derselben 30 Spielzuege, siehe docs/material-sighting.md) / Freigabe Verband 2026-08-31 / neu registriert 2026-09-02 / Hudl-Breakdown vorhanden -> PBP-Join moeglich (Sheet1, 30 Zeilen)"
drone,2026-01-03_TRAININGCAMP-GER-vs-GER-DRONE-WIDE,,2026-01-03,1920x1080,30.0,13.6,data/video/2026-01-03_TrainingCamp_GERvsGER_Drone_9711289/Wide - Clip 018.mp4,9344671ec31a9e6af51003af39cd12876e9f1c58dc3936c2138f49ef8c5d1523,"Hudl-Re-Encode Playlist 9711289 / Clip pro Play / Trainingslager GER vs GER, kein Gegner-Spiel, 30 Spielzuege lt. Breakdown (< 40, zaehlt nicht fuer DATA-01) / Winkel-Label 'Wide' -- Session nach Hudl-Winkel-Label aufgeteilt (identische Clip-Nummern 001-030 parallel unter Label 'End Zone' vorhanden, zwei simultane Kamera-Feeds derselben 30 Spielzuege, siehe docs/material-sighting.md) / Freigabe Verband 2026-08-31 / neu registriert 2026-09-02 / Hudl-Breakdown vorhanden -> PBP-Join moeglich (Sheet1, 30 Zeilen)"
drone,2026-01-03_TRAININGCAMP-GER-vs-GER-DRONE-WIDE,,2026-01-03,1920x1080,30.0,10.73,data/video/2026-01-03_TrainingCamp_GERvsGER_Drone_9711289/Wide - Clip 019.mp4,9edc26c2510d6a17acd5bc46b85498a1720c6edfeb071824ccc25a14ada4569d,"Hudl-Re-Encode Playlist 9711289 / Clip pro Play / Trainingslager GER vs GER, kein Gegner-Spiel, 30 Spielzuege lt. Breakdown (< 40, zaehlt nicht fuer DATA-01) / Winkel-Label 'Wide' -- Session nach Hudl-Winkel-Label aufgeteilt (identische Clip-Nummern 001-030 parallel unter Label 'End Zone' vorhanden, zwei simultane Kamera-Feeds derselben 30 Spielzuege, siehe docs/material-sighting.md) / Freigabe Verband 2026-08-31 / neu registriert 2026-09-02 / Hudl-Breakdown vorhanden -> PBP-Join moeglich (Sheet1, 30 Zeilen)"
drone,2026-01-03_TRAININGCAMP-GER-vs-GER-DRONE-WIDE,,2026-01-03,1920x1080,30.0,8.3,data/video/2026-01-03_TrainingCamp_GERvsGER_Drone_9711289/Wide - Clip 020.mp4,d5204094a13e8a100efd4daade1ef40862603d92a7f7c05a92bf66fb3c74e23e,"Hudl-Re-Encode Playlist 9711289 / Clip pro Play / Trainingslager GER vs GER, kein Gegner-Spiel, 30 Spielzuege lt. Breakdown (< 40, zaehlt nicht fuer DATA-01) / Winkel-Label 'Wide' -- Session nach Hudl-Winkel-Label aufgeteilt (identische Clip-Nummern 001-030 parallel unter Label 'End Zone' vorhanden, zwei simultane Kamera-Feeds derselben 30 Spielzuege, siehe docs/material-sighting.md) / Freigabe Verband 2026-08-31 / neu registriert 2026-09-02 / Hudl-Breakdown vorhanden -> PBP-Join moeglich (Sheet1, 30 Zeilen)"
drone,2026-01-03_TRAININGCAMP-GER-vs-GER-DRONE-WIDE,,2026-01-03,1920x1080,30.0,9.87,data/video/2026-01-03_TrainingCamp_GERvsGER_Drone_9711289/Wide - Clip 021.mp4,f41955012178ed1dda3cec26128be15942d005498b7c8495b76196778bd06e95,"Hudl-Re-Encode Playlist 9711289 / Clip pro Play / Trainingslager GER vs GER, kein Gegner-Spiel, 30 Spielzuege lt. Breakdown (< 40, zaehlt nicht fuer DATA-01) / Winkel-Label 'Wide' -- Session nach Hudl-Winkel-Label aufgeteilt (identische Clip-Nummern 001-030 parallel unter Label 'End Zone' vorhanden, zwei simultane Kamera-Feeds derselben 30 Spielzuege, siehe docs/material-sighting.md) / Freigabe Verband 2026-08-31 / neu registriert 2026-09-02 / Hudl-Breakdown vorhanden -> PBP-Join moeglich (Sheet1, 30 Zeilen)"
drone,2026-01-03_TRAININGCAMP-GER-vs-GER-DRONE-WIDE,,2026-01-03,1920x1080,30.0,9.5,data/video/2026-01-03_TrainingCamp_GERvsGER_Drone_9711289/Wide - Clip 022.mp4,b5d8b3390107a0472a8354a34935c1372be70089273dbc6ec69cf1ab6fee9a48,"Hudl-Re-Encode Playlist 9711289 / Clip pro Play / Trainingslager GER vs GER, kein Gegner-Spiel, 30 Spielzuege lt. Breakdown (< 40, zaehlt nicht fuer DATA-01) / Winkel-Label 'Wide' -- Session nach Hudl-Winkel-Label aufgeteilt (identische Clip-Nummern 001-030 parallel unter Label 'End Zone' vorhanden, zwei simultane Kamera-Feeds derselben 30 Spielzuege, siehe docs/material-sighting.md) / Freigabe Verband 2026-08-31 / neu registriert 2026-09-02 / Hudl-Breakdown vorhanden -> PBP-Join moeglich (Sheet1, 30 Zeilen)"
drone,2026-01-03_TRAININGCAMP-GER-vs-GER-DRONE-WIDE,,2026-01-03,1920x1080,30.0,12.67,data/video/2026-01-03_TrainingCamp_GERvsGER_Drone_9711289/Wide - Clip 023.mp4,54e170e0a5dca219186f758d0de1751b581d3eaaff26477e4c68af10ffe0f122,"Hudl-Re-Encode Playlist 9711289 / Clip pro Play / Trainingslager GER vs GER, kein Gegner-Spiel, 30 Spielzuege lt. Breakdown (< 40, zaehlt nicht fuer DATA-01) / Winkel-Label 'Wide' -- Session nach Hudl-Winkel-Label aufgeteilt (identische Clip-Nummern 001-030 parallel unter Label 'End Zone' vorhanden, zwei simultane Kamera-Feeds derselben 30 Spielzuege, siehe docs/material-sighting.md) / Freigabe Verband 2026-08-31 / neu registriert 2026-09-02 / Hudl-Breakdown vorhanden -> PBP-Join moeglich (Sheet1, 30 Zeilen)"
drone,2026-01-03_TRAININGCAMP-GER-vs-GER-DRONE-WIDE,,2026-01-03,1920x1080,30.0,16.33,data/video/2026-01-03_TrainingCamp_GERvsGER_Drone_9711289/Wide - Clip 024.mp4,af849bfeac5990b4f5505547e40dc5b506c0d9d4c1efc11a43eaca0eb8c17cd6,"Hudl-Re-Encode Playlist 9711289 / Clip pro Play / Trainingslager GER vs GER, kein Gegner-Spiel, 30 Spielzuege lt. Breakdown (< 40, zaehlt nicht fuer DATA-01) / Winkel-Label 'Wide' -- Session nach Hudl-Winkel-Label aufgeteilt (identische Clip-Nummern 001-030 parallel unter Label 'End Zone' vorhanden, zwei simultane Kamera-Feeds derselben 30 Spielzuege, siehe docs/material-sighting.md) / Freigabe Verband 2026-08-31 / neu registriert 2026-09-02 / Hudl-Breakdown vorhanden -> PBP-Join moeglich (Sheet1, 30 Zeilen)"
drone,2026-01-03_TRAININGCAMP-GER-vs-GER-DRONE-WIDE,,2026-01-03,1920x1080,30.0,9.47,data/video/2026-01-03_TrainingCamp_GERvsGER_Drone_9711289/Wide - Clip 025.mp4,7eb7e5af77bf073b625de5f6be7e88879dfa9d0749465d042b3911a3ba99f077,"Hudl-Re-Encode Playlist 9711289 / Clip pro Play / Trainingslager GER vs GER, kein Gegner-Spiel, 30 Spielzuege lt. Breakdown (< 40, zaehlt nicht fuer DATA-01) / Winkel-Label 'Wide' -- Session nach Hudl-Winkel-Label aufgeteilt (identische Clip-Nummern 001-030 parallel unter Label 'End Zone' vorhanden, zwei simultane Kamera-Feeds derselben 30 Spielzuege, siehe docs/material-sighting.md) / Freigabe Verband 2026-08-31 / neu registriert 2026-09-02 / Hudl-Breakdown vorhanden -> PBP-Join moeglich (Sheet1, 30 Zeilen)"
drone,2026-01-03_TRAININGCAMP-GER-vs-GER-DRONE-WIDE,,2026-01-03,1920x1080,30.0,15.07,data/video/2026-01-03_TrainingCamp_GERvsGER_Drone_9711289/Wide - Clip 026.mp4,023cce3f528f7c0ecb75c035b98366e3c7b544686eb2ec399f11b2f0e512ab1c,"Hudl-Re-Encode Playlist 9711289 / Clip pro Play / Trainingslager GER vs GER, kein Gegner-Spiel, 30 Spielzuege lt. Breakdown (< 40, zaehlt nicht fuer DATA-01) / Winkel-Label 'Wide' -- Session nach Hudl-Winkel-Label aufgeteilt (identische Clip-Nummern 001-030 parallel unter Label 'End Zone' vorhanden, zwei simultane Kamera-Feeds derselben 30 Spielzuege, siehe docs/material-sighting.md) / Freigabe Verband 2026-08-31 / neu registriert 2026-09-02 / Hudl-Breakdown vorhanden -> PBP-Join moeglich (Sheet1, 30 Zeilen)"
drone,2026-01-03_TRAININGCAMP-GER-vs-GER-DRONE-WIDE,,2026-01-03,1920x1080,30.0,6.47,data/video/2026-01-03_TrainingCamp_GERvsGER_Drone_9711289/Wide - Clip 027.mp4,2a80d93be8d8dd01a8e137848b6f4b87a2917ebeb006944b99eb2d68e810d649,"Hudl-Re-Encode Playlist 9711289 / Clip pro Play / Trainingslager GER vs GER, kein Gegner-Spiel, 30 Spielzuege lt. Breakdown (< 40, zaehlt nicht fuer DATA-01) / Winkel-Label 'Wide' -- Session nach Hudl-Winkel-Label aufgeteilt (identische Clip-Nummern 001-030 parallel unter Label 'End Zone' vorhanden, zwei simultane Kamera-Feeds derselben 30 Spielzuege, siehe docs/material-sighting.md) / Freigabe Verband 2026-08-31 / neu registriert 2026-09-02 / Hudl-Breakdown vorhanden -> PBP-Join moeglich (Sheet1, 30 Zeilen)"
drone,2026-01-03_TRAININGCAMP-GER-vs-GER-DRONE-WIDE,,2026-01-03,1920x1080,30.0,9.4,data/video/2026-01-03_TrainingCamp_GERvsGER_Drone_9711289/Wide - Clip 028.mp4,29aa6ca4886e68d1c527f7d66a75e7fbe23ed77e2f2e8ea397a2a047489009e6,"Hudl-Re-Encode Playlist 9711289 / Clip pro Play / Trainingslager GER vs GER, kein Gegner-Spiel, 30 Spielzuege lt. Breakdown (< 40, zaehlt nicht fuer DATA-01) / Winkel-Label 'Wide' -- Session nach Hudl-Winkel-Label aufgeteilt (identische Clip-Nummern 001-030 parallel unter Label 'End Zone' vorhanden, zwei simultane Kamera-Feeds derselben 30 Spielzuege, siehe docs/material-sighting.md) / Freigabe Verband 2026-08-31 / neu registriert 2026-09-02 / Hudl-Breakdown vorhanden -> PBP-Join moeglich (Sheet1, 30 Zeilen)"
drone,2026-01-03_TRAININGCAMP-GER-vs-GER-DRONE-WIDE,,2026-01-03,1920x1080,30.0,18.9,data/video/2026-01-03_TrainingCamp_GERvsGER_Drone_9711289/Wide - Clip 029.mp4,59f552044e0ac2195ab033876a163d88a7d860eedc3c4aedd612e7d3b48e816e,"Hudl-Re-Encode Playlist 9711289 / Clip pro Play / Trainingslager GER vs GER, kein Gegner-Spiel, 30 Spielzuege lt. Breakdown (< 40, zaehlt nicht fuer DATA-01) / Winkel-Label 'Wide' -- Session nach Hudl-Winkel-Label aufgeteilt (identische Clip-Nummern 001-030 parallel unter Label 'End Zone' vorhanden, zwei simultane Kamera-Feeds derselben 30 Spielzuege, siehe docs/material-sighting.md) / Freigabe Verband 2026-08-31 / neu registriert 2026-09-02 / Hudl-Breakdown vorhanden -> PBP-Join moeglich (Sheet1, 30 Zeilen)"
drone,2026-01-03_TRAININGCAMP-GER-vs-GER-DRONE-WIDE,,2026-01-03,1920x1080,30.0,9.8,data/video/2026-01-03_TrainingCamp_GERvsGER_Drone_9711289/Wide - Clip 030.mp4,1ec0c62dac4434d43b545c7549379183ffd4c49c9ae25bfcc38f1cd8179e7a8d,"Hudl-Re-Encode Playlist 9711289 / Clip pro Play / Trainingslager GER vs GER, kein Gegner-Spiel, 30 Spielzuege lt. Breakdown (< 40, zaehlt nicht fuer DATA-01) / Winkel-Label 'Wide' -- Session nach Hudl-Winkel-Label aufgeteilt (identische Clip-Nummern 001-030 parallel unter Label 'End Zone' vorhanden, zwei simultane Kamera-Feeds derselben 30 Spielzuege, siehe docs/material-sighting.md) / Freigabe Verband 2026-08-31 / neu registriert 2026-09-02 / Hudl-Breakdown vorhanden -> PBP-Join moeglich (Sheet1, 30 Zeilen)"
drone,2026-01-03_TRAININGCAMP-GER-vs-GER-DRONE-ENDZONE,,2026-01-03,1920x1080,30.0,9.75,data/video/2026-01-03_TrainingCamp_GERvsGER_Drone_9711289/End Zone - Clip 001.mp4,370dea7fa0f7e990f6c41e5f0940d673698cc5ceae74c1488a3245fe9b9cf8a0,"Hudl-Re-Encode Playlist 9711289 / Clip pro Play / Trainingslager GER vs GER, kein Gegner-Spiel, 30 Spielzuege lt. Breakdown (< 40, zaehlt nicht fuer DATA-01) / Winkel-Label 'End Zone', NICHT 'Wide' -- Session nach Hudl-Winkel-Label aufgeteilt (identische Clip-Nummern 001-030 parallel unter Label 'Wide' vorhanden, zwei simultane Kamera-Feeds derselben 30 Spielzuege, siehe docs/material-sighting.md) / Freigabe Verband 2026-08-31 / neu registriert 2026-09-02 / Hudl-Breakdown vorhanden -> PBP-Join moeglich (Sheet1, 30 Zeilen)"
drone,2026-01-03_TRAININGCAMP-GER-vs-GER-DRONE-ENDZONE,,2026-01-03,1920x1080,30.0,11.74,data/video/2026-01-03_TrainingCamp_GERvsGER_Drone_9711289/End Zone - Clip 002.mp4,a7dffbe71614c58e74f2a0b1a37494596a61384afdc0a7022bc9a9b3e061d9b9,"Hudl-Re-Encode Playlist 9711289 / Clip pro Play / Trainingslager GER vs GER, kein Gegner-Spiel, 30 Spielzuege lt. Breakdown (< 40, zaehlt nicht fuer DATA-01) / Winkel-Label 'End Zone', NICHT 'Wide' -- Session nach Hudl-Winkel-Label aufgeteilt (identische Clip-Nummern 001-030 parallel unter Label 'Wide' vorhanden, zwei simultane Kamera-Feeds derselben 30 Spielzuege, siehe docs/material-sighting.md) / Freigabe Verband 2026-08-31 / neu registriert 2026-09-02 / Hudl-Breakdown vorhanden -> PBP-Join moeglich (Sheet1, 30 Zeilen)"
drone,2026-01-03_TRAININGCAMP-GER-vs-GER-DRONE-ENDZONE,,2026-01-03,1920x1080,30.0,9.06,data/video/2026-01-03_TrainingCamp_GERvsGER_Drone_9711289/End Zone - Clip 003.mp4,f052b4e7e5ef737f0e1cbc29a76dcea7a50cc93d7c399cd7f5bbed9d71fe7234,"Hudl-Re-Encode Playlist 9711289 / Clip pro Play / Trainingslager GER vs GER, kein Gegner-Spiel, 30 Spielzuege lt. Breakdown (< 40, zaehlt nicht fuer DATA-01) / Winkel-Label 'End Zone', NICHT 'Wide' -- Session nach Hudl-Winkel-Label aufgeteilt (identische Clip-Nummern 001-030 parallel unter Label 'Wide' vorhanden, zwei simultane Kamera-Feeds derselben 30 Spielzuege, siehe docs/material-sighting.md) / Freigabe Verband 2026-08-31 / neu registriert 2026-09-02 / Hudl-Breakdown vorhanden -> PBP-Join moeglich (Sheet1, 30 Zeilen)"
drone,2026-01-03_TRAININGCAMP-GER-vs-GER-DRONE-ENDZONE,,2026-01-03,1920x1080,30.0,16.68,data/video/2026-01-03_TrainingCamp_GERvsGER_Drone_9711289/End Zone - Clip 004.mp4,d5453401447b6c8d698672db8bd91ef3a8b021054e77d655b0158b644d09cb75,"Hudl-Re-Encode Playlist 9711289 / Clip pro Play / Trainingslager GER vs GER, kein Gegner-Spiel, 30 Spielzuege lt. Breakdown (< 40, zaehlt nicht fuer DATA-01) / Winkel-Label 'End Zone', NICHT 'Wide' -- Session nach Hudl-Winkel-Label aufgeteilt (identische Clip-Nummern 001-030 parallel unter Label 'Wide' vorhanden, zwei simultane Kamera-Feeds derselben 30 Spielzuege, siehe docs/material-sighting.md) / Freigabe Verband 2026-08-31 / neu registriert 2026-09-02 / Hudl-Breakdown vorhanden -> PBP-Join moeglich (Sheet1, 30 Zeilen)"
drone,2026-01-03_TRAININGCAMP-GER-vs-GER-DRONE-ENDZONE,,2026-01-03,1920x1080,30.0,14.21,data/video/2026-01-03_TrainingCamp_GERvsGER_Drone_9711289/End Zone - Clip 005.mp4,55edab0a7cf28e87e2c78aa6ad44268f0de3af158f7205f545d9b985cdafb584,"Hudl-Re-Encode Playlist 9711289 / Clip pro Play / Trainingslager GER vs GER, kein Gegner-Spiel, 30 Spielzuege lt. Breakdown (< 40, zaehlt nicht fuer DATA-01) / Winkel-Label 'End Zone', NICHT 'Wide' -- Session nach Hudl-Winkel-Label aufgeteilt (identische Clip-Nummern 001-030 parallel unter Label 'Wide' vorhanden, zwei simultane Kamera-Feeds derselben 30 Spielzuege, siehe docs/material-sighting.md) / Freigabe Verband 2026-08-31 / neu registriert 2026-09-02 / Hudl-Breakdown vorhanden -> PBP-Join moeglich (Sheet1, 30 Zeilen)"
drone,2026-01-03_TRAININGCAMP-GER-vs-GER-DRONE-ENDZONE,,2026-01-03,1920x1080,30.0,8.07,data/video/2026-01-03_TrainingCamp_GERvsGER_Drone_9711289/End Zone - Clip 006.mp4,db525680cb8f574ec3d5d39124641d051732835f8d7b76578af029e858c71743,"Hudl-Re-Encode Playlist 9711289 / Clip pro Play / Trainingslager GER vs GER, kein Gegner-Spiel, 30 Spielzuege lt. Breakdown (< 40, zaehlt nicht fuer DATA-01) / Winkel-Label 'End Zone', NICHT 'Wide' -- Session nach Hudl-Winkel-Label aufgeteilt (identische Clip-Nummern 001-030 parallel unter Label 'Wide' vorhanden, zwei simultane Kamera-Feeds derselben 30 Spielzuege, siehe docs/material-sighting.md) / Freigabe Verband 2026-08-31 / neu registriert 2026-09-02 / Hudl-Breakdown vorhanden -> PBP-Join moeglich (Sheet1, 30 Zeilen)"
drone,2026-01-03_TRAININGCAMP-GER-vs-GER-DRONE-ENDZONE,,2026-01-03,1920x1080,30.0,10.23,data/video/2026-01-03_TrainingCamp_GERvsGER_Drone_9711289/End Zone - Clip 007.mp4,d849dc6b07c38700904565a12edbe89bbb6690f1ac91e675b47df4c3e51512c5,"Hudl-Re-Encode Playlist 9711289 / Clip pro Play / Trainingslager GER vs GER, kein Gegner-Spiel, 30 Spielzuege lt. Breakdown (< 40, zaehlt nicht fuer DATA-01) / Winkel-Label 'End Zone', NICHT 'Wide' -- Session nach Hudl-Winkel-Label aufgeteilt (identische Clip-Nummern 001-030 parallel unter Label 'Wide' vorhanden, zwei simultane Kamera-Feeds derselben 30 Spielzuege, siehe docs/material-sighting.md) / Freigabe Verband 2026-08-31 / neu registriert 2026-09-02 / Hudl-Breakdown vorhanden -> PBP-Join moeglich (Sheet1, 30 Zeilen)"
drone,2026-01-03_TRAININGCAMP-GER-vs-GER-DRONE-ENDZONE,,2026-01-03,1920x1080,30.0,10.85,data/video/2026-01-03_TrainingCamp_GERvsGER_Drone_9711289/End Zone - Clip 008.mp4,0afdfa2ff9142eed6c689b538f5a92d5600d45364d38498adce0c337b7ad3cf3,"Hudl-Re-Encode Playlist 9711289 / Clip pro Play / Trainingslager GER vs GER, kein Gegner-Spiel, 30 Spielzuege lt. Breakdown (< 40, zaehlt nicht fuer DATA-01) / Winkel-Label 'End Zone', NICHT 'Wide' -- Session nach Hudl-Winkel-Label aufgeteilt (identische Clip-Nummern 001-030 parallel unter Label 'Wide' vorhanden, zwei simultane Kamera-Feeds derselben 30 Spielzuege, siehe docs/material-sighting.md) / Freigabe Verband 2026-08-31 / neu registriert 2026-09-02 / Hudl-Breakdown vorhanden -> PBP-Join moeglich (Sheet1, 30 Zeilen)"
drone,2026-01-03_TRAININGCAMP-GER-vs-GER-DRONE-ENDZONE,,2026-01-03,1920x1080,30.0,9.47,data/video/2026-01-03_TrainingCamp_GERvsGER_Drone_9711289/End Zone - Clip 009.mp4,cb0607fe47e3b9a89f684589e621c198a6a856a1619416680fcae62754bda72b,"Hudl-Re-Encode Playlist 9711289 / Clip pro Play / Trainingslager GER vs GER, kein Gegner-Spiel, 30 Spielzuege lt. Breakdown (< 40, zaehlt nicht fuer DATA-01) / Winkel-Label 'End Zone', NICHT 'Wide' -- Session nach Hudl-Winkel-Label aufgeteilt (identische Clip-Nummern 001-030 parallel unter Label 'Wide' vorhanden, zwei simultane Kamera-Feeds derselben 30 Spielzuege, siehe docs/material-sighting.md) / Freigabe Verband 2026-08-31 / neu registriert 2026-09-02 / Hudl-Breakdown vorhanden -> PBP-Join moeglich (Sheet1, 30 Zeilen)"
drone,2026-01-03_TRAININGCAMP-GER-vs-GER-DRONE-ENDZONE,,2026-01-03,1920x1080,30.0,14.86,data/video/2026-01-03_TrainingCamp_GERvsGER_Drone_9711289/End Zone - Clip 010.mp4,d027fd3a38cc2ce630765897d909934e65422ddcec51ae33d13f9ffa1dc9c610,"Hudl-Re-Encode Playlist 9711289 / Clip pro Play / Trainingslager GER vs GER, kein Gegner-Spiel, 30 Spielzuege lt. Breakdown (< 40, zaehlt nicht fuer DATA-01) / Winkel-Label 'End Zone', NICHT 'Wide' -- Session nach Hudl-Winkel-Label aufgeteilt (identische Clip-Nummern 001-030 parallel unter Label 'Wide' vorhanden, zwei simultane Kamera-Feeds derselben 30 Spielzuege, siehe docs/material-sighting.md) / Freigabe Verband 2026-08-31 / neu registriert 2026-09-02 / Hudl-Breakdown vorhanden -> PBP-Join moeglich (Sheet1, 30 Zeilen)"
drone,2026-01-03_TRAININGCAMP-GER-vs-GER-DRONE-ENDZONE,,2026-01-03,1920x1080,30.0,8.45,data/video/2026-01-03_TrainingCamp_GERvsGER_Drone_9711289/End Zone - Clip 011.mp4,5b4e87e7f1e84bdb0a913198aaf33245daa450c573a525806fee69d1296ddcd4,"Hudl-Re-Encode Playlist 9711289 / Clip pro Play / Trainingslager GER vs GER, kein Gegner-Spiel, 30 Spielzuege lt. Breakdown (< 40, zaehlt nicht fuer DATA-01) / Winkel-Label 'End Zone', NICHT 'Wide' -- Session nach Hudl-Winkel-Label aufgeteilt (identische Clip-Nummern 001-030 parallel unter Label 'Wide' vorhanden, zwei simultane Kamera-Feeds derselben 30 Spielzuege, siehe docs/material-sighting.md) / Freigabe Verband 2026-08-31 / neu registriert 2026-09-02 / Hudl-Breakdown vorhanden -> PBP-Join moeglich (Sheet1, 30 Zeilen)"
drone,2026-01-03_TRAININGCAMP-GER-vs-GER-DRONE-ENDZONE,,2026-01-03,1920x1080,30.0,15.56,data/video/2026-01-03_TrainingCamp_GERvsGER_Drone_9711289/End Zone - Clip 012.mp4,2b28814d312b3bce42c71d08f35de04205fd03da52eaf62134d1b68958f73706,"Hudl-Re-Encode Playlist 9711289 / Clip pro Play / Trainingslager GER vs GER, kein Gegner-Spiel, 30 Spielzuege lt. Breakdown (< 40, zaehlt nicht fuer DATA-01) / Winkel-Label 'End Zone', NICHT 'Wide' -- Session nach Hudl-Winkel-Label aufgeteilt (identische Clip-Nummern 001-030 parallel unter Label 'Wide' vorhanden, zwei simultane Kamera-Feeds derselben 30 Spielzuege, siehe docs/material-sighting.md) / Freigabe Verband 2026-08-31 / neu registriert 2026-09-02 / Hudl-Breakdown vorhanden -> PBP-Join moeglich (Sheet1, 30 Zeilen)"
drone,2026-01-03_TRAININGCAMP-GER-vs-GER-DRONE-ENDZONE,,2026-01-03,1920x1080,30.0,13.07,data/video/2026-01-03_TrainingCamp_GERvsGER_Drone_9711289/End Zone - Clip 013.mp4,af3f14249dd2d57b2c84978660943808b0f4f6e33ee0ae53ab0d684373bfabd6,"Hudl-Re-Encode Playlist 9711289 / Clip pro Play / Trainingslager GER vs GER, kein Gegner-Spiel, 30 Spielzuege lt. Breakdown (< 40, zaehlt nicht fuer DATA-01) / Winkel-Label 'End Zone', NICHT 'Wide' -- Session nach Hudl-Winkel-Label aufgeteilt (identische Clip-Nummern 001-030 parallel unter Label 'Wide' vorhanden, zwei simultane Kamera-Feeds derselben 30 Spielzuege, siehe docs/material-sighting.md) / Freigabe Verband 2026-08-31 / neu registriert 2026-09-02 / Hudl-Breakdown vorhanden -> PBP-Join moeglich (Sheet1, 30 Zeilen)"
drone,2026-01-03_TRAININGCAMP-GER-vs-GER-DRONE-ENDZONE,,2026-01-03,1920x1080,30.0,8.37,data/video/2026-01-03_TrainingCamp_GERvsGER_Drone_9711289/End Zone - Clip 014.mp4,c382525a9d991c459669c09773fe6deb2ade9c6a3fa68f42cfbb8ab6f7292bbf,"Hudl-Re-Encode Playlist 9711289 / Clip pro Play / Trainingslager GER vs GER, kein Gegner-Spiel, 30 Spielzuege lt. Breakdown (< 40, zaehlt nicht fuer DATA-01) / Winkel-Label 'End Zone', NICHT 'Wide' -- Session nach Hudl-Winkel-Label aufgeteilt (identische Clip-Nummern 001-030 parallel unter Label 'Wide' vorhanden, zwei simultane Kamera-Feeds derselben 30 Spielzuege, siehe docs/material-sighting.md) / Freigabe Verband 2026-08-31 / neu registriert 2026-09-02 / Hudl-Breakdown vorhanden -> PBP-Join moeglich (Sheet1, 30 Zeilen)"
drone,2026-01-03_TRAININGCAMP-GER-vs-GER-DRONE-ENDZONE,,2026-01-03,1920x1080,30.0,8.59,data/video/2026-01-03_TrainingCamp_GERvsGER_Drone_9711289/End Zone - Clip 015.mp4,1416923ef96028c3fb7cc4eafab4291946eea70634fdb66ff6fa1b443c8e2e8e,"Hudl-Re-Encode Playlist 9711289 / Clip pro Play / Trainingslager GER vs GER, kein Gegner-Spiel, 30 Spielzuege lt. Breakdown (< 40, zaehlt nicht fuer DATA-01) / Winkel-Label 'End Zone', NICHT 'Wide' -- Session nach Hudl-Winkel-Label aufgeteilt (identische Clip-Nummern 001-030 parallel unter Label 'Wide' vorhanden, zwei simultane Kamera-Feeds derselben 30 Spielzuege, siehe docs/material-sighting.md) / Freigabe Verband 2026-08-31 / neu registriert 2026-09-02 / Hudl-Breakdown vorhanden -> PBP-Join moeglich (Sheet1, 30 Zeilen)"
drone,2026-01-03_TRAININGCAMP-GER-vs-GER-DRONE-ENDZONE,,2026-01-03,1920x1080,30.0,16.89,data/video/2026-01-03_TrainingCamp_GERvsGER_Drone_9711289/End Zone - Clip 016.mp4,8e4731e26ce8cd51459ebae8dad7b1536749ed80c300840bf9cab3dd97047c47,"Hudl-Re-Encode Playlist 9711289 / Clip pro Play / Trainingslager GER vs GER, kein Gegner-Spiel, 30 Spielzuege lt. Breakdown (< 40, zaehlt nicht fuer DATA-01) / Winkel-Label 'End Zone', NICHT 'Wide' -- Session nach Hudl-Winkel-Label aufgeteilt (identische Clip-Nummern 001-030 parallel unter Label 'Wide' vorhanden, zwei simultane Kamera-Feeds derselben 30 Spielzuege, siehe docs/material-sighting.md) / Freigabe Verband 2026-08-31 / neu registriert 2026-09-02 / Hudl-Breakdown vorhanden -> PBP-Join moeglich (Sheet1, 30 Zeilen)"
drone,2026-01-03_TRAININGCAMP-GER-vs-GER-DRONE-ENDZONE,,2026-01-03,1920x1080,30.0,11.43,data/video/2026-01-03_TrainingCamp_GERvsGER_Drone_9711289/End Zone - Clip 017.mp4,fedca2ce2e6a41ea69e962b2fe753ed07da0b104a123b6360f9f3c526bd675d9,"Hudl-Re-Encode Playlist 9711289 / Clip pro Play / Trainingslager GER vs GER, kein Gegner-Spiel, 30 Spielzuege lt. Breakdown (< 40, zaehlt nicht fuer DATA-01) / Winkel-Label 'End Zone', NICHT 'Wide' -- Session nach Hudl-Winkel-Label aufgeteilt (identische Clip-Nummern 001-030 parallel unter Label 'Wide' vorhanden, zwei simultane Kamera-Feeds derselben 30 Spielzuege, siehe docs/material-sighting.md) / Freigabe Verband 2026-08-31 / neu registriert 2026-09-02 / Hudl-Breakdown vorhanden -> PBP-Join moeglich (Sheet1, 30 Zeilen)"
drone,2026-01-03_TRAININGCAMP-GER-vs-GER-DRONE-ENDZONE,,2026-01-03,1920x1080,30.0,9.87,data/video/2026-01-03_TrainingCamp_GERvsGER_Drone_9711289/End Zone - Clip 018.mp4,4cd2250be33d4d03df812ec0607459da3daba43ade7c54d6c1c52f49fa00a7f3,"Hudl-Re-Encode Playlist 9711289 / Clip pro Play / Trainingslager GER vs GER, kein Gegner-Spiel, 30 Spielzuege lt. Breakdown (< 40, zaehlt nicht fuer DATA-01) / Winkel-Label 'End Zone', NICHT 'Wide' -- Session nach Hudl-Winkel-Label aufgeteilt (identische Clip-Nummern 001-030 parallel unter Label 'Wide' vorhanden, zwei simultane Kamera-Feeds derselben 30 Spielzuege, siehe docs/material-sighting.md) / Freigabe Verband 2026-08-31 / neu registriert 2026-09-02 / Hudl-Breakdown vorhanden -> PBP-Join moeglich (Sheet1, 30 Zeilen)"
drone,2026-01-03_TRAININGCAMP-GER-vs-GER-DRONE-ENDZONE,,2026-01-03,1920x1080,30.0,8.04,data/video/2026-01-03_TrainingCamp_GERvsGER_Drone_9711289/End Zone - Clip 019.mp4,5d23911e4e42384d60235a4461b165d246d2b82d8330f4837e9d6a45d6602d3c,"Hudl-Re-Encode Playlist 9711289 / Clip pro Play / Trainingslager GER vs GER, kein Gegner-Spiel, 30 Spielzuege lt. Breakdown (< 40, zaehlt nicht fuer DATA-01) / Winkel-Label 'End Zone', NICHT 'Wide' -- Session nach Hudl-Winkel-Label aufgeteilt (identische Clip-Nummern 001-030 parallel unter Label 'Wide' vorhanden, zwei simultane Kamera-Feeds derselben 30 Spielzuege, siehe docs/material-sighting.md) / Freigabe Verband 2026-08-31 / neu registriert 2026-09-02 / Hudl-Breakdown vorhanden -> PBP-Join moeglich (Sheet1, 30 Zeilen)"
drone,2026-01-03_TRAININGCAMP-GER-vs-GER-DRONE-ENDZONE,,2026-01-03,1920x1080,30.0,7.0,data/video/2026-01-03_TrainingCamp_GERvsGER_Drone_9711289/End Zone - Clip 020.mp4,5fd1e4034ee85d76cfc4bdef3f67bc61ede1d768bc4b3e87e9f4c1f1c7034a33,"Hudl-Re-Encode Playlist 9711289 / Clip pro Play / Trainingslager GER vs GER, kein Gegner-Spiel, 30 Spielzuege lt. Breakdown (< 40, zaehlt nicht fuer DATA-01) / Winkel-Label 'End Zone', NICHT 'Wide' -- Session nach Hudl-Winkel-Label aufgeteilt (identische Clip-Nummern 001-030 parallel unter Label 'Wide' vorhanden, zwei simultane Kamera-Feeds derselben 30 Spielzuege, siehe docs/material-sighting.md) / Freigabe Verband 2026-08-31 / neu registriert 2026-09-02 / Hudl-Breakdown vorhanden -> PBP-Join moeglich (Sheet1, 30 Zeilen)"
drone,2026-01-03_TRAININGCAMP-GER-vs-GER-DRONE-ENDZONE,,2026-01-03,1920x1080,30.0,11.71,data/video/2026-01-03_TrainingCamp_GERvsGER_Drone_9711289/End Zone - Clip 021.mp4,1f2c1fae3879c57c638da18f0d7a2270a0dffcd33db2d97ae2083b1ecb255749,"Hudl-Re-Encode Playlist 9711289 / Clip pro Play / Trainingslager GER vs GER, kein Gegner-Spiel, 30 Spielzuege lt. Breakdown (< 40, zaehlt nicht fuer DATA-01) / Winkel-Label 'End Zone', NICHT 'Wide' -- Session nach Hudl-Winkel-Label aufgeteilt (identische Clip-Nummern 001-030 parallel unter Label 'Wide' vorhanden, zwei simultane Kamera-Feeds derselben 30 Spielzuege, siehe docs/material-sighting.md) / Freigabe Verband 2026-08-31 / neu registriert 2026-09-02 / Hudl-Breakdown vorhanden -> PBP-Join moeglich (Sheet1, 30 Zeilen)"
drone,2026-01-03_TRAININGCAMP-GER-vs-GER-DRONE-ENDZONE,,2026-01-03,1920x1080,30.0,13.41,data/video/2026-01-03_TrainingCamp_GERvsGER_Drone_9711289/End Zone - Clip 022.mp4,a06b9ce23c616410307031a1009d2a5b557fbf2480a2a972c95fa7f51a11941c,"Hudl-Re-Encode Playlist 9711289 / Clip pro Play / Trainingslager GER vs GER, kein Gegner-Spiel, 30 Spielzuege lt. Breakdown (< 40, zaehlt nicht fuer DATA-01) / Winkel-Label 'End Zone', NICHT 'Wide' -- Session nach Hudl-Winkel-Label aufgeteilt (identische Clip-Nummern 001-030 parallel unter Label 'Wide' vorhanden, zwei simultane Kamera-Feeds derselben 30 Spielzuege, siehe docs/material-sighting.md) / Freigabe Verband 2026-08-31 / neu registriert 2026-09-02 / Hudl-Breakdown vorhanden -> PBP-Join moeglich (Sheet1, 30 Zeilen)"
drone,2026-01-03_TRAININGCAMP-GER-vs-GER-DRONE-ENDZONE,,2026-01-03,1920x1080,30.0,9.16,data/video/2026-01-03_TrainingCamp_GERvsGER_Drone_9711289/End Zone - Clip 023.mp4,5514d169609c9f61df3d57205f06adf94e1fa59687528f502e30ce656b3f8653,"Hudl-Re-Encode Playlist 9711289 / Clip pro Play / Trainingslager GER vs GER, kein Gegner-Spiel, 30 Spielzuege lt. Breakdown (< 40, zaehlt nicht fuer DATA-01) / Winkel-Label 'End Zone', NICHT 'Wide' -- Session nach Hudl-Winkel-Label aufgeteilt (identische Clip-Nummern 001-030 parallel unter Label 'Wide' vorhanden, zwei simultane Kamera-Feeds derselben 30 Spielzuege, siehe docs/material-sighting.md) / Freigabe Verband 2026-08-31 / neu registriert 2026-09-02 / Hudl-Breakdown vorhanden -> PBP-Join moeglich (Sheet1, 30 Zeilen)"
drone,2026-01-03_TRAININGCAMP-GER-vs-GER-DRONE-ENDZONE,,2026-01-03,1920x1080,30.0,14.34,data/video/2026-01-03_TrainingCamp_GERvsGER_Drone_9711289/End Zone - Clip 024.mp4,1dd7bceb98efb7b502140fd548421db48faa4079742e6d1e665b01be32093331,"Hudl-Re-Encode Playlist 9711289 / Clip pro Play / Trainingslager GER vs GER, kein Gegner-Spiel, 30 Spielzuege lt. Breakdown (< 40, zaehlt nicht fuer DATA-01) / Winkel-Label 'End Zone', NICHT 'Wide' -- Session nach Hudl-Winkel-Label aufgeteilt (identische Clip-Nummern 001-030 parallel unter Label 'Wide' vorhanden, zwei simultane Kamera-Feeds derselben 30 Spielzuege, siehe docs/material-sighting.md) / Freigabe Verband 2026-08-31 / neu registriert 2026-09-02 / Hudl-Breakdown vorhanden -> PBP-Join moeglich (Sheet1, 30 Zeilen)"
drone,2026-01-03_TRAININGCAMP-GER-vs-GER-DRONE-ENDZONE,,2026-01-03,1920x1080,30.0,9.45,data/video/2026-01-03_TrainingCamp_GERvsGER_Drone_9711289/End Zone - Clip 025.mp4,a038f10cd0fe2339a5734af3985cc44b44d4c5cc3abb317fc8c8e671fca7dae0,"Hudl-Re-Encode Playlist 9711289 / Clip pro Play / Trainingslager GER vs GER, kein Gegner-Spiel, 30 Spielzuege lt. Breakdown (< 40, zaehlt nicht fuer DATA-01) / Winkel-Label 'End Zone', NICHT 'Wide' -- Session nach Hudl-Winkel-Label aufgeteilt (identische Clip-Nummern 001-030 parallel unter Label 'Wide' vorhanden, zwei simultane Kamera-Feeds derselben 30 Spielzuege, siehe docs/material-sighting.md) / Freigabe Verband 2026-08-31 / neu registriert 2026-09-02 / Hudl-Breakdown vorhanden -> PBP-Join moeglich (Sheet1, 30 Zeilen)"
drone,2026-01-03_TRAININGCAMP-GER-vs-GER-DRONE-ENDZONE,,2026-01-03,1920x1080,30.0,11.87,data/video/2026-01-03_TrainingCamp_GERvsGER_Drone_9711289/End Zone - Clip 026.mp4,669f30623d8ceba02686f50264ca273172cbc453b0256e88dff7e21d76910ded,"Hudl-Re-Encode Playlist 9711289 / Clip pro Play / Trainingslager GER vs GER, kein Gegner-Spiel, 30 Spielzuege lt. Breakdown (< 40, zaehlt nicht fuer DATA-01) / Winkel-Label 'End Zone', NICHT 'Wide' -- Session nach Hudl-Winkel-Label aufgeteilt (identische Clip-Nummern 001-030 parallel unter Label 'Wide' vorhanden, zwei simultane Kamera-Feeds derselben 30 Spielzuege, siehe docs/material-sighting.md) / Freigabe Verband 2026-08-31 / neu registriert 2026-09-02 / Hudl-Breakdown vorhanden -> PBP-Join moeglich (Sheet1, 30 Zeilen)"
drone,2026-01-03_TRAININGCAMP-GER-vs-GER-DRONE-ENDZONE,,2026-01-03,1920x1080,30.0,9.88,data/video/2026-01-03_TrainingCamp_GERvsGER_Drone_9711289/End Zone - Clip 027.mp4,22255c99c4ca6084093085c6af2e701a54dff3482c6169182126434e7e8471f8,"Hudl-Re-Encode Playlist 9711289 / Clip pro Play / Trainingslager GER vs GER, kein Gegner-Spiel, 30 Spielzuege lt. Breakdown (< 40, zaehlt nicht fuer DATA-01) / Winkel-Label 'End Zone', NICHT 'Wide' -- Session nach Hudl-Winkel-Label aufgeteilt (identische Clip-Nummern 001-030 parallel unter Label 'Wide' vorhanden, zwei simultane Kamera-Feeds derselben 30 Spielzuege, siehe docs/material-sighting.md) / Freigabe Verband 2026-08-31 / neu registriert 2026-09-02 / Hudl-Breakdown vorhanden -> PBP-Join moeglich (Sheet1, 30 Zeilen)"
drone,2026-01-03_TRAININGCAMP-GER-vs-GER-DRONE-ENDZONE,,2026-01-03,1920x1080,60.0,7.37,data/video/2026-01-03_TrainingCamp_GERvsGER_Drone_9711289/End Zone - Clip 028.mp4,b3b8ce84410ffbfa6d1d0ace106115aa407a0ad15af67c2f4db60995c365463f,"Hudl-Re-Encode Playlist 9711289 / Clip pro Play / Trainingslager GER vs GER, kein Gegner-Spiel, 30 Spielzuege lt. Breakdown (< 40, zaehlt nicht fuer DATA-01) / Winkel-Label 'End Zone', NICHT 'Wide' -- Session nach Hudl-Winkel-Label aufgeteilt (identische Clip-Nummern 001-030 parallel unter Label 'Wide' vorhanden, zwei simultane Kamera-Feeds derselben 30 Spielzuege, siehe docs/material-sighting.md) / Freigabe Verband 2026-08-31 / neu registriert 2026-09-02 / Hudl-Breakdown vorhanden -> PBP-Join moeglich (Sheet1, 30 Zeilen)"
drone,2026-01-03_TRAININGCAMP-GER-vs-GER-DRONE-ENDZONE,,2026-01-03,1920x1080,30.0,15.03,data/video/2026-01-03_TrainingCamp_GERvsGER_Drone_9711289/End Zone - Clip 029.mp4,3fa29a3cf9c55b85912e1bc49de6376a20af9643d7709a3afcd9fd3b54f8594f,"Hudl-Re-Encode Playlist 9711289 / Clip pro Play / Trainingslager GER vs GER, kein Gegner-Spiel, 30 Spielzuege lt. Breakdown (< 40, zaehlt nicht fuer DATA-01) / Winkel-Label 'End Zone', NICHT 'Wide' -- Session nach Hudl-Winkel-Label aufgeteilt (identische Clip-Nummern 001-030 parallel unter Label 'Wide' vorhanden, zwei simultane Kamera-Feeds derselben 30 Spielzuege, siehe docs/material-sighting.md) / Freigabe Verband 2026-08-31 / neu registriert 2026-09-02 / Hudl-Breakdown vorhanden -> PBP-Join moeglich (Sheet1, 30 Zeilen)"
drone,2026-01-03_TRAININGCAMP-GER-vs-GER-DRONE-ENDZONE,,2026-01-03,1920x1080,30.0,9.06,data/video/2026-01-03_TrainingCamp_GERvsGER_Drone_9711289/End Zone - Clip 030.mp4,623f5efb607b71b916bcdc85b002dcece48f66d623395fa79c4e399ac4a0dde7,"Hudl-Re-Encode Playlist 9711289 / Clip pro Play / Trainingslager GER vs GER, kein Gegner-Spiel, 30 Spielzuege lt. Breakdown (< 40, zaehlt nicht fuer DATA-01) / Winkel-Label 'End Zone', NICHT 'Wide' -- Session nach Hudl-Winkel-Label aufgeteilt (identische Clip-Nummern 001-030 parallel unter Label 'Wide' vorhanden, zwei simultane Kamera-Feeds derselben 30 Spielzuege, siehe docs/material-sighting.md) / Freigabe Verband 2026-08-31 / neu registriert 2026-09-02 / Hudl-Breakdown vorhanden -> PBP-Join moeglich (Sheet1, 30 Zeilen)"
drone,2026-05-16_FRIENDLY-GER-vs-PUERTORICO-DRONE-WIDE,,2026-05-16,1920x1080,30.0,5.0,data/video/2026-05-16_Friendly_GERvsPuertoRico_Drone_9711283/Wide - Clip 001.mp4,db4e6b159b08dffcb91bfb698bdbf274c8c25ab845f08f8bd66cd89732176ca4,"Hudl-Re-Encode Playlist 9711283 / Clip pro Play / Freundschaftsspiel GER vs Puerto Rico, selber Tag wie Piloten-Spiel GER vs Panama Rojo, anderer Gegner, 66 Spielzuege lt. Breakdown (>= 40, zweites echtes Drohnen-Spiel, siehe docs/material-sighting.md) / Winkel-Label 'Wide', deckt Plays 001-056+059-063 ab (61 Clips) -- Session nach Hudl-Winkel-Label aufgeteilt (Teil-Ueberlappung mit Label 'End Zone' bei Plays 057-063, siehe docs/material-sighting.md) / Freigabe Verband 2026-08-31 / neu registriert 2026-09-02 / Hudl-Breakdown vorhanden -> PBP-Join moeglich (Sheet1, 66 Zeilen)"
drone,2026-05-16_FRIENDLY-GER-vs-PUERTORICO-DRONE-WIDE,,2026-05-16,1920x1080,30.0,33.4,data/video/2026-05-16_Friendly_GERvsPuertoRico_Drone_9711283/Wide - Clip 002.mp4,b578df835d4490a75f762390098a93ff59e792bb27a7d34998144ee9eb2bfba7,"Hudl-Re-Encode Playlist 9711283 / Clip pro Play / Freundschaftsspiel GER vs Puerto Rico, selber Tag wie Piloten-Spiel GER vs Panama Rojo, anderer Gegner, 66 Spielzuege lt. Breakdown (>= 40, zweites echtes Drohnen-Spiel, siehe docs/material-sighting.md) / Winkel-Label 'Wide', deckt Plays 001-056+059-063 ab (61 Clips) -- Session nach Hudl-Winkel-Label aufgeteilt (Teil-Ueberlappung mit Label 'End Zone' bei Plays 057-063, siehe docs/material-sighting.md) / Freigabe Verband 2026-08-31 / neu registriert 2026-09-02 / Hudl-Breakdown vorhanden -> PBP-Join moeglich (Sheet1, 66 Zeilen)"
drone,2026-05-16_FRIENDLY-GER-vs-PUERTORICO-DRONE-WIDE,,2026-05-16,1920x1080,30.0,14.0,data/video/2026-05-16_Friendly_GERvsPuertoRico_Drone_9711283/Wide - Clip 003.mp4,bad0e4fc40797c299bca2c081f35e729833648436dca91dc5a9f6e2c8739302d,"Hudl-Re-Encode Playlist 9711283 / Clip pro Play / Freundschaftsspiel GER vs Puerto Rico, selber Tag wie Piloten-Spiel GER vs Panama Rojo, anderer Gegner, 66 Spielzuege lt. Breakdown (>= 40, zweites echtes Drohnen-Spiel, siehe docs/material-sighting.md) / Winkel-Label 'Wide', deckt Plays 001-056+059-063 ab (61 Clips) -- Session nach Hudl-Winkel-Label aufgeteilt (Teil-Ueberlappung mit Label 'End Zone' bei Plays 057-063, siehe docs/material-sighting.md) / Freigabe Verband 2026-08-31 / neu registriert 2026-09-02 / Hudl-Breakdown vorhanden -> PBP-Join moeglich (Sheet1, 66 Zeilen)"
drone,2026-05-16_FRIENDLY-GER-vs-PUERTORICO-DRONE-WIDE,,2026-05-16,1920x1080,30.0,10.1,data/video/2026-05-16_Friendly_GERvsPuertoRico_Drone_9711283/Wide - Clip 004.mp4,96accfdc9c959fec12b8ab7ba9a113451bea0ab309e6e5f208d0008e1f30c166,"Hudl-Re-Encode Playlist 9711283 / Clip pro Play / Freundschaftsspiel GER vs Puerto Rico, selber Tag wie Piloten-Spiel GER vs Panama Rojo, anderer Gegner, 66 Spielzuege lt. Breakdown (>= 40, zweites echtes Drohnen-Spiel, siehe docs/material-sighting.md) / Winkel-Label 'Wide', deckt Plays 001-056+059-063 ab (61 Clips) -- Session nach Hudl-Winkel-Label aufgeteilt (Teil-Ueberlappung mit Label 'End Zone' bei Plays 057-063, siehe docs/material-sighting.md) / Freigabe Verband 2026-08-31 / neu registriert 2026-09-02 / Hudl-Breakdown vorhanden -> PBP-Join moeglich (Sheet1, 66 Zeilen)"
drone,2026-05-16_FRIENDLY-GER-vs-PUERTORICO-DRONE-WIDE,,2026-05-16,1920x1080,30.0,17.67,data/video/2026-05-16_Friendly_GERvsPuertoRico_Drone_9711283/Wide - Clip 005.mp4,1ab428309e269100e8a2d3d812db0728ee416dee0d8e307cdbf79d29caea0e2c,"Hudl-Re-Encode Playlist 9711283 / Clip pro Play / Freundschaftsspiel GER vs Puerto Rico, selber Tag wie Piloten-Spiel GER vs Panama Rojo, anderer Gegner, 66 Spielzuege lt. Breakdown (>= 40, zweites echtes Drohnen-Spiel, siehe docs/material-sighting.md) / Winkel-Label 'Wide', deckt Plays 001-056+059-063 ab (61 Clips) -- Session nach Hudl-Winkel-Label aufgeteilt (Teil-Ueberlappung mit Label 'End Zone' bei Plays 057-063, siehe docs/material-sighting.md) / Freigabe Verband 2026-08-31 / neu registriert 2026-09-02 / Hudl-Breakdown vorhanden -> PBP-Join moeglich (Sheet1, 66 Zeilen)"
drone,2026-05-16_FRIENDLY-GER-vs-PUERTORICO-DRONE-WIDE,,2026-05-16,1920x1080,30.0,13.8,data/video/2026-05-16_Friendly_GERvsPuertoRico_Drone_9711283/Wide - Clip 006.mp4,43649081e01664d26891c17dabb65ca4bbd679da6dd1b7ff8b2f437f50086d85,"Hudl-Re-Encode Playlist 9711283 / Clip pro Play / Freundschaftsspiel GER vs Puerto Rico, selber Tag wie Piloten-Spiel GER vs Panama Rojo, anderer Gegner, 66 Spielzuege lt. Breakdown (>= 40, zweites echtes Drohnen-Spiel, siehe docs/material-sighting.md) / Winkel-Label 'Wide', deckt Plays 001-056+059-063 ab (61 Clips) -- Session nach Hudl-Winkel-Label aufgeteilt (Teil-Ueberlappung mit Label 'End Zone' bei Plays 057-063, siehe docs/material-sighting.md) / Freigabe Verband 2026-08-31 / neu registriert 2026-09-02 / Hudl-Breakdown vorhanden -> PBP-Join moeglich (Sheet1, 66 Zeilen)"
drone,2026-05-16_FRIENDLY-GER-vs-PUERTORICO-DRONE-WIDE,,2026-05-16,1920x1080,30.0,14.7,data/video/2026-05-16_Friendly_GERvsPuertoRico_Drone_9711283/Wide - Clip 007.mp4,3973d12fd96785d64ff5c1b8d1edd9ae7cbbc144936fe0f9b75f0dd16142d6a3,"Hudl-Re-Encode Playlist 9711283 / Clip pro Play / Freundschaftsspiel GER vs Puerto Rico, selber Tag wie Piloten-Spiel GER vs Panama Rojo, anderer Gegner, 66 Spielzuege lt. Breakdown (>= 40, zweites echtes Drohnen-Spiel, siehe docs/material-sighting.md) / Winkel-Label 'Wide', deckt Plays 001-056+059-063 ab (61 Clips) -- Session nach Hudl-Winkel-Label aufgeteilt (Teil-Ueberlappung mit Label 'End Zone' bei Plays 057-063, siehe docs/material-sighting.md) / Freigabe Verband 2026-08-31 / neu registriert 2026-09-02 / Hudl-Breakdown vorhanden -> PBP-Join moeglich (Sheet1, 66 Zeilen)"
drone,2026-05-16_FRIENDLY-GER-vs-PUERTORICO-DRONE-WIDE,,2026-05-16,1920x1080,30.0,15.17,data/video/2026-05-16_Friendly_GERvsPuertoRico_Drone_9711283/Wide - Clip 008.mp4,c136879bd5be5105802125ed499ccf0b8f4ba39928f38442a440c1e86d7195d7,"Hudl-Re-Encode Playlist 9711283 / Clip pro Play / Freundschaftsspiel GER vs Puerto Rico, selber Tag wie Piloten-Spiel GER vs Panama Rojo, anderer Gegner, 66 Spielzuege lt. Breakdown (>= 40, zweites echtes Drohnen-Spiel, siehe docs/material-sighting.md) / Winkel-Label 'Wide', deckt Plays 001-056+059-063 ab (61 Clips) -- Session nach Hudl-Winkel-Label aufgeteilt (Teil-Ueberlappung mit Label 'End Zone' bei Plays 057-063, siehe docs/material-sighting.md) / Freigabe Verband 2026-08-31 / neu registriert 2026-09-02 / Hudl-Breakdown vorhanden -> PBP-Join moeglich (Sheet1, 66 Zeilen)"
drone,2026-05-16_FRIENDLY-GER-vs-PUERTORICO-DRONE-WIDE,,2026-05-16,1920x1080,30.0,14.07,data/video/2026-05-16_Friendly_GERvsPuertoRico_Drone_9711283/Wide - Clip 009.mp4,85b075446cb1316919e6d6324fd0a34dccb24b0c56fe5b49dbe6b5ef7bb2e875,"Hudl-Re-Encode Playlist 9711283 / Clip pro Play / Freundschaftsspiel GER vs Puerto Rico, selber Tag wie Piloten-Spiel GER vs Panama Rojo, anderer Gegner, 66 Spielzuege lt. Breakdown (>= 40, zweites echtes Drohnen-Spiel, siehe docs/material-sighting.md) / Winkel-Label 'Wide', deckt Plays 001-056+059-063 ab (61 Clips) -- Session nach Hudl-Winkel-Label aufgeteilt (Teil-Ueberlappung mit Label 'End Zone' bei Plays 057-063, siehe docs/material-sighting.md) / Freigabe Verband 2026-08-31 / neu registriert 2026-09-02 / Hudl-Breakdown vorhanden -> PBP-Join moeglich (Sheet1, 66 Zeilen)"
drone,2026-05-16_FRIENDLY-GER-vs-PUERTORICO-DRONE-WIDE,,2026-05-16,1920x1080,30.0,12.3,data/video/2026-05-16_Friendly_GERvsPuertoRico_Drone_9711283/Wide - Clip 010.mp4,dd9a4f6d8fc055016cdb77da8c2b4f73fc60809aac0f4f0e1171836bdac4d97f,"Hudl-Re-Encode Playlist 9711283 / Clip pro Play / Freundschaftsspiel GER vs Puerto Rico, selber Tag wie Piloten-Spiel GER vs Panama Rojo, anderer Gegner, 66 Spielzuege lt. Breakdown (>= 40, zweites echtes Drohnen-Spiel, siehe docs/material-sighting.md) / Winkel-Label 'Wide', deckt Plays 001-056+059-063 ab (61 Clips) -- Session nach Hudl-Winkel-Label aufgeteilt (Teil-Ueberlappung mit Label 'End Zone' bei Plays 057-063, siehe docs/material-sighting.md) / Freigabe Verband 2026-08-31 / neu registriert 2026-09-02 / Hudl-Breakdown vorhanden -> PBP-Join moeglich (Sheet1, 66 Zeilen)"
drone,2026-05-16_FRIENDLY-GER-vs-PUERTORICO-DRONE-WIDE,,2026-05-16,1920x1080,30.0,14.2,data/video/2026-05-16_Friendly_GERvsPuertoRico_Drone_9711283/Wide - Clip 011.mp4,59e3f57fce4660c0bc5a0f6b91e38781e5491e30759b12152c978f5b79aa14a3,"Hudl-Re-Encode Playlist 9711283 / Clip pro Play / Freundschaftsspiel GER vs Puerto Rico, selber Tag wie Piloten-Spiel GER vs Panama Rojo, anderer Gegner, 66 Spielzuege lt. Breakdown (>= 40, zweites echtes Drohnen-Spiel, siehe docs/material-sighting.md) / Winkel-Label 'Wide', deckt Plays 001-056+059-063 ab (61 Clips) -- Session nach Hudl-Winkel-Label aufgeteilt (Teil-Ueberlappung mit Label 'End Zone' bei Plays 057-063, siehe docs/material-sighting.md) / Freigabe Verband 2026-08-31 / neu registriert 2026-09-02 / Hudl-Breakdown vorhanden -> PBP-Join moeglich (Sheet1, 66 Zeilen)"
drone,2026-05-16_FRIENDLY-GER-vs-PUERTORICO-DRONE-WIDE,,2026-05-16,1920x1080,30.0,11.0,data/video/2026-05-16_Friendly_GERvsPuertoRico_Drone_9711283/Wide - Clip 012.mp4,1b7288fbaa329ae1557732b9ebf822ea77036ecdbf8e9c7d3adfdaf7d4ce4f02,"Hudl-Re-Encode Playlist 9711283 / Clip pro Play / Freundschaftsspiel GER vs Puerto Rico, selber Tag wie Piloten-Spiel GER vs Panama Rojo, anderer Gegner, 66 Spielzuege lt. Breakdown (>= 40, zweites echtes Drohnen-Spiel, siehe docs/material-sighting.md) / Winkel-Label 'Wide', deckt Plays 001-056+059-063 ab (61 Clips) -- Session nach Hudl-Winkel-Label aufgeteilt (Teil-Ueberlappung mit Label 'End Zone' bei Plays 057-063, siehe docs/material-sighting.md) / Freigabe Verband 2026-08-31 / neu registriert 2026-09-02 / Hudl-Breakdown vorhanden -> PBP-Join moeglich (Sheet1, 66 Zeilen)"
drone,2026-05-16_FRIENDLY-GER-vs-PUERTORICO-DRONE-WIDE,,2026-05-16,1920x1080,30.0,11.23,data/video/2026-05-16_Friendly_GERvsPuertoRico_Drone_9711283/Wide - Clip 013.mp4,32c8a211be0a6c18c0410130e11f83b4baf46c6e2c12e2ba36bcc724d7041188,"Hudl-Re-Encode Playlist 9711283 / Clip pro Play / Freundschaftsspiel GER vs Puerto Rico, selber Tag wie Piloten-Spiel GER vs Panama Rojo, anderer Gegner, 66 Spielzuege lt. Breakdown (>= 40, zweites echtes Drohnen-Spiel, siehe docs/material-sighting.md) / Winkel-Label 'Wide', deckt Plays 001-056+059-063 ab (61 Clips) -- Session nach Hudl-Winkel-Label aufgeteilt (Teil-Ueberlappung mit Label 'End Zone' bei Plays 057-063, siehe docs/material-sighting.md) / Freigabe Verband 2026-08-31 / neu registriert 2026-09-02 / Hudl-Breakdown vorhanden -> PBP-Join moeglich (Sheet1, 66 Zeilen)"
drone,2026-05-16_FRIENDLY-GER-vs-PUERTORICO-DRONE-WIDE,,2026-05-16,1920x1080,30.0,12.53,data/video/2026-05-16_Friendly_GERvsPuertoRico_Drone_9711283/Wide - Clip 014.mp4,78ac0fdbe204ea0382fb9d1b17d6259a947881c2f6796137432c20b391603426,"Hudl-Re-Encode Playlist 9711283 / Clip pro Play / Freundschaftsspiel GER vs Puerto Rico, selber Tag wie Piloten-Spiel GER vs Panama Rojo, anderer Gegner, 66 Spielzuege lt. Breakdown (>= 40, zweites echtes Drohnen-Spiel, siehe docs/material-sighting.md) / Winkel-Label 'Wide', deckt Plays 001-056+059-063 ab (61 Clips) -- Session nach Hudl-Winkel-Label aufgeteilt (Teil-Ueberlappung mit Label 'End Zone' bei Plays 057-063, siehe docs/material-sighting.md) / Freigabe Verband 2026-08-31 / neu registriert 2026-09-02 / Hudl-Breakdown vorhanden -> PBP-Join moeglich (Sheet1, 66 Zeilen)"
drone,2026-05-16_FRIENDLY-GER-vs-PUERTORICO-DRONE-WIDE,,2026-05-16,1920x1080,30.0,13.9,data/video/2026-05-16_Friendly_GERvsPuertoRico_Drone_9711283/Wide - Clip 015.mp4,6903776f10fdf51779dba75dc6bea017ff92a5f9effae7ba09a629d05c4f83d7,"Hudl-Re-Encode Playlist 9711283 / Clip pro Play / Freundschaftsspiel GER vs Puerto Rico, selber Tag wie Piloten-Spiel GER vs Panama Rojo, anderer Gegner, 66 Spielzuege lt. Breakdown (>= 40, zweites echtes Drohnen-Spiel, siehe docs/material-sighting.md) / Winkel-Label 'Wide', deckt Plays 001-056+059-063 ab (61 Clips) -- Session nach Hudl-Winkel-Label aufgeteilt (Teil-Ueberlappung mit Label 'End Zone' bei Plays 057-063, siehe docs/material-sighting.md) / Freigabe Verband 2026-08-31 / neu registriert 2026-09-02 / Hudl-Breakdown vorhanden -> PBP-Join moeglich (Sheet1, 66 Zeilen)"
drone,2026-05-16_FRIENDLY-GER-vs-PUERTORICO-DRONE-WIDE,,2026-05-16,1920x1080,30.0,14.87,data/video/2026-05-16_Friendly_GERvsPuertoRico_Drone_9711283/Wide - Clip 016.mp4,931d4590fee36e919b0c1785891dbf455415a43974c82b845ebc6c651f38f8a5,"Hudl-Re-Encode Playlist 9711283 / Clip pro Play / Freundschaftsspiel GER vs Puerto Rico, selber Tag wie Piloten-Spiel GER vs Panama Rojo, anderer Gegner, 66 Spielzuege lt. Breakdown (>= 40, zweites echtes Drohnen-Spiel, siehe docs/material-sighting.md) / Winkel-Label 'Wide', deckt Plays 001-056+059-063 ab (61 Clips) -- Session nach Hudl-Winkel-Label aufgeteilt (Teil-Ueberlappung mit Label 'End Zone' bei Plays 057-063, siehe docs/material-sighting.md) / Freigabe Verband 2026-08-31 / neu registriert 2026-09-02 / Hudl-Breakdown vorhanden -> PBP-Join moeglich (Sheet1, 66 Zeilen)"
drone,2026-05-16_FRIENDLY-GER-vs-PUERTORICO-DRONE-WIDE,,2026-05-16,1920x1080,30.0,10.33,data/video/2026-05-16_Friendly_GERvsPuertoRico_Drone_9711283/Wide - Clip 017.mp4,4e04479651b4fa32f3e3ffaaa730758ebd52ea5e252657d70793554620177056,"Hudl-Re-Encode Playlist 9711283 / Clip pro Play / Freundschaftsspiel GER vs Puerto Rico, selber Tag wie Piloten-Spiel GER vs Panama Rojo, anderer Gegner, 66 Spielzuege lt. Breakdown (>= 40, zweites echtes Drohnen-Spiel, siehe docs/material-sighting.md) / Winkel-Label 'Wide', deckt Plays 001-056+059-063 ab (61 Clips) -- Session nach Hudl-Winkel-Label aufgeteilt (Teil-Ueberlappung mit Label 'End Zone' bei Plays 057-063, siehe docs/material-sighting.md) / Freigabe Verband 2026-08-31 / neu registriert 2026-09-02 / Hudl-Breakdown vorhanden -> PBP-Join moeglich (Sheet1, 66 Zeilen)"
drone,2026-05-16_FRIENDLY-GER-vs-PUERTORICO-DRONE-WIDE,,2026-05-16,1920x1080,30.0,11.7,data/video/2026-05-16_Friendly_GERvsPuertoRico_Drone_9711283/Wide - Clip 018.mp4,d34d98ad5233171a2b6e87a9cbb9ed6d23f00c8f177279dfe0817eb56f531c6b,"Hudl-Re-Encode Playlist 9711283 / Clip pro Play / Freundschaftsspiel GER vs Puerto Rico, selber Tag wie Piloten-Spiel GER vs Panama Rojo, anderer Gegner, 66 Spielzuege lt. Breakdown (>= 40, zweites echtes Drohnen-Spiel, siehe docs/material-sighting.md) / Winkel-Label 'Wide', deckt Plays 001-056+059-063 ab (61 Clips) -- Session nach Hudl-Winkel-Label aufgeteilt (Teil-Ueberlappung mit Label 'End Zone' bei Plays 057-063, siehe docs/material-sighting.md) / Freigabe Verband 2026-08-31 / neu registriert 2026-09-02 / Hudl-Breakdown vorhanden -> PBP-Join moeglich (Sheet1, 66 Zeilen)"
drone,2026-05-16_FRIENDLY-GER-vs-PUERTORICO-DRONE-WIDE,,2026-05-16,1920x1080,30.0,10.1,data/video/2026-05-16_Friendly_GERvsPuertoRico_Drone_9711283/Wide - Clip 019.mp4,967b5eff2663410b4a2bca3a4e19c299e9d4b345524773f0ba669ef2e3fd6bab,"Hudl-Re-Encode Playlist 9711283 / Clip pro Play / Freundschaftsspiel GER vs Puerto Rico, selber Tag wie Piloten-Spiel GER vs Panama Rojo, anderer Gegner, 66 Spielzuege lt. Breakdown (>= 40, zweites echtes Drohnen-Spiel, siehe docs/material-sighting.md) / Winkel-Label 'Wide', deckt Plays 001-056+059-063 ab (61 Clips) -- Session nach Hudl-Winkel-Label aufgeteilt (Teil-Ueberlappung mit Label 'End Zone' bei Plays 057-063, siehe docs/material-sighting.md) / Freigabe Verband 2026-08-31 / neu registriert 2026-09-02 / Hudl-Breakdown vorhanden -> PBP-Join moeglich (Sheet1, 66 Zeilen)"
drone,2026-05-16_FRIENDLY-GER-vs-PUERTORICO-DRONE-WIDE,,2026-05-16,1920x1080,30.0,12.87,data/video/2026-05-16_Friendly_GERvsPuertoRico_Drone_9711283/Wide - Clip 020.mp4,99dd4da65868d5ee10fb2ed1d3040dd556d95f2e838770d124954356777b4c9f,"Hudl-Re-Encode Playlist 9711283 / Clip pro Play / Freundschaftsspiel GER vs Puerto Rico, selber Tag wie Piloten-Spiel GER vs Panama Rojo, anderer Gegner, 66 Spielzuege lt. Breakdown (>= 40, zweites echtes Drohnen-Spiel, siehe docs/material-sighting.md) / Winkel-Label 'Wide', deckt Plays 001-056+059-063 ab (61 Clips) -- Session nach Hudl-Winkel-Label aufgeteilt (Teil-Ueberlappung mit Label 'End Zone' bei Plays 057-063, siehe docs/material-sighting.md) / Freigabe Verband 2026-08-31 / neu registriert 2026-09-02 / Hudl-Breakdown vorhanden -> PBP-Join moeglich (Sheet1, 66 Zeilen)"
drone,2026-05-16_FRIENDLY-GER-vs-PUERTORICO-DRONE-WIDE,,2026-05-16,1920x1080,30.0,9.3,data/video/2026-05-16_Friendly_GERvsPuertoRico_Drone_9711283/Wide - Clip 021.mp4,5cb140f12f695289212c3591efa3d45158e842b08f9cee2b89fb247e59e815c3,"Hudl-Re-Encode Playlist 9711283 / Clip pro Play / Freundschaftsspiel GER vs Puerto Rico, selber Tag wie Piloten-Spiel GER vs Panama Rojo, anderer Gegner, 66 Spielzuege lt. Breakdown (>= 40, zweites echtes Drohnen-Spiel, siehe docs/material-sighting.md) / Winkel-Label 'Wide', deckt Plays 001-056+059-063 ab (61 Clips) -- Session nach Hudl-Winkel-Label aufgeteilt (Teil-Ueberlappung mit Label 'End Zone' bei Plays 057-063, siehe docs/material-sighting.md) / Freigabe Verband 2026-08-31 / neu registriert 2026-09-02 / Hudl-Breakdown vorhanden -> PBP-Join moeglich (Sheet1, 66 Zeilen)"
drone,2026-05-16_FRIENDLY-GER-vs-PUERTORICO-DRONE-WIDE,,2026-05-16,1920x1080,30.0,11.17,data/video/2026-05-16_Friendly_GERvsPuertoRico_Drone_9711283/Wide - Clip 022.mp4,0fb940a1f7e5b030f745c65a4d8539abb9c5a64691e3bbd6186ea1b01da6d2c8,"Hudl-Re-Encode Playlist 9711283 / Clip pro Play / Freundschaftsspiel GER vs Puerto Rico, selber Tag wie Piloten-Spiel GER vs Panama Rojo, anderer Gegner, 66 Spielzuege lt. Breakdown (>= 40, zweites echtes Drohnen-Spiel, siehe docs/material-sighting.md) / Winkel-Label 'Wide', deckt Plays 001-056+059-063 ab (61 Clips) -- Session nach Hudl-Winkel-Label aufgeteilt (Teil-Ueberlappung mit Label 'End Zone' bei Plays 057-063, siehe docs/material-sighting.md) / Freigabe Verband 2026-08-31 / neu registriert 2026-09-02 / Hudl-Breakdown vorhanden -> PBP-Join moeglich (Sheet1, 66 Zeilen)"
drone,2026-05-16_FRIENDLY-GER-vs-PUERTORICO-DRONE-WIDE,,2026-05-16,1920x1080,30.0,13.5,data/video/2026-05-16_Friendly_GERvsPuertoRico_Drone_9711283/Wide - Clip 023.mp4,47d69f29728b96087235a999c16e6fd6e0596e64c33910840176fa2717696feb,"Hudl-Re-Encode Playlist 9711283 / Clip pro Play / Freundschaftsspiel GER vs Puerto Rico, selber Tag wie Piloten-Spiel GER vs Panama Rojo, anderer Gegner, 66 Spielzuege lt. Breakdown (>= 40, zweites echtes Drohnen-Spiel, siehe docs/material-sighting.md) / Winkel-Label 'Wide', deckt Plays 001-056+059-063 ab (61 Clips) -- Session nach Hudl-Winkel-Label aufgeteilt (Teil-Ueberlappung mit Label 'End Zone' bei Plays 057-063, siehe docs/material-sighting.md) / Freigabe Verband 2026-08-31 / neu registriert 2026-09-02 / Hudl-Breakdown vorhanden -> PBP-Join moeglich (Sheet1, 66 Zeilen)"
drone,2026-05-16_FRIENDLY-GER-vs-PUERTORICO-DRONE-WIDE,,2026-05-16,1920x1080,30.0,11.33,data/video/2026-05-16_Friendly_GERvsPuertoRico_Drone_9711283/Wide - Clip 024.mp4,977b089a2513bc062f42be3aba6a97dd2cedef6697eb43a8db2a41a654897c98,"Hudl-Re-Encode Playlist 9711283 / Clip pro Play / Freundschaftsspiel GER vs Puerto Rico, selber Tag wie Piloten-Spiel GER vs Panama Rojo, anderer Gegner, 66 Spielzuege lt. Breakdown (>= 40, zweites echtes Drohnen-Spiel, siehe docs/material-sighting.md) / Winkel-Label 'Wide', deckt Plays 001-056+059-063 ab (61 Clips) -- Session nach Hudl-Winkel-Label aufgeteilt (Teil-Ueberlappung mit Label 'End Zone' bei Plays 057-063, siehe docs/material-sighting.md) / Freigabe Verband 2026-08-31 / neu registriert 2026-09-02 / Hudl-Breakdown vorhanden -> PBP-Join moeglich (Sheet1, 66 Zeilen)"
drone,2026-05-16_FRIENDLY-GER-vs-PUERTORICO-DRONE-WIDE,,2026-05-16,1920x1080,30.0,10.63,data/video/2026-05-16_Friendly_GERvsPuertoRico_Drone_9711283/Wide - Clip 025.mp4,22214bd6106f14e22e7481d50f5c3f8edc1ff4c6c0f0ccc0fa0386ac88cdd4af,"Hudl-Re-Encode Playlist 9711283 / Clip pro Play / Freundschaftsspiel GER vs Puerto Rico, selber Tag wie Piloten-Spiel GER vs Panama Rojo, anderer Gegner, 66 Spielzuege lt. Breakdown (>= 40, zweites echtes Drohnen-Spiel, siehe docs/material-sighting.md) / Winkel-Label 'Wide', deckt Plays 001-056+059-063 ab (61 Clips) -- Session nach Hudl-Winkel-Label aufgeteilt (Teil-Ueberlappung mit Label 'End Zone' bei Plays 057-063, siehe docs/material-sighting.md) / Freigabe Verband 2026-08-31 / neu registriert 2026-09-02 / Hudl-Breakdown vorhanden -> PBP-Join moeglich (Sheet1, 66 Zeilen)"
drone,2026-05-16_FRIENDLY-GER-vs-PUERTORICO-DRONE-WIDE,,2026-05-16,1920x1080,30.0,12.13,data/video/2026-05-16_Friendly_GERvsPuertoRico_Drone_9711283/Wide - Clip 026.mp4,9c9916cb1aaf62ad4ac69f16991bd32b078a32cc49c2d52bfcbf640818ab4dfd,"Hudl-Re-Encode Playlist 9711283 / Clip pro Play / Freundschaftsspiel GER vs Puerto Rico, selber Tag wie Piloten-Spiel GER vs Panama Rojo, anderer Gegner, 66 Spielzuege lt. Breakdown (>= 40, zweites echtes Drohnen-Spiel, siehe docs/material-sighting.md) / Winkel-Label 'Wide', deckt Plays 001-056+059-063 ab (61 Clips) -- Session nach Hudl-Winkel-Label aufgeteilt (Teil-Ueberlappung mit Label 'End Zone' bei Plays 057-063, siehe docs/material-sighting.md) / Freigabe Verband 2026-08-31 / neu registriert 2026-09-02 / Hudl-Breakdown vorhanden -> PBP-Join moeglich (Sheet1, 66 Zeilen)"
drone,2026-05-16_FRIENDLY-GER-vs-PUERTORICO-DRONE-WIDE,,2026-05-16,1920x1080,30.0,11.63,data/video/2026-05-16_Friendly_GERvsPuertoRico_Drone_9711283/Wide - Clip 027.mp4,e48bea80057fafb4ea8a459eddd4af1c169df5731036161e9beec78b25f2067a,"Hudl-Re-Encode Playlist 9711283 / Clip pro Play / Freundschaftsspiel GER vs Puerto Rico, selber Tag wie Piloten-Spiel GER vs Panama Rojo, anderer Gegner, 66 Spielzuege lt. Breakdown (>= 40, zweites echtes Drohnen-Spiel, siehe docs/material-sighting.md) / Winkel-Label 'Wide', deckt Plays 001-056+059-063 ab (61 Clips) -- Session nach Hudl-Winkel-Label aufgeteilt (Teil-Ueberlappung mit Label 'End Zone' bei Plays 057-063, siehe docs/material-sighting.md) / Freigabe Verband 2026-08-31 / neu registriert 2026-09-02 / Hudl-Breakdown vorhanden -> PBP-Join moeglich (Sheet1, 66 Zeilen)"
drone,2026-05-16_FRIENDLY-GER-vs-PUERTORICO-DRONE-WIDE,,2026-05-16,1920x1080,30.0,10.17,data/video/2026-05-16_Friendly_GERvsPuertoRico_Drone_9711283/Wide - Clip 028.mp4,f856bc0c98541fcc86d1ddb017ffe147d7991909ee29f4e0af7d69bda06044f5,"Hudl-Re-Encode Playlist 9711283 / Clip pro Play / Freundschaftsspiel GER vs Puerto Rico, selber Tag wie Piloten-Spiel GER vs Panama Rojo, anderer Gegner, 66 Spielzuege lt. Breakdown (>= 40, zweites echtes Drohnen-Spiel, siehe docs/material-sighting.md) / Winkel-Label 'Wide', deckt Plays 001-056+059-063 ab (61 Clips) -- Session nach Hudl-Winkel-Label aufgeteilt (Teil-Ueberlappung mit Label 'End Zone' bei Plays 057-063, siehe docs/material-sighting.md) / Freigabe Verband 2026-08-31 / neu registriert 2026-09-02 / Hudl-Breakdown vorhanden -> PBP-Join moeglich (Sheet1, 66 Zeilen)"
drone,2026-05-16_FRIENDLY-GER-vs-PUERTORICO-DRONE-WIDE,,2026-05-16,1920x1080,30.0,20.33,data/video/2026-05-16_Friendly_GERvsPuertoRico_Drone_9711283/Wide - Clip 029.mp4,9adef728bab0e1a03b8e43e327f4bdfb3f4cb31b70d0969eea0ab8636776a411,"Hudl-Re-Encode Playlist 9711283 / Clip pro Play / Freundschaftsspiel GER vs Puerto Rico, selber Tag wie Piloten-Spiel GER vs Panama Rojo, anderer Gegner, 66 Spielzuege lt. Breakdown (>= 40, zweites echtes Drohnen-Spiel, siehe docs/material-sighting.md) / Winkel-Label 'Wide', deckt Plays 001-056+059-063 ab (61 Clips) -- Session nach Hudl-Winkel-Label aufgeteilt (Teil-Ueberlappung mit Label 'End Zone' bei Plays 057-063, siehe docs/material-sighting.md) / Freigabe Verband 2026-08-31 / neu registriert 2026-09-02 / Hudl-Breakdown vorhanden -> PBP-Join moeglich (Sheet1, 66 Zeilen)"
drone,2026-05-16_FRIENDLY-GER-vs-PUERTORICO-DRONE-WIDE,,2026-05-16,1920x1080,30.0,9.4,data/video/2026-05-16_Friendly_GERvsPuertoRico_Drone_9711283/Wide - Clip 030.mp4,05d4f1a97d9fc9c82886a21c05e43420784d4ac305b9fbecba4b6f71eb00223f,"Hudl-Re-Encode Playlist 9711283 / Clip pro Play / Freundschaftsspiel GER vs Puerto Rico, selber Tag wie Piloten-Spiel GER vs Panama Rojo, anderer Gegner, 66 Spielzuege lt. Breakdown (>= 40, zweites echtes Drohnen-Spiel, siehe docs/material-sighting.md) / Winkel-Label 'Wide', deckt Plays 001-056+059-063 ab (61 Clips) -- Session nach Hudl-Winkel-Label aufgeteilt (Teil-Ueberlappung mit Label 'End Zone' bei Plays 057-063, siehe docs/material-sighting.md) / Freigabe Verband 2026-08-31 / neu registriert 2026-09-02 / Hudl-Breakdown vorhanden -> PBP-Join moeglich (Sheet1, 66 Zeilen)"
drone,2026-05-16_FRIENDLY-GER-vs-PUERTORICO-DRONE-WIDE,,2026-05-16,1920x1080,30.0,10.2,data/video/2026-05-16_Friendly_GERvsPuertoRico_Drone_9711283/Wide - Clip 031.mp4,08b9f0ef300c72ac65b58acc73064ee5c454b35dfec092b42dc07bd56abb29fd,"Hudl-Re-Encode Playlist 9711283 / Clip pro Play / Freundschaftsspiel GER vs Puerto Rico, selber Tag wie Piloten-Spiel GER vs Panama Rojo, anderer Gegner, 66 Spielzuege lt. Breakdown (>= 40, zweites echtes Drohnen-Spiel, siehe docs/material-sighting.md) / Winkel-Label 'Wide', deckt Plays 001-056+059-063 ab (61 Clips) -- Session nach Hudl-Winkel-Label aufgeteilt (Teil-Ueberlappung mit Label 'End Zone' bei Plays 057-063, siehe docs/material-sighting.md) / Freigabe Verband 2026-08-31 / neu registriert 2026-09-02 / Hudl-Breakdown vorhanden -> PBP-Join moeglich (Sheet1, 66 Zeilen)"
drone,2026-05-16_FRIENDLY-GER-vs-PUERTORICO-DRONE-WIDE,,2026-05-16,1920x1080,30.0,10.7,data/video/2026-05-16_Friendly_GERvsPuertoRico_Drone_9711283/Wide - Clip 032.mp4,53b30c88dd2f25984603417aff7ce4ea83c0e59873bf7a06a76a6ab4f70b9059,"Hudl-Re-Encode Playlist 9711283 / Clip pro Play / Freundschaftsspiel GER vs Puerto Rico, selber Tag wie Piloten-Spiel GER vs Panama Rojo, anderer Gegner, 66 Spielzuege lt. Breakdown (>= 40, zweites echtes Drohnen-Spiel, siehe docs/material-sighting.md) / Winkel-Label 'Wide', deckt Plays 001-056+059-063 ab (61 Clips) -- Session nach Hudl-Winkel-Label aufgeteilt (Teil-Ueberlappung mit Label 'End Zone' bei Plays 057-063, siehe docs/material-sighting.md) / Freigabe Verband 2026-08-31 / neu registriert 2026-09-02 / Hudl-Breakdown vorhanden -> PBP-Join moeglich (Sheet1, 66 Zeilen)"
drone,2026-05-16_FRIENDLY-GER-vs-PUERTORICO-DRONE-WIDE,,2026-05-16,1920x1080,30.0,12.07,data/video/2026-05-16_Friendly_GERvsPuertoRico_Drone_9711283/Wide - Clip 033.mp4,ba3e608115f6c216eb41bbffcf3dfc0598d3fcda93a1ab274a36ea2eb4e86f12,"Hudl-Re-Encode Playlist 9711283 / Clip pro Play / Freundschaftsspiel GER vs Puerto Rico, selber Tag wie Piloten-Spiel GER vs Panama Rojo, anderer Gegner, 66 Spielzuege lt. Breakdown (>= 40, zweites echtes Drohnen-Spiel, siehe docs/material-sighting.md) / Winkel-Label 'Wide', deckt Plays 001-056+059-063 ab (61 Clips) -- Session nach Hudl-Winkel-Label aufgeteilt (Teil-Ueberlappung mit Label 'End Zone' bei Plays 057-063, siehe docs/material-sighting.md) / Freigabe Verband 2026-08-31 / neu registriert 2026-09-02 / Hudl-Breakdown vorhanden -> PBP-Join moeglich (Sheet1, 66 Zeilen)"
drone,2026-05-16_FRIENDLY-GER-vs-PUERTORICO-DRONE-WIDE,,2026-05-16,1920x1080,30.0,8.97,data/video/2026-05-16_Friendly_GERvsPuertoRico_Drone_9711283/Wide - Clip 034.mp4,7f52961aeed7ab3a6f27ceb23d041e621746abb0716a044efbdd8ef4f8c9735b,"Hudl-Re-Encode Playlist 9711283 / Clip pro Play / Freundschaftsspiel GER vs Puerto Rico, selber Tag wie Piloten-Spiel GER vs Panama Rojo, anderer Gegner, 66 Spielzuege lt. Breakdown (>= 40, zweites echtes Drohnen-Spiel, siehe docs/material-sighting.md) / Winkel-Label 'Wide', deckt Plays 001-056+059-063 ab (61 Clips) -- Session nach Hudl-Winkel-Label aufgeteilt (Teil-Ueberlappung mit Label 'End Zone' bei Plays 057-063, siehe docs/material-sighting.md) / Freigabe Verband 2026-08-31 / neu registriert 2026-09-02 / Hudl-Breakdown vorhanden -> PBP-Join moeglich (Sheet1, 66 Zeilen)"
drone,2026-05-16_FRIENDLY-GER-vs-PUERTORICO-DRONE-WIDE,,2026-05-16,1920x1080,30.0,15.23,data/video/2026-05-16_Friendly_GERvsPuertoRico_Drone_9711283/Wide - Clip 035.mp4,d8063457e178eae096c4a15839096980db75eb5c3dc1e8691636ebc367c573bc,"Hudl-Re-Encode Playlist 9711283 / Clip pro Play / Freundschaftsspiel GER vs Puerto Rico, selber Tag wie Piloten-Spiel GER vs Panama Rojo, anderer Gegner, 66 Spielzuege lt. Breakdown (>= 40, zweites echtes Drohnen-Spiel, siehe docs/material-sighting.md) / Winkel-Label 'Wide', deckt Plays 001-056+059-063 ab (61 Clips) -- Session nach Hudl-Winkel-Label aufgeteilt (Teil-Ueberlappung mit Label 'End Zone' bei Plays 057-063, siehe docs/material-sighting.md) / Freigabe Verband 2026-08-31 / neu registriert 2026-09-02 / Hudl-Breakdown vorhanden -> PBP-Join moeglich (Sheet1, 66 Zeilen)"
drone,2026-05-16_FRIENDLY-GER-vs-PUERTORICO-DRONE-WIDE,,2026-05-16,1920x1080,30.0,5.37,data/video/2026-05-16_Friendly_GERvsPuertoRico_Drone_9711283/Wide - Clip 036.mp4,6326e60ea1ce8dab65a2b254f3cc37723a2a5c128c148c5dc3f5d3603623c696,"Hudl-Re-Encode Playlist 9711283 / Clip pro Play / Freundschaftsspiel GER vs Puerto Rico, selber Tag wie Piloten-Spiel GER vs Panama Rojo, anderer Gegner, 66 Spielzuege lt. Breakdown (>= 40, zweites echtes Drohnen-Spiel, siehe docs/material-sighting.md) / Winkel-Label 'Wide', deckt Plays 001-056+059-063 ab (61 Clips) -- Session nach Hudl-Winkel-Label aufgeteilt (Teil-Ueberlappung mit Label 'End Zone' bei Plays 057-063, siehe docs/material-sighting.md) / Freigabe Verband 2026-08-31 / neu registriert 2026-09-02 / Hudl-Breakdown vorhanden -> PBP-Join moeglich (Sheet1, 66 Zeilen)"
drone,2026-05-16_FRIENDLY-GER-vs-PUERTORICO-DRONE-WIDE,,2026-05-16,1920x1080,30.0,11.53,data/video/2026-05-16_Friendly_GERvsPuertoRico_Drone_9711283/Wide - Clip 037.mp4,2e8c43991126e5e392fae5d1598ed8b476f51ddc52512bdec65ac3c5e8c42440,"Hudl-Re-Encode Playlist 9711283 / Clip pro Play / Freundschaftsspiel GER vs Puerto Rico, selber Tag wie Piloten-Spiel GER vs Panama Rojo, anderer Gegner, 66 Spielzuege lt. Breakdown (>= 40, zweites echtes Drohnen-Spiel, siehe docs/material-sighting.md) / Winkel-Label 'Wide', deckt Plays 001-056+059-063 ab (61 Clips) -- Session nach Hudl-Winkel-Label aufgeteilt (Teil-Ueberlappung mit Label 'End Zone' bei Plays 057-063, siehe docs/material-sighting.md) / Freigabe Verband 2026-08-31 / neu registriert 2026-09-02 / Hudl-Breakdown vorhanden -> PBP-Join moeglich (Sheet1, 66 Zeilen)"
drone,2026-05-16_FRIENDLY-GER-vs-PUERTORICO-DRONE-WIDE,,2026-05-16,1920x1080,30.0,12.1,data/video/2026-05-16_Friendly_GERvsPuertoRico_Drone_9711283/Wide - Clip 038.mp4,936fb51c64fe0f0ce5f0fb2208b4834b0279ea52fd02b16884046da4606774c3,"Hudl-Re-Encode Playlist 9711283 / Clip pro Play / Freundschaftsspiel GER vs Puerto Rico, selber Tag wie Piloten-Spiel GER vs Panama Rojo, anderer Gegner, 66 Spielzuege lt. Breakdown (>= 40, zweites echtes Drohnen-Spiel, siehe docs/material-sighting.md) / Winkel-Label 'Wide', deckt Plays 001-056+059-063 ab (61 Clips) -- Session nach Hudl-Winkel-Label aufgeteilt (Teil-Ueberlappung mit Label 'End Zone' bei Plays 057-063, siehe docs/material-sighting.md) / Freigabe Verband 2026-08-31 / neu registriert 2026-09-02 / Hudl-Breakdown vorhanden -> PBP-Join moeglich (Sheet1, 66 Zeilen)"
drone,2026-05-16_FRIENDLY-GER-vs-PUERTORICO-DRONE-WIDE,,2026-05-16,1920x1080,30.0,13.17,data/video/2026-05-16_Friendly_GERvsPuertoRico_Drone_9711283/Wide - Clip 039.mp4,415b8a98c22fee40cefdabf3bd50c1faee2aec71393be0212b2874e707a21407,"Hudl-Re-Encode Playlist 9711283 / Clip pro Play / Freundschaftsspiel GER vs Puerto Rico, selber Tag wie Piloten-Spiel GER vs Panama Rojo, anderer Gegner, 66 Spielzuege lt. Breakdown (>= 40, zweites echtes Drohnen-Spiel, siehe docs/material-sighting.md) / Winkel-Label 'Wide', deckt Plays 001-056+059-063 ab (61 Clips) -- Session nach Hudl-Winkel-Label aufgeteilt (Teil-Ueberlappung mit Label 'End Zone' bei Plays 057-063, siehe docs/material-sighting.md) / Freigabe Verband 2026-08-31 / neu registriert 2026-09-02 / Hudl-Breakdown vorhanden -> PBP-Join moeglich (Sheet1, 66 Zeilen)"
drone,2026-05-16_FRIENDLY-GER-vs-PUERTORICO-DRONE-WIDE,,2026-05-16,1920x1080,30.0,13.8,data/video/2026-05-16_Friendly_GERvsPuertoRico_Drone_9711283/Wide - Clip 040.mp4,2028450376c164154440a0cc1bd02e5798f2f4092d0b47de250a65c0c1ae18a0,"Hudl-Re-Encode Playlist 9711283 / Clip pro Play / Freundschaftsspiel GER vs Puerto Rico, selber Tag wie Piloten-Spiel GER vs Panama Rojo, anderer Gegner, 66 Spielzuege lt. Breakdown (>= 40, zweites echtes Drohnen-Spiel, siehe docs/material-sighting.md) / Winkel-Label 'Wide', deckt Plays 001-056+059-063 ab (61 Clips) -- Session nach Hudl-Winkel-Label aufgeteilt (Teil-Ueberlappung mit Label 'End Zone' bei Plays 057-063, siehe docs/material-sighting.md) / Freigabe Verband 2026-08-31 / neu registriert 2026-09-02 / Hudl-Breakdown vorhanden -> PBP-Join moeglich (Sheet1, 66 Zeilen)"
drone,2026-05-16_FRIENDLY-GER-vs-PUERTORICO-DRONE-WIDE,,2026-05-16,1920x1080,30.0,7.53,data/video/2026-05-16_Friendly_GERvsPuertoRico_Drone_9711283/Wide - Clip 041.mp4,ab9f99f40ab4850c752ac2c4546f4d8d0f915a0089985947c3e738296e2e71e5,"Hudl-Re-Encode Playlist 9711283 / Clip pro Play / Freundschaftsspiel GER vs Puerto Rico, selber Tag wie Piloten-Spiel GER vs Panama Rojo, anderer Gegner, 66 Spielzuege lt. Breakdown (>= 40, zweites echtes Drohnen-Spiel, siehe docs/material-sighting.md) / Winkel-Label 'Wide', deckt Plays 001-056+059-063 ab (61 Clips) -- Session nach Hudl-Winkel-Label aufgeteilt (Teil-Ueberlappung mit Label 'End Zone' bei Plays 057-063, siehe docs/material-sighting.md) / Freigabe Verband 2026-08-31 / neu registriert 2026-09-02 / Hudl-Breakdown vorhanden -> PBP-Join moeglich (Sheet1, 66 Zeilen)"
drone,2026-05-16_FRIENDLY-GER-vs-PUERTORICO-DRONE-WIDE,,2026-05-16,1920x1080,30.0,22.7,data/video/2026-05-16_Friendly_GERvsPuertoRico_Drone_9711283/Wide - Clip 042.mp4,4ceafe284f12c1a6d366a9781ac6db621917afa815476793be95e685de5e689e,"Hudl-Re-Encode Playlist 9711283 / Clip pro Play / Freundschaftsspiel GER vs Puerto Rico, selber Tag wie Piloten-Spiel GER vs Panama Rojo, anderer Gegner, 66 Spielzuege lt. Breakdown (>= 40, zweites echtes Drohnen-Spiel, siehe docs/material-sighting.md) / Winkel-Label 'Wide', deckt Plays 001-056+059-063 ab (61 Clips) -- Session nach Hudl-Winkel-Label aufgeteilt (Teil-Ueberlappung mit Label 'End Zone' bei Plays 057-063, siehe docs/material-sighting.md) / Freigabe Verband 2026-08-31 / neu registriert 2026-09-02 / Hudl-Breakdown vorhanden -> PBP-Join moeglich (Sheet1, 66 Zeilen)"
drone,2026-05-16_FRIENDLY-GER-vs-PUERTORICO-DRONE-WIDE,,2026-05-16,1920x1080,30.0,13.77,data/video/2026-05-16_Friendly_GERvsPuertoRico_Drone_9711283/Wide - Clip 043.mp4,bff4406df7c7f397358620eb1433de2aeb0136d615532ff6a63284284ec3dfac,"Hudl-Re-Encode Playlist 9711283 / Clip pro Play / Freundschaftsspiel GER vs Puerto Rico, selber Tag wie Piloten-Spiel GER vs Panama Rojo, anderer Gegner, 66 Spielzuege lt. Breakdown (>= 40, zweites echtes Drohnen-Spiel, siehe docs/material-sighting.md) / Winkel-Label 'Wide', deckt Plays 001-056+059-063 ab (61 Clips) -- Session nach Hudl-Winkel-Label aufgeteilt (Teil-Ueberlappung mit Label 'End Zone' bei Plays 057-063, siehe docs/material-sighting.md) / Freigabe Verband 2026-08-31 / neu registriert 2026-09-02 / Hudl-Breakdown vorhanden -> PBP-Join moeglich (Sheet1, 66 Zeilen)"
drone,2026-05-16_FRIENDLY-GER-vs-PUERTORICO-DRONE-WIDE,,2026-05-16,1920x1080,30.0,9.6,data/video/2026-05-16_Friendly_GERvsPuertoRico_Drone_9711283/Wide - Clip 044.mp4,cc1d5f29a116a71c7d4270b1f47be21dc6f83d8b5fdbbddeaf94eb1f8e444640,"Hudl-Re-Encode Playlist 9711283 / Clip pro Play / Freundschaftsspiel GER vs Puerto Rico, selber Tag wie Piloten-Spiel GER vs Panama Rojo, anderer Gegner, 66 Spielzuege lt. Breakdown (>= 40, zweites echtes Drohnen-Spiel, siehe docs/material-sighting.md) / Winkel-Label 'Wide', deckt Plays 001-056+059-063 ab (61 Clips) -- Session nach Hudl-Winkel-Label aufgeteilt (Teil-Ueberlappung mit Label 'End Zone' bei Plays 057-063, siehe docs/material-sighting.md) / Freigabe Verband 2026-08-31 / neu registriert 2026-09-02 / Hudl-Breakdown vorhanden -> PBP-Join moeglich (Sheet1, 66 Zeilen)"
drone,2026-05-16_FRIENDLY-GER-vs-PUERTORICO-DRONE-WIDE,,2026-05-16,1920x1080,30.0,8.47,data/video/2026-05-16_Friendly_GERvsPuertoRico_Drone_9711283/Wide - Clip 045.mp4,e3e85cb3e5133af34df89eb262b49f1f402188f0bb0442a29bf7713eeac9d508,"Hudl-Re-Encode Playlist 9711283 / Clip pro Play / Freundschaftsspiel GER vs Puerto Rico, selber Tag wie Piloten-Spiel GER vs Panama Rojo, anderer Gegner, 66 Spielzuege lt. Breakdown (>= 40, zweites echtes Drohnen-Spiel, siehe docs/material-sighting.md) / Winkel-Label 'Wide', deckt Plays 001-056+059-063 ab (61 Clips) -- Session nach Hudl-Winkel-Label aufgeteilt (Teil-Ueberlappung mit Label 'End Zone' bei Plays 057-063, siehe docs/material-sighting.md) / Freigabe Verband 2026-08-31 / neu registriert 2026-09-02 / Hudl-Breakdown vorhanden -> PBP-Join moeglich (Sheet1, 66 Zeilen)"
drone,2026-05-16_FRIENDLY-GER-vs-PUERTORICO-DRONE-WIDE,,2026-05-16,1920x1080,30.0,14.9,data/video/2026-05-16_Friendly_GERvsPuertoRico_Drone_9711283/Wide - Clip 046.mp4,f16b789e636bab33b581928a9e770e3ebfdc74143267e5c9c0c5d199e1c49856,"Hudl-Re-Encode Playlist 9711283 / Clip pro Play / Freundschaftsspiel GER vs Puerto Rico, selber Tag wie Piloten-Spiel GER vs Panama Rojo, anderer Gegner, 66 Spielzuege lt. Breakdown (>= 40, zweites echtes Drohnen-Spiel, siehe docs/material-sighting.md) / Winkel-Label 'Wide', deckt Plays 001-056+059-063 ab (61 Clips) -- Session nach Hudl-Winkel-Label aufgeteilt (Teil-Ueberlappung mit Label 'End Zone' bei Plays 057-063, siehe docs/material-sighting.md) / Freigabe Verband 2026-08-31 / neu registriert 2026-09-02 / Hudl-Breakdown vorhanden -> PBP-Join moeglich (Sheet1, 66 Zeilen)"
drone,2026-05-16_FRIENDLY-GER-vs-PUERTORICO-DRONE-WIDE,,2026-05-16,1920x1080,30.0,16.03,data/video/2026-05-16_Friendly_GERvsPuertoRico_Drone_9711283/Wide - Clip 047.mp4,6d308aff3b761d637656edcf0569f44d197c1116a698114023b9b2dd74d279f8,"Hudl-Re-Encode Playlist 9711283 / Clip pro Play / Freundschaftsspiel GER vs Puerto Rico, selber Tag wie Piloten-Spiel GER vs Panama Rojo, anderer Gegner, 66 Spielzuege lt. Breakdown (>= 40, zweites echtes Drohnen-Spiel, siehe docs/material-sighting.md) / Winkel-Label 'Wide', deckt Plays 001-056+059-063 ab (61 Clips) -- Session nach Hudl-Winkel-Label aufgeteilt (Teil-Ueberlappung mit Label 'End Zone' bei Plays 057-063, siehe docs/material-sighting.md) / Freigabe Verband 2026-08-31 / neu registriert 2026-09-02 / Hudl-Breakdown vorhanden -> PBP-Join moeglich (Sheet1, 66 Zeilen)"
drone,2026-05-16_FRIENDLY-GER-vs-PUERTORICO-DRONE-WIDE,,2026-05-16,1920x1080,30.0,10.1,data/video/2026-05-16_Friendly_GERvsPuertoRico_Drone_9711283/Wide - Clip 048.mp4,2d6a8b696ab7ddf6926a95b4b09cb7829e82b473347b9a22c10e0573820658b2,"Hudl-Re-Encode Playlist 9711283 / Clip pro Play / Freundschaftsspiel GER vs Puerto Rico, selber Tag wie Piloten-Spiel GER vs Panama Rojo, anderer Gegner, 66 Spielzuege lt. Breakdown (>= 40, zweites echtes Drohnen-Spiel, siehe docs/material-sighting.md) / Winkel-Label 'Wide', deckt Plays 001-056+059-063 ab (61 Clips) -- Session nach Hudl-Winkel-Label aufgeteilt (Teil-Ueberlappung mit Label 'End Zone' bei Plays 057-063, siehe docs/material-sighting.md) / Freigabe Verband 2026-08-31 / neu registriert 2026-09-02 / Hudl-Breakdown vorhanden -> PBP-Join moeglich (Sheet1, 66 Zeilen)"
drone,2026-05-16_FRIENDLY-GER-vs-PUERTORICO-DRONE-WIDE,,2026-05-16,1920x1080,30.0,11.4,data/video/2026-05-16_Friendly_GERvsPuertoRico_Drone_9711283/Wide - Clip 049.mp4,11196103d7929dc19c5f233eb16785ab799c1ab4ae66fbedee66e709ee390ba0,"Hudl-Re-Encode Playlist 9711283 / Clip pro Play / Freundschaftsspiel GER vs Puerto Rico, selber Tag wie Piloten-Spiel GER vs Panama Rojo, anderer Gegner, 66 Spielzuege lt. Breakdown (>= 40, zweites echtes Drohnen-Spiel, siehe docs/material-sighting.md) / Winkel-Label 'Wide', deckt Plays 001-056+059-063 ab (61 Clips) -- Session nach Hudl-Winkel-Label aufgeteilt (Teil-Ueberlappung mit Label 'End Zone' bei Plays 057-063, siehe docs/material-sighting.md) / Freigabe Verband 2026-08-31 / neu registriert 2026-09-02 / Hudl-Breakdown vorhanden -> PBP-Join moeglich (Sheet1, 66 Zeilen)"
drone,2026-05-16_FRIENDLY-GER-vs-PUERTORICO-DRONE-WIDE,,2026-05-16,1920x1080,30.0,14.9,data/video/2026-05-16_Friendly_GERvsPuertoRico_Drone_9711283/Wide - Clip 050.mp4,a1c7e7a1867187f48747b8f27255c2ec18f167dc7e7944289f84e46883de48e2,"Hudl-Re-Encode Playlist 9711283 / Clip pro Play / Freundschaftsspiel GER vs Puerto Rico, selber Tag wie Piloten-Spiel GER vs Panama Rojo, anderer Gegner, 66 Spielzuege lt. Breakdown (>= 40, zweites echtes Drohnen-Spiel, siehe docs/material-sighting.md) / Winkel-Label 'Wide', deckt Plays 001-056+059-063 ab (61 Clips) -- Session nach Hudl-Winkel-Label aufgeteilt (Teil-Ueberlappung mit Label 'End Zone' bei Plays 057-063, siehe docs/material-sighting.md) / Freigabe Verband 2026-08-31 / neu registriert 2026-09-02 / Hudl-Breakdown vorhanden -> PBP-Join moeglich (Sheet1, 66 Zeilen)"
drone,2026-05-16_FRIENDLY-GER-vs-PUERTORICO-DRONE-WIDE,,2026-05-16,1920x1080,30.0,14.53,data/video/2026-05-16_Friendly_GERvsPuertoRico_Drone_9711283/Wide - Clip 051.mp4,c03fc043ee9945d7ae5c26d8a0f3f06a575d3c72341e5f42f6134177f083f063,"Hudl-Re-Encode Playlist 9711283 / Clip pro Play / Freundschaftsspiel GER vs Puerto Rico, selber Tag wie Piloten-Spiel GER vs Panama Rojo, anderer Gegner, 66 Spielzuege lt. Breakdown (>= 40, zweites echtes Drohnen-Spiel, siehe docs/material-sighting.md) / Winkel-Label 'Wide', deckt Plays 001-056+059-063 ab (61 Clips) -- Session nach Hudl-Winkel-Label aufgeteilt (Teil-Ueberlappung mit Label 'End Zone' bei Plays 057-063, siehe docs/material-sighting.md) / Freigabe Verband 2026-08-31 / neu registriert 2026-09-02 / Hudl-Breakdown vorhanden -> PBP-Join moeglich (Sheet1, 66 Zeilen)"
drone,2026-05-16_FRIENDLY-GER-vs-PUERTORICO-DRONE-WIDE,,2026-05-16,1920x1080,30.0,16.6,data/video/2026-05-16_Friendly_GERvsPuertoRico_Drone_9711283/Wide - Clip 052.mp4,8a97ddc4de01c68d789d56dcf475938c61dc2ea40fc866f21f181a7b13390952,"Hudl-Re-Encode Playlist 9711283 / Clip pro Play / Freundschaftsspiel GER vs Puerto Rico, selber Tag wie Piloten-Spiel GER vs Panama Rojo, anderer Gegner, 66 Spielzuege lt. Breakdown (>= 40, zweites echtes Drohnen-Spiel, siehe docs/material-sighting.md) / Winkel-Label 'Wide', deckt Plays 001-056+059-063 ab (61 Clips) -- Session nach Hudl-Winkel-Label aufgeteilt (Teil-Ueberlappung mit Label 'End Zone' bei Plays 057-063, siehe docs/material-sighting.md) / Freigabe Verband 2026-08-31 / neu registriert 2026-09-02 / Hudl-Breakdown vorhanden -> PBP-Join moeglich (Sheet1, 66 Zeilen)"
drone,2026-05-16_FRIENDLY-GER-vs-PUERTORICO-DRONE-WIDE,,2026-05-16,1920x1080,30.0,11.93,data/video/2026-05-16_Friendly_GERvsPuertoRico_Drone_9711283/Wide - Clip 053.mp4,1c282320a0f6cf4e33f3c3f56f65515bc6bb0895ff924a8a46e82c598eab43fa,"Hudl-Re-Encode Playlist 9711283 / Clip pro Play / Freundschaftsspiel GER vs Puerto Rico, selber Tag wie Piloten-Spiel GER vs Panama Rojo, anderer Gegner, 66 Spielzuege lt. Breakdown (>= 40, zweites echtes Drohnen-Spiel, siehe docs/material-sighting.md) / Winkel-Label 'Wide', deckt Plays 001-056+059-063 ab (61 Clips) -- Session nach Hudl-Winkel-Label aufgeteilt (Teil-Ueberlappung mit Label 'End Zone' bei Plays 057-063, siehe docs/material-sighting.md) / Freigabe Verband 2026-08-31 / neu registriert 2026-09-02 / Hudl-Breakdown vorhanden -> PBP-Join moeglich (Sheet1, 66 Zeilen)"
drone,2026-05-16_FRIENDLY-GER-vs-PUERTORICO-DRONE-WIDE,,2026-05-16,1920x1080,30.0,11.5,data/video/2026-05-16_Friendly_GERvsPuertoRico_Drone_9711283/Wide - Clip 054.mp4,b4ad1923680be854644728afcf40cd27fbdd96d9d9255bb4816ea1d22112773c,"Hudl-Re-Encode Playlist 9711283 / Clip pro Play / Freundschaftsspiel GER vs Puerto Rico, selber Tag wie Piloten-Spiel GER vs Panama Rojo, anderer Gegner, 66 Spielzuege lt. Breakdown (>= 40, zweites echtes Drohnen-Spiel, siehe docs/material-sighting.md) / Winkel-Label 'Wide', deckt Plays 001-056+059-063 ab (61 Clips) -- Session nach Hudl-Winkel-Label aufgeteilt (Teil-Ueberlappung mit Label 'End Zone' bei Plays 057-063, siehe docs/material-sighting.md) / Freigabe Verband 2026-08-31 / neu registriert 2026-09-02 / Hudl-Breakdown vorhanden -> PBP-Join moeglich (Sheet1, 66 Zeilen)"
drone,2026-05-16_FRIENDLY-GER-vs-PUERTORICO-DRONE-WIDE,,2026-05-16,1920x1080,30.0,9.83,data/video/2026-05-16_Friendly_GERvsPuertoRico_Drone_9711283/Wide - Clip 055.mp4,b87cb807a92049c19b4bf567699cf4a094d0ac3c84d778f816c3671ea83db8e7,"Hudl-Re-Encode Playlist 9711283 / Clip pro Play / Freundschaftsspiel GER vs Puerto Rico, selber Tag wie Piloten-Spiel GER vs Panama Rojo, anderer Gegner, 66 Spielzuege lt. Breakdown (>= 40, zweites echtes Drohnen-Spiel, siehe docs/material-sighting.md) / Winkel-Label 'Wide', deckt Plays 001-056+059-063 ab (61 Clips) -- Session nach Hudl-Winkel-Label aufgeteilt (Teil-Ueberlappung mit Label 'End Zone' bei Plays 057-063, siehe docs/material-sighting.md) / Freigabe Verband 2026-08-31 / neu registriert 2026-09-02 / Hudl-Breakdown vorhanden -> PBP-Join moeglich (Sheet1, 66 Zeilen)"
drone,2026-05-16_FRIENDLY-GER-vs-PUERTORICO-DRONE-WIDE,,2026-05-16,1920x1080,30.0,11.27,data/video/2026-05-16_Friendly_GERvsPuertoRico_Drone_9711283/Wide - Clip 056.mp4,5be8909aa4c09719a4342bff6ecacb3fac262ae6fddbcb058bc34738bf9d67bd,"Hudl-Re-Encode Playlist 9711283 / Clip pro Play / Freundschaftsspiel GER vs Puerto Rico, selber Tag wie Piloten-Spiel GER vs Panama Rojo, anderer Gegner, 66 Spielzuege lt. Breakdown (>= 40, zweites echtes Drohnen-Spiel, siehe docs/material-sighting.md) / Winkel-Label 'Wide', deckt Plays 001-056+059-063 ab (61 Clips) -- Session nach Hudl-Winkel-Label aufgeteilt (Teil-Ueberlappung mit Label 'End Zone' bei Plays 057-063, siehe docs/material-sighting.md) / Freigabe Verband 2026-08-31 / neu registriert 2026-09-02 / Hudl-Breakdown vorhanden -> PBP-Join moeglich (Sheet1, 66 Zeilen)"
drone,2026-05-16_FRIENDLY-GER-vs-PUERTORICO-DRONE-WIDE,,2026-05-16,1920x1080,30.0,12.07,data/video/2026-05-16_Friendly_GERvsPuertoRico_Drone_9711283/Wide - Clip 059.mp4,bb07041efa4bf20983d9c0980b466aecbc0c268b244955e61ba1c58c8d501089,"Hudl-Re-Encode Playlist 9711283 / Clip pro Play / Freundschaftsspiel GER vs Puerto Rico, selber Tag wie Piloten-Spiel GER vs Panama Rojo, anderer Gegner, 66 Spielzuege lt. Breakdown (>= 40, zweites echtes Drohnen-Spiel, siehe docs/material-sighting.md) / Winkel-Label 'Wide', deckt Plays 001-056+059-063 ab (61 Clips) -- Session nach Hudl-Winkel-Label aufgeteilt (Teil-Ueberlappung mit Label 'End Zone' bei Plays 057-063, siehe docs/material-sighting.md) / Freigabe Verband 2026-08-31 / neu registriert 2026-09-02 / Hudl-Breakdown vorhanden -> PBP-Join moeglich (Sheet1, 66 Zeilen)"
drone,2026-05-16_FRIENDLY-GER-vs-PUERTORICO-DRONE-WIDE,,2026-05-16,1920x1080,30.0,10.87,data/video/2026-05-16_Friendly_GERvsPuertoRico_Drone_9711283/Wide - Clip 060.mp4,03475684584d9be6b1cee4d1e1431c5b3d308e55d2f72bf48d6700da34328bca,"Hudl-Re-Encode Playlist 9711283 / Clip pro Play / Freundschaftsspiel GER vs Puerto Rico, selber Tag wie Piloten-Spiel GER vs Panama Rojo, anderer Gegner, 66 Spielzuege lt. Breakdown (>= 40, zweites echtes Drohnen-Spiel, siehe docs/material-sighting.md) / Winkel-Label 'Wide', deckt Plays 001-056+059-063 ab (61 Clips) -- Session nach Hudl-Winkel-Label aufgeteilt (Teil-Ueberlappung mit Label 'End Zone' bei Plays 057-063, siehe docs/material-sighting.md) / Freigabe Verband 2026-08-31 / neu registriert 2026-09-02 / Hudl-Breakdown vorhanden -> PBP-Join moeglich (Sheet1, 66 Zeilen)"
drone,2026-05-16_FRIENDLY-GER-vs-PUERTORICO-DRONE-WIDE,,2026-05-16,1920x1080,30.0,10.3,data/video/2026-05-16_Friendly_GERvsPuertoRico_Drone_9711283/Wide - Clip 061.mp4,86cc709f8c3e31216c639e8fe01bb7c9dd560c630d95e63be047c5a71c24259a,"Hudl-Re-Encode Playlist 9711283 / Clip pro Play / Freundschaftsspiel GER vs Puerto Rico, selber Tag wie Piloten-Spiel GER vs Panama Rojo, anderer Gegner, 66 Spielzuege lt. Breakdown (>= 40, zweites echtes Drohnen-Spiel, siehe docs/material-sighting.md) / Winkel-Label 'Wide', deckt Plays 001-056+059-063 ab (61 Clips) -- Session nach Hudl-Winkel-Label aufgeteilt (Teil-Ueberlappung mit Label 'End Zone' bei Plays 057-063, siehe docs/material-sighting.md) / Freigabe Verband 2026-08-31 / neu registriert 2026-09-02 / Hudl-Breakdown vorhanden -> PBP-Join moeglich (Sheet1, 66 Zeilen)"
drone,2026-05-16_FRIENDLY-GER-vs-PUERTORICO-DRONE-WIDE,,2026-05-16,1920x1080,30.0,10.6,data/video/2026-05-16_Friendly_GERvsPuertoRico_Drone_9711283/Wide - Clip 062.mp4,9fd8164151ae82cc6281adf0f2b23f1fcc560049e28e08b44b27140b549097fb,"Hudl-Re-Encode Playlist 9711283 / Clip pro Play / Freundschaftsspiel GER vs Puerto Rico, selber Tag wie Piloten-Spiel GER vs Panama Rojo, anderer Gegner, 66 Spielzuege lt. Breakdown (>= 40, zweites echtes Drohnen-Spiel, siehe docs/material-sighting.md) / Winkel-Label 'Wide', deckt Plays 001-056+059-063 ab (61 Clips) -- Session nach Hudl-Winkel-Label aufgeteilt (Teil-Ueberlappung mit Label 'End Zone' bei Plays 057-063, siehe docs/material-sighting.md) / Freigabe Verband 2026-08-31 / neu registriert 2026-09-02 / Hudl-Breakdown vorhanden -> PBP-Join moeglich (Sheet1, 66 Zeilen)"
drone,2026-05-16_FRIENDLY-GER-vs-PUERTORICO-DRONE-WIDE,,2026-05-16,1920x1080,30.0,9.0,data/video/2026-05-16_Friendly_GERvsPuertoRico_Drone_9711283/Wide - Clip 063.mp4,567094ee86a45885522f640a2b178c93aebd85addafda5da34cea8835427ce97,"Hudl-Re-Encode Playlist 9711283 / Clip pro Play / Freundschaftsspiel GER vs Puerto Rico, selber Tag wie Piloten-Spiel GER vs Panama Rojo, anderer Gegner, 66 Spielzuege lt. Breakdown (>= 40, zweites echtes Drohnen-Spiel, siehe docs/material-sighting.md) / Winkel-Label 'Wide', deckt Plays 001-056+059-063 ab (61 Clips) -- Session nach Hudl-Winkel-Label aufgeteilt (Teil-Ueberlappung mit Label 'End Zone' bei Plays 057-063, siehe docs/material-sighting.md) / Freigabe Verband 2026-08-31 / neu registriert 2026-09-02 / Hudl-Breakdown vorhanden -> PBP-Join moeglich (Sheet1, 66 Zeilen)"
drone,2026-05-16_FRIENDLY-GER-vs-PUERTORICO-DRONE-ENDZONE,,2026-05-16,1920x1080,30.0,8.76,data/video/2026-05-16_Friendly_GERvsPuertoRico_Drone_9711283/End Zone - Clip 057.mp4,ef31f12983f784bd4f89c662a8c680541d0dfb84e42e04baff7c127c93ea1164,"Hudl-Re-Encode Playlist 9711283 / Clip pro Play / Freundschaftsspiel GER vs Puerto Rico, selber Tag wie Piloten-Spiel GER vs Panama Rojo, anderer Gegner, 66 Spielzuege lt. Breakdown (>= 40, zweites echtes Drohnen-Spiel, siehe docs/material-sighting.md) / Winkel-Label 'End Zone', deckt Plays 057-066 ab (10 Clips, letzte Spielzuege, vermutlich Kamera-Repositionierung) -- Session nach Hudl-Winkel-Label aufgeteilt (Teil-Ueberlappung mit Label 'Wide' bei Plays 057-063, siehe docs/material-sighting.md) / Freigabe Verband 2026-08-31 / neu registriert 2026-09-02 / Hudl-Breakdown vorhanden -> PBP-Join moeglich (Sheet1, 66 Zeilen)"
drone,2026-05-16_FRIENDLY-GER-vs-PUERTORICO-DRONE-ENDZONE,,2026-05-16,1920x1080,30.0,9.82,data/video/2026-05-16_Friendly_GERvsPuertoRico_Drone_9711283/End Zone - Clip 058.mp4,f71cdabf670796bcbf61a2fdb6350fa2050384e98de054916fed93f7b93aca85,"Hudl-Re-Encode Playlist 9711283 / Clip pro Play / Freundschaftsspiel GER vs Puerto Rico, selber Tag wie Piloten-Spiel GER vs Panama Rojo, anderer Gegner, 66 Spielzuege lt. Breakdown (>= 40, zweites echtes Drohnen-Spiel, siehe docs/material-sighting.md) / Winkel-Label 'End Zone', deckt Plays 057-066 ab (10 Clips, letzte Spielzuege, vermutlich Kamera-Repositionierung) -- Session nach Hudl-Winkel-Label aufgeteilt (Teil-Ueberlappung mit Label 'Wide' bei Plays 057-063, siehe docs/material-sighting.md) / Freigabe Verband 2026-08-31 / neu registriert 2026-09-02 / Hudl-Breakdown vorhanden -> PBP-Join moeglich (Sheet1, 66 Zeilen)"
drone,2026-05-16_FRIENDLY-GER-vs-PUERTORICO-DRONE-ENDZONE,,2026-05-16,1920x1080,30.0,10.84,data/video/2026-05-16_Friendly_GERvsPuertoRico_Drone_9711283/End Zone - Clip 059.mp4,97ff6be61c8a08f14ba4e0f4dab44b2305cbeb3bbe0813262628feeaead80a91,"Hudl-Re-Encode Playlist 9711283 / Clip pro Play / Freundschaftsspiel GER vs Puerto Rico, selber Tag wie Piloten-Spiel GER vs Panama Rojo, anderer Gegner, 66 Spielzuege lt. Breakdown (>= 40, zweites echtes Drohnen-Spiel, siehe docs/material-sighting.md) / Winkel-Label 'End Zone', deckt Plays 057-066 ab (10 Clips, letzte Spielzuege, vermutlich Kamera-Repositionierung) -- Session nach Hudl-Winkel-Label aufgeteilt (Teil-Ueberlappung mit Label 'Wide' bei Plays 057-063, siehe docs/material-sighting.md) / Freigabe Verband 2026-08-31 / neu registriert 2026-09-02 / Hudl-Breakdown vorhanden -> PBP-Join moeglich (Sheet1, 66 Zeilen)"
drone,2026-05-16_FRIENDLY-GER-vs-PUERTORICO-DRONE-ENDZONE,,2026-05-16,1920x1080,30.0,6.36,data/video/2026-05-16_Friendly_GERvsPuertoRico_Drone_9711283/End Zone - Clip 060.mp4,8bcd52f55faab5bf65ce6534e2db7fa411bad1a607e201dd934a3980d0ccf4be,"Hudl-Re-Encode Playlist 9711283 / Clip pro Play / Freundschaftsspiel GER vs Puerto Rico, selber Tag wie Piloten-Spiel GER vs Panama Rojo, anderer Gegner, 66 Spielzuege lt. Breakdown (>= 40, zweites echtes Drohnen-Spiel, siehe docs/material-sighting.md) / Winkel-Label 'End Zone', deckt Plays 057-066 ab (10 Clips, letzte Spielzuege, vermutlich Kamera-Repositionierung) -- Session nach Hudl-Winkel-Label aufgeteilt (Teil-Ueberlappung mit Label 'Wide' bei Plays 057-063, siehe docs/material-sighting.md) / Freigabe Verband 2026-08-31 / neu registriert 2026-09-02 / Hudl-Breakdown vorhanden -> PBP-Join moeglich (Sheet1, 66 Zeilen)"
drone,2026-05-16_FRIENDLY-GER-vs-PUERTORICO-DRONE-ENDZONE,,2026-05-16,1920x1080,30.0,9.88,data/video/2026-05-16_Friendly_GERvsPuertoRico_Drone_9711283/End Zone - Clip 061.mp4,81bb14460c4b3415cc15e7bcf5a14c582f5fa13dbec9dfc44296e4f38920a56a,"Hudl-Re-Encode Playlist 9711283 / Clip pro Play / Freundschaftsspiel GER vs Puerto Rico, selber Tag wie Piloten-Spiel GER vs Panama Rojo, anderer Gegner, 66 Spielzuege lt. Breakdown (>= 40, zweites echtes Drohnen-Spiel, siehe docs/material-sighting.md) / Winkel-Label 'End Zone', deckt Plays 057-066 ab (10 Clips, letzte Spielzuege, vermutlich Kamera-Repositionierung) -- Session nach Hudl-Winkel-Label aufgeteilt (Teil-Ueberlappung mit Label 'Wide' bei Plays 057-063, siehe docs/material-sighting.md) / Freigabe Verband 2026-08-31 / neu registriert 2026-09-02 / Hudl-Breakdown vorhanden -> PBP-Join moeglich (Sheet1, 66 Zeilen)"
drone,2026-05-16_FRIENDLY-GER-vs-PUERTORICO-DRONE-ENDZONE,,2026-05-16,1920x1080,30.0,6.43,data/video/2026-05-16_Friendly_GERvsPuertoRico_Drone_9711283/End Zone - Clip 062.mp4,94a8444251d9c92c7ec605a289908106c3ad353b80f0c221463561cdc839d823,"Hudl-Re-Encode Playlist 9711283 / Clip pro Play / Freundschaftsspiel GER vs Puerto Rico, selber Tag wie Piloten-Spiel GER vs Panama Rojo, anderer Gegner, 66 Spielzuege lt. Breakdown (>= 40, zweites echtes Drohnen-Spiel, siehe docs/material-sighting.md) / Winkel-Label 'End Zone', deckt Plays 057-066 ab (10 Clips, letzte Spielzuege, vermutlich Kamera-Repositionierung) -- Session nach Hudl-Winkel-Label aufgeteilt (Teil-Ueberlappung mit Label 'Wide' bei Plays 057-063, siehe docs/material-sighting.md) / Freigabe Verband 2026-08-31 / neu registriert 2026-09-02 / Hudl-Breakdown vorhanden -> PBP-Join moeglich (Sheet1, 66 Zeilen)"
drone,2026-05-16_FRIENDLY-GER-vs-PUERTORICO-DRONE-ENDZONE,,2026-05-16,1920x1080,30.0,7.48,data/video/2026-05-16_Friendly_GERvsPuertoRico_Drone_9711283/End Zone - Clip 063.mp4,58aca5d23cc8e8abd899258852d5e4b002942a381b1133455bf348b51a4a2fa3,"Hudl-Re-Encode Playlist 9711283 / Clip pro Play / Freundschaftsspiel GER vs Puerto Rico, selber Tag wie Piloten-Spiel GER vs Panama Rojo, anderer Gegner, 66 Spielzuege lt. Breakdown (>= 40, zweites echtes Drohnen-Spiel, siehe docs/material-sighting.md) / Winkel-Label 'End Zone', deckt Plays 057-066 ab (10 Clips, letzte Spielzuege, vermutlich Kamera-Repositionierung) -- Session nach Hudl-Winkel-Label aufgeteilt (Teil-Ueberlappung mit Label 'Wide' bei Plays 057-063, siehe docs/material-sighting.md) / Freigabe Verband 2026-08-31 / neu registriert 2026-09-02 / Hudl-Breakdown vorhanden -> PBP-Join moeglich (Sheet1, 66 Zeilen)"
drone,2026-05-16_FRIENDLY-GER-vs-PUERTORICO-DRONE-ENDZONE,,2026-05-16,1920x1080,30.0,5.35,data/video/2026-05-16_Friendly_GERvsPuertoRico_Drone_9711283/End Zone - Clip 064.mp4,d56b779e733cacd19fab0a9b354f78e8c1e57d01ff981d70ca731934e0c5d2d6,"Hudl-Re-Encode Playlist 9711283 / Clip pro Play / Freundschaftsspiel GER vs Puerto Rico, selber Tag wie Piloten-Spiel GER vs Panama Rojo, anderer Gegner, 66 Spielzuege lt. Breakdown (>= 40, zweites echtes Drohnen-Spiel, siehe docs/material-sighting.md) / Winkel-Label 'End Zone', deckt Plays 057-066 ab (10 Clips, letzte Spielzuege, vermutlich Kamera-Repositionierung) -- Session nach Hudl-Winkel-Label aufgeteilt (Teil-Ueberlappung mit Label 'Wide' bei Plays 057-063, siehe docs/material-sighting.md) / Freigabe Verband 2026-08-31 / neu registriert 2026-09-02 / Hudl-Breakdown vorhanden -> PBP-Join moeglich (Sheet1, 66 Zeilen)"
drone,2026-05-16_FRIENDLY-GER-vs-PUERTORICO-DRONE-ENDZONE,,2026-05-16,1920x1080,30.0,9.9,data/video/2026-05-16_Friendly_GERvsPuertoRico_Drone_9711283/End Zone - Clip 065.mp4,3756551fb65a1f62937e48a9c088c5d156ff870c8e39b54dd85b2f55323ef1a2,"Hudl-Re-Encode Playlist 9711283 / Clip pro Play / Freundschaftsspiel GER vs Puerto Rico, selber Tag wie Piloten-Spiel GER vs Panama Rojo, anderer Gegner, 66 Spielzuege lt. Breakdown (>= 40, zweites echtes Drohnen-Spiel, siehe docs/material-sighting.md) / Winkel-Label 'End Zone', deckt Plays 057-066 ab (10 Clips, letzte Spielzuege, vermutlich Kamera-Repositionierung) -- Session nach Hudl-Winkel-Label aufgeteilt (Teil-Ueberlappung mit Label 'Wide' bei Plays 057-063, siehe docs/material-sighting.md) / Freigabe Verband 2026-08-31 / neu registriert 2026-09-02 / Hudl-Breakdown vorhanden -> PBP-Join moeglich (Sheet1, 66 Zeilen)"
drone,2026-05-16_FRIENDLY-GER-vs-PUERTORICO-DRONE-ENDZONE,,2026-05-16,1920x1080,30.0,9.26,data/video/2026-05-16_Friendly_GERvsPuertoRico_Drone_9711283/End Zone - Clip 066.mp4,a4d6be9efd0568531e6da8e19baceac93260ead8bc6d53053de8f5370f26a173,"Hudl-Re-Encode Playlist 9711283 / Clip pro Play / Freundschaftsspiel GER vs Puerto Rico, selber Tag wie Piloten-Spiel GER vs Panama Rojo, anderer Gegner, 66 Spielzuege lt. Breakdown (>= 40, zweites echtes Drohnen-Spiel, siehe docs/material-sighting.md) / Winkel-Label 'End Zone', deckt Plays 057-066 ab (10 Clips, letzte Spielzuege, vermutlich Kamera-Repositionierung) -- Session nach Hudl-Winkel-Label aufgeteilt (Teil-Ueberlappung mit Label 'Wide' bei Plays 057-063, siehe docs/material-sighting.md) / Freigabe Verband 2026-08-31 / neu registriert 2026-09-02 / Hudl-Breakdown vorhanden -> PBP-Join moeglich (Sheet1, 66 Zeilen)"
sideline,2026-03-01_FRIENDLY-GER-vs-MEX-GOPRO,,2026-03-01,1920x1080,30.0,11.73,data/video/2026-03-01_Friendly_GERvsMEX_GoPro_9711282/Wide - Clip 001.mp4,b852649c1586eeff852ccaacbb803c169898e6a98694564e02139384228b1a78,"Hudl-Re-Encode Playlist 9711282 / Clip pro Play / Freundschaftsspiel GER vs MEX, 80 Spielzuege lt. Breakdown / Perspektive: vermutlich Hinterfeld-/Endzone-Ansicht wie die bestehende GoPro-Session 2026-08-14_WC-GER-vs-MEX-GOPRO (Winkel-Label 'Wide', siehe Geometrie-Korrektur docs/material-sighting.md), nicht Seitenansicht -- diese Session per Sichtung noch zu bestaetigen / Ordnername vor Registrierung vom Nutzer korrigiert (Tippfehler '20026' -> '2026') / Freigabe Verband 2026-08-31 / neu registriert 2026-09-02 / Hudl-Breakdown vorhanden -> PBP-Join moeglich (Sheet1, 80 Zeilen)"
sideline,2026-03-01_FRIENDLY-GER-vs-MEX-GOPRO,,2026-03-01,1920x1080,30.0,10.24,data/video/2026-03-01_Friendly_GERvsMEX_GoPro_9711282/Wide - Clip 002.mp4,6d204daf7bf409383282b1b02151820dd44c39344193e0f51b5f755be1d93278,"Hudl-Re-Encode Playlist 9711282 / Clip pro Play / Freundschaftsspiel GER vs MEX, 80 Spielzuege lt. Breakdown / Perspektive: vermutlich Hinterfeld-/Endzone-Ansicht wie die bestehende GoPro-Session 2026-08-14_WC-GER-vs-MEX-GOPRO (Winkel-Label 'Wide', siehe Geometrie-Korrektur docs/material-sighting.md), nicht Seitenansicht -- diese Session per Sichtung noch zu bestaetigen / Ordnername vor Registrierung vom Nutzer korrigiert (Tippfehler '20026' -> '2026') / Freigabe Verband 2026-08-31 / neu registriert 2026-09-02 / Hudl-Breakdown vorhanden -> PBP-Join moeglich (Sheet1, 80 Zeilen)"
sideline,2026-03-01_FRIENDLY-GER-vs-MEX-GOPRO,,2026-03-01,1920x1080,30.0,7.74,data/video/2026-03-01_Friendly_GERvsMEX_GoPro_9711282/Wide - Clip 003.mp4,b18e96c9dac485a1549fca529e180d5655863f2309d9664a3a373846a0ada081,"Hudl-Re-Encode Playlist 9711282 / Clip pro Play / Freundschaftsspiel GER vs MEX, 80 Spielzuege lt. Breakdown / Perspektive: vermutlich Hinterfeld-/Endzone-Ansicht wie die bestehende GoPro-Session 2026-08-14_WC-GER-vs-MEX-GOPRO (Winkel-Label 'Wide', siehe Geometrie-Korrektur docs/material-sighting.md), nicht Seitenansicht -- diese Session per Sichtung noch zu bestaetigen / Ordnername vor Registrierung vom Nutzer korrigiert (Tippfehler '20026' -> '2026') / Freigabe Verband 2026-08-31 / neu registriert 2026-09-02 / Hudl-Breakdown vorhanden -> PBP-Join moeglich (Sheet1, 80 Zeilen)"
sideline,2026-03-01_FRIENDLY-GER-vs-MEX-GOPRO,,2026-03-01,1920x1080,30.0,10.11,data/video/2026-03-01_Friendly_GERvsMEX_GoPro_9711282/Wide - Clip 004.mp4,22dbf01f50ff20572cdfc160cc481960b538064f52a52f95c7965b33fb547834,"Hudl-Re-Encode Playlist 9711282 / Clip pro Play / Freundschaftsspiel GER vs MEX, 80 Spielzuege lt. Breakdown / Perspektive: vermutlich Hinterfeld-/Endzone-Ansicht wie die bestehende GoPro-Session 2026-08-14_WC-GER-vs-MEX-GOPRO (Winkel-Label 'Wide', siehe Geometrie-Korrektur docs/material-sighting.md), nicht Seitenansicht -- diese Session per Sichtung noch zu bestaetigen / Ordnername vor Registrierung vom Nutzer korrigiert (Tippfehler '20026' -> '2026') / Freigabe Verband 2026-08-31 / neu registriert 2026-09-02 / Hudl-Breakdown vorhanden -> PBP-Join moeglich (Sheet1, 80 Zeilen)"
sideline,2026-03-01_FRIENDLY-GER-vs-MEX-GOPRO,,2026-03-01,1920x1080,30.0,13.64,data/video/2026-03-01_Friendly_GERvsMEX_GoPro_9711282/Wide - Clip 005.mp4,a0a0231ac64c04ad21fd7a74909f5dedd3d527954cca3af5234d8e4bc4b6071c,"Hudl-Re-Encode Playlist 9711282 / Clip pro Play / Freundschaftsspiel GER vs MEX, 80 Spielzuege lt. Breakdown / Perspektive: vermutlich Hinterfeld-/Endzone-Ansicht wie die bestehende GoPro-Session 2026-08-14_WC-GER-vs-MEX-GOPRO (Winkel-Label 'Wide', siehe Geometrie-Korrektur docs/material-sighting.md), nicht Seitenansicht -- diese Session per Sichtung noch zu bestaetigen / Ordnername vor Registrierung vom Nutzer korrigiert (Tippfehler '20026' -> '2026') / Freigabe Verband 2026-08-31 / neu registriert 2026-09-02 / Hudl-Breakdown vorhanden -> PBP-Join moeglich (Sheet1, 80 Zeilen)"
sideline,2026-03-01_FRIENDLY-GER-vs-MEX-GOPRO,,2026-03-01,1920x1080,30.0,8.81,data/video/2026-03-01_Friendly_GERvsMEX_GoPro_9711282/Wide - Clip 006.mp4,fde236723ec8ba18ae442cdeefafff1dab603fba6929d0c2f5775762d8f3e86e,"Hudl-Re-Encode Playlist 9711282 / Clip pro Play / Freundschaftsspiel GER vs MEX, 80 Spielzuege lt. Breakdown / Perspektive: vermutlich Hinterfeld-/Endzone-Ansicht wie die bestehende GoPro-Session 2026-08-14_WC-GER-vs-MEX-GOPRO (Winkel-Label 'Wide', siehe Geometrie-Korrektur docs/material-sighting.md), nicht Seitenansicht -- diese Session per Sichtung noch zu bestaetigen / Ordnername vor Registrierung vom Nutzer korrigiert (Tippfehler '20026' -> '2026') / Freigabe Verband 2026-08-31 / neu registriert 2026-09-02 / Hudl-Breakdown vorhanden -> PBP-Join moeglich (Sheet1, 80 Zeilen)"
sideline,2026-03-01_FRIENDLY-GER-vs-MEX-GOPRO,,2026-03-01,1920x1080,30.0,7.21,data/video/2026-03-01_Friendly_GERvsMEX_GoPro_9711282/Wide - Clip 007.mp4,668db6f6842304ce229d49854196e76b3b42ef643f1ac6c10954c9e094a1571b,"Hudl-Re-Encode Playlist 9711282 / Clip pro Play / Freundschaftsspiel GER vs MEX, 80 Spielzuege lt. Breakdown / Perspektive: vermutlich Hinterfeld-/Endzone-Ansicht wie die bestehende GoPro-Session 2026-08-14_WC-GER-vs-MEX-GOPRO (Winkel-Label 'Wide', siehe Geometrie-Korrektur docs/material-sighting.md), nicht Seitenansicht -- diese Session per Sichtung noch zu bestaetigen / Ordnername vor Registrierung vom Nutzer korrigiert (Tippfehler '20026' -> '2026') / Freigabe Verband 2026-08-31 / neu registriert 2026-09-02 / Hudl-Breakdown vorhanden -> PBP-Join moeglich (Sheet1, 80 Zeilen)"
sideline,2026-03-01_FRIENDLY-GER-vs-MEX-GOPRO,,2026-03-01,1920x1080,30.0,8.6,data/video/2026-03-01_Friendly_GERvsMEX_GoPro_9711282/Wide - Clip 008.mp4,3341d730617a5a0c2ee14dc50eeae6734bddca9bb41faab0bf1a788f7c700ccc,"Hudl-Re-Encode Playlist 9711282 / Clip pro Play / Freundschaftsspiel GER vs MEX, 80 Spielzuege lt. Breakdown / Perspektive: vermutlich Hinterfeld-/Endzone-Ansicht wie die bestehende GoPro-Session 2026-08-14_WC-GER-vs-MEX-GOPRO (Winkel-Label 'Wide', siehe Geometrie-Korrektur docs/material-sighting.md), nicht Seitenansicht -- diese Session per Sichtung noch zu bestaetigen / Ordnername vor Registrierung vom Nutzer korrigiert (Tippfehler '20026' -> '2026') / Freigabe Verband 2026-08-31 / neu registriert 2026-09-02 / Hudl-Breakdown vorhanden -> PBP-Join moeglich (Sheet1, 80 Zeilen)"
sideline,2026-03-01_FRIENDLY-GER-vs-MEX-GOPRO,,2026-03-01,1920x1080,30.0,11.38,data/video/2026-03-01_Friendly_GERvsMEX_GoPro_9711282/Wide - Clip 009.mp4,5e78f529bbfa06ad9e1786cb841798c31f7fa1c648a5ed7d6000b8c5f12b1e13,"Hudl-Re-Encode Playlist 9711282 / Clip pro Play / Freundschaftsspiel GER vs MEX, 80 Spielzuege lt. Breakdown / Perspektive: vermutlich Hinterfeld-/Endzone-Ansicht wie die bestehende GoPro-Session 2026-08-14_WC-GER-vs-MEX-GOPRO (Winkel-Label 'Wide', siehe Geometrie-Korrektur docs/material-sighting.md), nicht Seitenansicht -- diese Session per Sichtung noch zu bestaetigen / Ordnername vor Registrierung vom Nutzer korrigiert (Tippfehler '20026' -> '2026') / Freigabe Verband 2026-08-31 / neu registriert 2026-09-02 / Hudl-Breakdown vorhanden -> PBP-Join moeglich (Sheet1, 80 Zeilen)"
sideline,2026-03-01_FRIENDLY-GER-vs-MEX-GOPRO,,2026-03-01,1920x1080,30.0,8.86,data/video/2026-03-01_Friendly_GERvsMEX_GoPro_9711282/Wide - Clip 010.mp4,adc6f9d4956eb00d1cff924d9a814bc84728fa416eb8daf11361fe9c17cb28cd,"Hudl-Re-Encode Playlist 9711282 / Clip pro Play / Freundschaftsspiel GER vs MEX, 80 Spielzuege lt. Breakdown / Perspektive: vermutlich Hinterfeld-/Endzone-Ansicht wie die bestehende GoPro-Session 2026-08-14_WC-GER-vs-MEX-GOPRO (Winkel-Label 'Wide', siehe Geometrie-Korrektur docs/material-sighting.md), nicht Seitenansicht -- diese Session per Sichtung noch zu bestaetigen / Ordnername vor Registrierung vom Nutzer korrigiert (Tippfehler '20026' -> '2026') / Freigabe Verband 2026-08-31 / neu registriert 2026-09-02 / Hudl-Breakdown vorhanden -> PBP-Join moeglich (Sheet1, 80 Zeilen)"
sideline,2026-03-01_FRIENDLY-GER-vs-MEX-GOPRO,,2026-03-01,1920x1080,30.0,7.45,data/video/2026-03-01_Friendly_GERvsMEX_GoPro_9711282/Wide - Clip 011.mp4,d192f1266283989eefd6a4be530992c1080596345d9a83900928297569877b35,"Hudl-Re-Encode Playlist 9711282 / Clip pro Play / Freundschaftsspiel GER vs MEX, 80 Spielzuege lt. Breakdown / Perspektive: vermutlich Hinterfeld-/Endzone-Ansicht wie die bestehende GoPro-Session 2026-08-14_WC-GER-vs-MEX-GOPRO (Winkel-Label 'Wide', siehe Geometrie-Korrektur docs/material-sighting.md), nicht Seitenansicht -- diese Session per Sichtung noch zu bestaetigen / Ordnername vor Registrierung vom Nutzer korrigiert (Tippfehler '20026' -> '2026') / Freigabe Verband 2026-08-31 / neu registriert 2026-09-02 / Hudl-Breakdown vorhanden -> PBP-Join moeglich (Sheet1, 80 Zeilen)"
sideline,2026-03-01_FRIENDLY-GER-vs-MEX-GOPRO,,2026-03-01,1920x1080,30.0,10.57,data/video/2026-03-01_Friendly_GERvsMEX_GoPro_9711282/Wide - Clip 012.mp4,8953ad025a4931e9484a1bc88ca8aad03647f31a4710de7f8d73951833d38ef8,"Hudl-Re-Encode Playlist 9711282 / Clip pro Play / Freundschaftsspiel GER vs MEX, 80 Spielzuege lt. Breakdown / Perspektive: vermutlich Hinterfeld-/Endzone-Ansicht wie die bestehende GoPro-Session 2026-08-14_WC-GER-vs-MEX-GOPRO (Winkel-Label 'Wide', siehe Geometrie-Korrektur docs/material-sighting.md), nicht Seitenansicht -- diese Session per Sichtung noch zu bestaetigen / Ordnername vor Registrierung vom Nutzer korrigiert (Tippfehler '20026' -> '2026') / Freigabe Verband 2026-08-31 / neu registriert 2026-09-02 / Hudl-Breakdown vorhanden -> PBP-Join moeglich (Sheet1, 80 Zeilen)"
sideline,2026-03-01_FRIENDLY-GER-vs-MEX-GOPRO,,2026-03-01,1920x1080,30.0,7.65,data/video/2026-03-01_Friendly_GERvsMEX_GoPro_9711282/Wide - Clip 013.mp4,f76d2e2fb3c8ec984de3f9020bb892d94c3db58b651c18145f7b8b8d6af253e7,"Hudl-Re-Encode Playlist 9711282 / Clip pro Play / Freundschaftsspiel GER vs MEX, 80 Spielzuege lt. Breakdown / Perspektive: vermutlich Hinterfeld-/Endzone-Ansicht wie die bestehende GoPro-Session 2026-08-14_WC-GER-vs-MEX-GOPRO (Winkel-Label 'Wide', siehe Geometrie-Korrektur docs/material-sighting.md), nicht Seitenansicht -- diese Session per Sichtung noch zu bestaetigen / Ordnername vor Registrierung vom Nutzer korrigiert (Tippfehler '20026' -> '2026') / Freigabe Verband 2026-08-31 / neu registriert 2026-09-02 / Hudl-Breakdown vorhanden -> PBP-Join moeglich (Sheet1, 80 Zeilen)"
sideline,2026-03-01_FRIENDLY-GER-vs-MEX-GOPRO,,2026-03-01,1920x1080,30.0,7.31,data/video/2026-03-01_Friendly_GERvsMEX_GoPro_9711282/Wide - Clip 014.mp4,f31bd1a2bcddca55f14282c4e7087f6b97bba046ee0cb427a3f5ff445afd3c8a,"Hudl-Re-Encode Playlist 9711282 / Clip pro Play / Freundschaftsspiel GER vs MEX, 80 Spielzuege lt. Breakdown / Perspektive: vermutlich Hinterfeld-/Endzone-Ansicht wie die bestehende GoPro-Session 2026-08-14_WC-GER-vs-MEX-GOPRO (Winkel-Label 'Wide', siehe Geometrie-Korrektur docs/material-sighting.md), nicht Seitenansicht -- diese Session per Sichtung noch zu bestaetigen / Ordnername vor Registrierung vom Nutzer korrigiert (Tippfehler '20026' -> '2026') / Freigabe Verband 2026-08-31 / neu registriert 2026-09-02 / Hudl-Breakdown vorhanden -> PBP-Join moeglich (Sheet1, 80 Zeilen)"
sideline,2026-03-01_FRIENDLY-GER-vs-MEX-GOPRO,,2026-03-01,1920x1080,30.0,11.64,data/video/2026-03-01_Friendly_GERvsMEX_GoPro_9711282/Wide - Clip 015.mp4,24a71a2cd9f64cdb9be9fd1f2b2f02324d1c84f3da9c5e5643a93277339af631,"Hudl-Re-Encode Playlist 9711282 / Clip pro Play / Freundschaftsspiel GER vs MEX, 80 Spielzuege lt. Breakdown / Perspektive: vermutlich Hinterfeld-/Endzone-Ansicht wie die bestehende GoPro-Session 2026-08-14_WC-GER-vs-MEX-GOPRO (Winkel-Label 'Wide', siehe Geometrie-Korrektur docs/material-sighting.md), nicht Seitenansicht -- diese Session per Sichtung noch zu bestaetigen / Ordnername vor Registrierung vom Nutzer korrigiert (Tippfehler '20026' -> '2026') / Freigabe Verband 2026-08-31 / neu registriert 2026-09-02 / Hudl-Breakdown vorhanden -> PBP-Join moeglich (Sheet1, 80 Zeilen)"
sideline,2026-03-01_FRIENDLY-GER-vs-MEX-GOPRO,,2026-03-01,1920x1080,30.0,7.98,data/video/2026-03-01_Friendly_GERvsMEX_GoPro_9711282/Wide - Clip 016.mp4,6c57f6d7d93a255727a5486cfb8082f60f72ff8f5554c2578cb14d93de626952,"Hudl-Re-Encode Playlist 9711282 / Clip pro Play / Freundschaftsspiel GER vs MEX, 80 Spielzuege lt. Breakdown / Perspektive: vermutlich Hinterfeld-/Endzone-Ansicht wie die bestehende GoPro-Session 2026-08-14_WC-GER-vs-MEX-GOPRO (Winkel-Label 'Wide', siehe Geometrie-Korrektur docs/material-sighting.md), nicht Seitenansicht -- diese Session per Sichtung noch zu bestaetigen / Ordnername vor Registrierung vom Nutzer korrigiert (Tippfehler '20026' -> '2026') / Freigabe Verband 2026-08-31 / neu registriert 2026-09-02 / Hudl-Breakdown vorhanden -> PBP-Join moeglich (Sheet1, 80 Zeilen)"
sideline,2026-03-01_FRIENDLY-GER-vs-MEX-GOPRO,,2026-03-01,1920x1080,30.0,8.85,data/video/2026-03-01_Friendly_GERvsMEX_GoPro_9711282/Wide - Clip 017.mp4,50342a1b2b4bb1206d1dec9c15b1e6ac5a011c1b03de859a3c918bbd2140f312,"Hudl-Re-Encode Playlist 9711282 / Clip pro Play / Freundschaftsspiel GER vs MEX, 80 Spielzuege lt. Breakdown / Perspektive: vermutlich Hinterfeld-/Endzone-Ansicht wie die bestehende GoPro-Session 2026-08-14_WC-GER-vs-MEX-GOPRO (Winkel-Label 'Wide', siehe Geometrie-Korrektur docs/material-sighting.md), nicht Seitenansicht -- diese Session per Sichtung noch zu bestaetigen / Ordnername vor Registrierung vom Nutzer korrigiert (Tippfehler '20026' -> '2026') / Freigabe Verband 2026-08-31 / neu registriert 2026-09-02 / Hudl-Breakdown vorhanden -> PBP-Join moeglich (Sheet1, 80 Zeilen)"
sideline,2026-03-01_FRIENDLY-GER-vs-MEX-GOPRO,,2026-03-01,1920x1080,30.0,7.69,data/video/2026-03-01_Friendly_GERvsMEX_GoPro_9711282/Wide - Clip 018.mp4,b4ce6d4498a18e9b7bf4aeaed4dec54372812e02047c05462c0faccd885974f2,"Hudl-Re-Encode Playlist 9711282 / Clip pro Play / Freundschaftsspiel GER vs MEX, 80 Spielzuege lt. Breakdown / Perspektive: vermutlich Hinterfeld-/Endzone-Ansicht wie die bestehende GoPro-Session 2026-08-14_WC-GER-vs-MEX-GOPRO (Winkel-Label 'Wide', siehe Geometrie-Korrektur docs/material-sighting.md), nicht Seitenansicht -- diese Session per Sichtung noch zu bestaetigen / Ordnername vor Registrierung vom Nutzer korrigiert (Tippfehler '20026' -> '2026') / Freigabe Verband 2026-08-31 / neu registriert 2026-09-02 / Hudl-Breakdown vorhanden -> PBP-Join moeglich (Sheet1, 80 Zeilen)"
sideline,2026-03-01_FRIENDLY-GER-vs-MEX-GOPRO,,2026-03-01,1920x1080,30.0,9.01,data/video/2026-03-01_Friendly_GERvsMEX_GoPro_9711282/Wide - Clip 019.mp4,b5c33aa39144cdf183d716c386616712b537b1939a955e194dcd7ea303534576,"Hudl-Re-Encode Playlist 9711282 / Clip pro Play / Freundschaftsspiel GER vs MEX, 80 Spielzuege lt. Breakdown / Perspektive: vermutlich Hinterfeld-/Endzone-Ansicht wie die bestehende GoPro-Session 2026-08-14_WC-GER-vs-MEX-GOPRO (Winkel-Label 'Wide', siehe Geometrie-Korrektur docs/material-sighting.md), nicht Seitenansicht -- diese Session per Sichtung noch zu bestaetigen / Ordnername vor Registrierung vom Nutzer korrigiert (Tippfehler '20026' -> '2026') / Freigabe Verband 2026-08-31 / neu registriert 2026-09-02 / Hudl-Breakdown vorhanden -> PBP-Join moeglich (Sheet1, 80 Zeilen)"
sideline,2026-03-01_FRIENDLY-GER-vs-MEX-GOPRO,,2026-03-01,1920x1080,30.0,8.48,data/video/2026-03-01_Friendly_GERvsMEX_GoPro_9711282/Wide - Clip 020.mp4,747a4f1afd50a4fb53a06dcac9aaf1ecb76c61434ab1adff54c13c1311312a70,"Hudl-Re-Encode Playlist 9711282 / Clip pro Play / Freundschaftsspiel GER vs MEX, 80 Spielzuege lt. Breakdown / Perspektive: vermutlich Hinterfeld-/Endzone-Ansicht wie die bestehende GoPro-Session 2026-08-14_WC-GER-vs-MEX-GOPRO (Winkel-Label 'Wide', siehe Geometrie-Korrektur docs/material-sighting.md), nicht Seitenansicht -- diese Session per Sichtung noch zu bestaetigen / Ordnername vor Registrierung vom Nutzer korrigiert (Tippfehler '20026' -> '2026') / Freigabe Verband 2026-08-31 / neu registriert 2026-09-02 / Hudl-Breakdown vorhanden -> PBP-Join moeglich (Sheet1, 80 Zeilen)"
sideline,2026-03-01_FRIENDLY-GER-vs-MEX-GOPRO,,2026-03-01,1920x1080,30.0,9.76,data/video/2026-03-01_Friendly_GERvsMEX_GoPro_9711282/Wide - Clip 021.mp4,3f59aacace625ac5f418d88076a4b0dc2bb39a523508a9401f610067a65cf9c5,"Hudl-Re-Encode Playlist 9711282 / Clip pro Play / Freundschaftsspiel GER vs MEX, 80 Spielzuege lt. Breakdown / Perspektive: vermutlich Hinterfeld-/Endzone-Ansicht wie die bestehende GoPro-Session 2026-08-14_WC-GER-vs-MEX-GOPRO (Winkel-Label 'Wide', siehe Geometrie-Korrektur docs/material-sighting.md), nicht Seitenansicht -- diese Session per Sichtung noch zu bestaetigen / Ordnername vor Registrierung vom Nutzer korrigiert (Tippfehler '20026' -> '2026') / Freigabe Verband 2026-08-31 / neu registriert 2026-09-02 / Hudl-Breakdown vorhanden -> PBP-Join moeglich (Sheet1, 80 Zeilen)"
sideline,2026-03-01_FRIENDLY-GER-vs-MEX-GOPRO,,2026-03-01,1920x1080,30.0,11.86,data/video/2026-03-01_Friendly_GERvsMEX_GoPro_9711282/Wide - Clip 022.mp4,fbb8df060738ebaf0884261ce726e50780503cae7962b1ed0f825b8cd98c1985,"Hudl-Re-Encode Playlist 9711282 / Clip pro Play / Freundschaftsspiel GER vs MEX, 80 Spielzuege lt. Breakdown / Perspektive: vermutlich Hinterfeld-/Endzone-Ansicht wie die bestehende GoPro-Session 2026-08-14_WC-GER-vs-MEX-GOPRO (Winkel-Label 'Wide', siehe Geometrie-Korrektur docs/material-sighting.md), nicht Seitenansicht -- diese Session per Sichtung noch zu bestaetigen / Ordnername vor Registrierung vom Nutzer korrigiert (Tippfehler '20026' -> '2026') / Freigabe Verband 2026-08-31 / neu registriert 2026-09-02 / Hudl-Breakdown vorhanden -> PBP-Join moeglich (Sheet1, 80 Zeilen)"
sideline,2026-03-01_FRIENDLY-GER-vs-MEX-GOPRO,,2026-03-01,1920x1080,30.0,10.29,data/video/2026-03-01_Friendly_GERvsMEX_GoPro_9711282/Wide - Clip 023.mp4,f250f4ec56a06ba134807b3a12b8acf2913d357df406eeacc99a5af17a8c1b1f,"Hudl-Re-Encode Playlist 9711282 / Clip pro Play / Freundschaftsspiel GER vs MEX, 80 Spielzuege lt. Breakdown / Perspektive: vermutlich Hinterfeld-/Endzone-Ansicht wie die bestehende GoPro-Session 2026-08-14_WC-GER-vs-MEX-GOPRO (Winkel-Label 'Wide', siehe Geometrie-Korrektur docs/material-sighting.md), nicht Seitenansicht -- diese Session per Sichtung noch zu bestaetigen / Ordnername vor Registrierung vom Nutzer korrigiert (Tippfehler '20026' -> '2026') / Freigabe Verband 2026-08-31 / neu registriert 2026-09-02 / Hudl-Breakdown vorhanden -> PBP-Join moeglich (Sheet1, 80 Zeilen)"
sideline,2026-03-01_FRIENDLY-GER-vs-MEX-GOPRO,,2026-03-01,1920x1080,30.0,7.62,data/video/2026-03-01_Friendly_GERvsMEX_GoPro_9711282/Wide - Clip 024.mp4,ec741b34152348eba3cea90d49d73519187a32161775ad289eca8d111fbc84ab,"Hudl-Re-Encode Playlist 9711282 / Clip pro Play / Freundschaftsspiel GER vs MEX, 80 Spielzuege lt. Breakdown / Perspektive: vermutlich Hinterfeld-/Endzone-Ansicht wie die bestehende GoPro-Session 2026-08-14_WC-GER-vs-MEX-GOPRO (Winkel-Label 'Wide', siehe Geometrie-Korrektur docs/material-sighting.md), nicht Seitenansicht -- diese Session per Sichtung noch zu bestaetigen / Ordnername vor Registrierung vom Nutzer korrigiert (Tippfehler '20026' -> '2026') / Freigabe Verband 2026-08-31 / neu registriert 2026-09-02 / Hudl-Breakdown vorhanden -> PBP-Join moeglich (Sheet1, 80 Zeilen)"
sideline,2026-03-01_FRIENDLY-GER-vs-MEX-GOPRO,,2026-03-01,1920x1080,30.0,9.38,data/video/2026-03-01_Friendly_GERvsMEX_GoPro_9711282/Wide - Clip 025.mp4,102ad91f71c7041e87a1808e5f081f774ae340ebe128deaf0b1e35f31fd3df88,"Hudl-Re-Encode Playlist 9711282 / Clip pro Play / Freundschaftsspiel GER vs MEX, 80 Spielzuege lt. Breakdown / Perspektive: vermutlich Hinterfeld-/Endzone-Ansicht wie die bestehende GoPro-Session 2026-08-14_WC-GER-vs-MEX-GOPRO (Winkel-Label 'Wide', siehe Geometrie-Korrektur docs/material-sighting.md), nicht Seitenansicht -- diese Session per Sichtung noch zu bestaetigen / Ordnername vor Registrierung vom Nutzer korrigiert (Tippfehler '20026' -> '2026') / Freigabe Verband 2026-08-31 / neu registriert 2026-09-02 / Hudl-Breakdown vorhanden -> PBP-Join moeglich (Sheet1, 80 Zeilen)"
sideline,2026-03-01_FRIENDLY-GER-vs-MEX-GOPRO,,2026-03-01,1920x1080,30.0,9.17,data/video/2026-03-01_Friendly_GERvsMEX_GoPro_9711282/Wide - Clip 026.mp4,e979c425236b45378a7053afc876a56b77789ef575e4af9afa76135bc63be300,"Hudl-Re-Encode Playlist 9711282 / Clip pro Play / Freundschaftsspiel GER vs MEX, 80 Spielzuege lt. Breakdown / Perspektive: vermutlich Hinterfeld-/Endzone-Ansicht wie die bestehende GoPro-Session 2026-08-14_WC-GER-vs-MEX-GOPRO (Winkel-Label 'Wide', siehe Geometrie-Korrektur docs/material-sighting.md), nicht Seitenansicht -- diese Session per Sichtung noch zu bestaetigen / Ordnername vor Registrierung vom Nutzer korrigiert (Tippfehler '20026' -> '2026') / Freigabe Verband 2026-08-31 / neu registriert 2026-09-02 / Hudl-Breakdown vorhanden -> PBP-Join moeglich (Sheet1, 80 Zeilen)"
sideline,2026-03-01_FRIENDLY-GER-vs-MEX-GOPRO,,2026-03-01,1920x1080,30.0,5.62,data/video/2026-03-01_Friendly_GERvsMEX_GoPro_9711282/Wide - Clip 027.mp4,20dba85c1962d7a6da32ba4b50a9a5ba7ddff71a003d437703085682c0d23548,"Hudl-Re-Encode Playlist 9711282 / Clip pro Play / Freundschaftsspiel GER vs MEX, 80 Spielzuege lt. Breakdown / Perspektive: vermutlich Hinterfeld-/Endzone-Ansicht wie die bestehende GoPro-Session 2026-08-14_WC-GER-vs-MEX-GOPRO (Winkel-Label 'Wide', siehe Geometrie-Korrektur docs/material-sighting.md), nicht Seitenansicht -- diese Session per Sichtung noch zu bestaetigen / Ordnername vor Registrierung vom Nutzer korrigiert (Tippfehler '20026' -> '2026') / Freigabe Verband 2026-08-31 / neu registriert 2026-09-02 / Hudl-Breakdown vorhanden -> PBP-Join moeglich (Sheet1, 80 Zeilen)"
sideline,2026-03-01_FRIENDLY-GER-vs-MEX-GOPRO,,2026-03-01,1920x1080,30.0,12.75,data/video/2026-03-01_Friendly_GERvsMEX_GoPro_9711282/Wide - Clip 028.mp4,11428e7171fa0cc5deaaae0fd5ae59d7905330861868fb6e65b5167795f7d880,"Hudl-Re-Encode Playlist 9711282 / Clip pro Play / Freundschaftsspiel GER vs MEX, 80 Spielzuege lt. Breakdown / Perspektive: vermutlich Hinterfeld-/Endzone-Ansicht wie die bestehende GoPro-Session 2026-08-14_WC-GER-vs-MEX-GOPRO (Winkel-Label 'Wide', siehe Geometrie-Korrektur docs/material-sighting.md), nicht Seitenansicht -- diese Session per Sichtung noch zu bestaetigen / Ordnername vor Registrierung vom Nutzer korrigiert (Tippfehler '20026' -> '2026') / Freigabe Verband 2026-08-31 / neu registriert 2026-09-02 / Hudl-Breakdown vorhanden -> PBP-Join moeglich (Sheet1, 80 Zeilen)"
sideline,2026-03-01_FRIENDLY-GER-vs-MEX-GOPRO,,2026-03-01,1920x1080,30.0,8.02,data/video/2026-03-01_Friendly_GERvsMEX_GoPro_9711282/Wide - Clip 029.mp4,4fa816b01ef4fb7a36a56a4754f811fc6cf92886cb1a91c707f296d1725fefa9,"Hudl-Re-Encode Playlist 9711282 / Clip pro Play / Freundschaftsspiel GER vs MEX, 80 Spielzuege lt. Breakdown / Perspektive: vermutlich Hinterfeld-/Endzone-Ansicht wie die bestehende GoPro-Session 2026-08-14_WC-GER-vs-MEX-GOPRO (Winkel-Label 'Wide', siehe Geometrie-Korrektur docs/material-sighting.md), nicht Seitenansicht -- diese Session per Sichtung noch zu bestaetigen / Ordnername vor Registrierung vom Nutzer korrigiert (Tippfehler '20026' -> '2026') / Freigabe Verband 2026-08-31 / neu registriert 2026-09-02 / Hudl-Breakdown vorhanden -> PBP-Join moeglich (Sheet1, 80 Zeilen)"
sideline,2026-03-01_FRIENDLY-GER-vs-MEX-GOPRO,,2026-03-01,1920x1080,30.0,10.35,data/video/2026-03-01_Friendly_GERvsMEX_GoPro_9711282/Wide - Clip 030.mp4,024409ed8d18ac6b13466f32d5aa0412add82074fff0de2a32f7ca76df03870e,"Hudl-Re-Encode Playlist 9711282 / Clip pro Play / Freundschaftsspiel GER vs MEX, 80 Spielzuege lt. Breakdown / Perspektive: vermutlich Hinterfeld-/Endzone-Ansicht wie die bestehende GoPro-Session 2026-08-14_WC-GER-vs-MEX-GOPRO (Winkel-Label 'Wide', siehe Geometrie-Korrektur docs/material-sighting.md), nicht Seitenansicht -- diese Session per Sichtung noch zu bestaetigen / Ordnername vor Registrierung vom Nutzer korrigiert (Tippfehler '20026' -> '2026') / Freigabe Verband 2026-08-31 / neu registriert 2026-09-02 / Hudl-Breakdown vorhanden -> PBP-Join moeglich (Sheet1, 80 Zeilen)"
sideline,2026-03-01_FRIENDLY-GER-vs-MEX-GOPRO,,2026-03-01,1920x1080,30.0,10.26,data/video/2026-03-01_Friendly_GERvsMEX_GoPro_9711282/Wide - Clip 031.mp4,2fafcf4c2cb39aaf5ee509a624c2093cd3a5c5335b24a32c1e39f72502546a4a,"Hudl-Re-Encode Playlist 9711282 / Clip pro Play / Freundschaftsspiel GER vs MEX, 80 Spielzuege lt. Breakdown / Perspektive: vermutlich Hinterfeld-/Endzone-Ansicht wie die bestehende GoPro-Session 2026-08-14_WC-GER-vs-MEX-GOPRO (Winkel-Label 'Wide', siehe Geometrie-Korrektur docs/material-sighting.md), nicht Seitenansicht -- diese Session per Sichtung noch zu bestaetigen / Ordnername vor Registrierung vom Nutzer korrigiert (Tippfehler '20026' -> '2026') / Freigabe Verband 2026-08-31 / neu registriert 2026-09-02 / Hudl-Breakdown vorhanden -> PBP-Join moeglich (Sheet1, 80 Zeilen)"
sideline,2026-03-01_FRIENDLY-GER-vs-MEX-GOPRO,,2026-03-01,1920x1080,30.0,11.56,data/video/2026-03-01_Friendly_GERvsMEX_GoPro_9711282/Wide - Clip 032.mp4,a076137c8d1c73c31239544ff46d224551e306fa90d59bb79d9318b40be696ae,"Hudl-Re-Encode Playlist 9711282 / Clip pro Play / Freundschaftsspiel GER vs MEX, 80 Spielzuege lt. Breakdown / Perspektive: vermutlich Hinterfeld-/Endzone-Ansicht wie die bestehende GoPro-Session 2026-08-14_WC-GER-vs-MEX-GOPRO (Winkel-Label 'Wide', siehe Geometrie-Korrektur docs/material-sighting.md), nicht Seitenansicht -- diese Session per Sichtung noch zu bestaetigen / Ordnername vor Registrierung vom Nutzer korrigiert (Tippfehler '20026' -> '2026') / Freigabe Verband 2026-08-31 / neu registriert 2026-09-02 / Hudl-Breakdown vorhanden -> PBP-Join moeglich (Sheet1, 80 Zeilen)"
sideline,2026-03-01_FRIENDLY-GER-vs-MEX-GOPRO,,2026-03-01,1920x1080,30.0,9.21,data/video/2026-03-01_Friendly_GERvsMEX_GoPro_9711282/Wide - Clip 033.mp4,8a1bc20e3921348cb2efa456b97dfc4a4dcec2488d5f3bd5d1fdba0a095dd502,"Hudl-Re-Encode Playlist 9711282 / Clip pro Play / Freundschaftsspiel GER vs MEX, 80 Spielzuege lt. Breakdown / Perspektive: vermutlich Hinterfeld-/Endzone-Ansicht wie die bestehende GoPro-Session 2026-08-14_WC-GER-vs-MEX-GOPRO (Winkel-Label 'Wide', siehe Geometrie-Korrektur docs/material-sighting.md), nicht Seitenansicht -- diese Session per Sichtung noch zu bestaetigen / Ordnername vor Registrierung vom Nutzer korrigiert (Tippfehler '20026' -> '2026') / Freigabe Verband 2026-08-31 / neu registriert 2026-09-02 / Hudl-Breakdown vorhanden -> PBP-Join moeglich (Sheet1, 80 Zeilen)"
sideline,2026-03-01_FRIENDLY-GER-vs-MEX-GOPRO,,2026-03-01,1920x1080,30.0,20.38,data/video/2026-03-01_Friendly_GERvsMEX_GoPro_9711282/Wide - Clip 034.mp4,1b39db9ef1e4ad752c588734edecee59cc9a21e9093943c904d338bf4b7e0424,"Hudl-Re-Encode Playlist 9711282 / Clip pro Play / Freundschaftsspiel GER vs MEX, 80 Spielzuege lt. Breakdown / Perspektive: vermutlich Hinterfeld-/Endzone-Ansicht wie die bestehende GoPro-Session 2026-08-14_WC-GER-vs-MEX-GOPRO (Winkel-Label 'Wide', siehe Geometrie-Korrektur docs/material-sighting.md), nicht Seitenansicht -- diese Session per Sichtung noch zu bestaetigen / Ordnername vor Registrierung vom Nutzer korrigiert (Tippfehler '20026' -> '2026') / Freigabe Verband 2026-08-31 / neu registriert 2026-09-02 / Hudl-Breakdown vorhanden -> PBP-Join moeglich (Sheet1, 80 Zeilen)"
sideline,2026-03-01_FRIENDLY-GER-vs-MEX-GOPRO,,2026-03-01,1920x1080,30.0,12.6,data/video/2026-03-01_Friendly_GERvsMEX_GoPro_9711282/Wide - Clip 035.mp4,597b5bd4b03b2b5b26c72d4f21bf82cc4cda0154e4afc2ab3297304083d7b666,"Hudl-Re-Encode Playlist 9711282 / Clip pro Play / Freundschaftsspiel GER vs MEX, 80 Spielzuege lt. Breakdown / Perspektive: vermutlich Hinterfeld-/Endzone-Ansicht wie die bestehende GoPro-Session 2026-08-14_WC-GER-vs-MEX-GOPRO (Winkel-Label 'Wide', siehe Geometrie-Korrektur docs/material-sighting.md), nicht Seitenansicht -- diese Session per Sichtung noch zu bestaetigen / Ordnername vor Registrierung vom Nutzer korrigiert (Tippfehler '20026' -> '2026') / Freigabe Verband 2026-08-31 / neu registriert 2026-09-02 / Hudl-Breakdown vorhanden -> PBP-Join moeglich (Sheet1, 80 Zeilen)"
sideline,2026-03-01_FRIENDLY-GER-vs-MEX-GOPRO,,2026-03-01,1920x1080,30.0,7.73,data/video/2026-03-01_Friendly_GERvsMEX_GoPro_9711282/Wide - Clip 036.mp4,12252cafa7427d0034916d7a15062d18fddad72196c390856c60d883489e0334,"Hudl-Re-Encode Playlist 9711282 / Clip pro Play / Freundschaftsspiel GER vs MEX, 80 Spielzuege lt. Breakdown / Perspektive: vermutlich Hinterfeld-/Endzone-Ansicht wie die bestehende GoPro-Session 2026-08-14_WC-GER-vs-MEX-GOPRO (Winkel-Label 'Wide', siehe Geometrie-Korrektur docs/material-sighting.md), nicht Seitenansicht -- diese Session per Sichtung noch zu bestaetigen / Ordnername vor Registrierung vom Nutzer korrigiert (Tippfehler '20026' -> '2026') / Freigabe Verband 2026-08-31 / neu registriert 2026-09-02 / Hudl-Breakdown vorhanden -> PBP-Join moeglich (Sheet1, 80 Zeilen)"
sideline,2026-03-01_FRIENDLY-GER-vs-MEX-GOPRO,,2026-03-01,1920x1080,30.0,15.23,data/video/2026-03-01_Friendly_GERvsMEX_GoPro_9711282/Wide - Clip 037.mp4,8a4c7ef592fb29d0c8c5bea9e28fcedbe38823a0d2a7539ff9160f768a4ab4f6,"Hudl-Re-Encode Playlist 9711282 / Clip pro Play / Freundschaftsspiel GER vs MEX, 80 Spielzuege lt. Breakdown / Perspektive: vermutlich Hinterfeld-/Endzone-Ansicht wie die bestehende GoPro-Session 2026-08-14_WC-GER-vs-MEX-GOPRO (Winkel-Label 'Wide', siehe Geometrie-Korrektur docs/material-sighting.md), nicht Seitenansicht -- diese Session per Sichtung noch zu bestaetigen / Ordnername vor Registrierung vom Nutzer korrigiert (Tippfehler '20026' -> '2026') / Freigabe Verband 2026-08-31 / neu registriert 2026-09-02 / Hudl-Breakdown vorhanden -> PBP-Join moeglich (Sheet1, 80 Zeilen)"
sideline,2026-03-01_FRIENDLY-GER-vs-MEX-GOPRO,,2026-03-01,1920x1080,30.0,17.11,data/video/2026-03-01_Friendly_GERvsMEX_GoPro_9711282/Wide - Clip 038.mp4,bc15c4ab56341b636e0e00f705365cf43546cfb816fb2dd6e1af7c5c7b7cf7eb,"Hudl-Re-Encode Playlist 9711282 / Clip pro Play / Freundschaftsspiel GER vs MEX, 80 Spielzuege lt. Breakdown / Perspektive: vermutlich Hinterfeld-/Endzone-Ansicht wie die bestehende GoPro-Session 2026-08-14_WC-GER-vs-MEX-GOPRO (Winkel-Label 'Wide', siehe Geometrie-Korrektur docs/material-sighting.md), nicht Seitenansicht -- diese Session per Sichtung noch zu bestaetigen / Ordnername vor Registrierung vom Nutzer korrigiert (Tippfehler '20026' -> '2026') / Freigabe Verband 2026-08-31 / neu registriert 2026-09-02 / Hudl-Breakdown vorhanden -> PBP-Join moeglich (Sheet1, 80 Zeilen)"
sideline,2026-03-01_FRIENDLY-GER-vs-MEX-GOPRO,,2026-03-01,1920x1080,30.0,11.89,data/video/2026-03-01_Friendly_GERvsMEX_GoPro_9711282/Wide - Clip 039.mp4,a43aa0b459e70ba2c2e88eed42a9595c24c69b5358f14bd5479c1b6d5615c4b7,"Hudl-Re-Encode Playlist 9711282 / Clip pro Play / Freundschaftsspiel GER vs MEX, 80 Spielzuege lt. Breakdown / Perspektive: vermutlich Hinterfeld-/Endzone-Ansicht wie die bestehende GoPro-Session 2026-08-14_WC-GER-vs-MEX-GOPRO (Winkel-Label 'Wide', siehe Geometrie-Korrektur docs/material-sighting.md), nicht Seitenansicht -- diese Session per Sichtung noch zu bestaetigen / Ordnername vor Registrierung vom Nutzer korrigiert (Tippfehler '20026' -> '2026') / Freigabe Verband 2026-08-31 / neu registriert 2026-09-02 / Hudl-Breakdown vorhanden -> PBP-Join moeglich (Sheet1, 80 Zeilen)"
sideline,2026-03-01_FRIENDLY-GER-vs-MEX-GOPRO,,2026-03-01,1920x1080,30.0,11.43,data/video/2026-03-01_Friendly_GERvsMEX_GoPro_9711282/Wide - Clip 040.mp4,83274445b6e46dc9eb979cc924b61e6d6b94650a9cde0d3c25174a9e70c47d07,"Hudl-Re-Encode Playlist 9711282 / Clip pro Play / Freundschaftsspiel GER vs MEX, 80 Spielzuege lt. Breakdown / Perspektive: vermutlich Hinterfeld-/Endzone-Ansicht wie die bestehende GoPro-Session 2026-08-14_WC-GER-vs-MEX-GOPRO (Winkel-Label 'Wide', siehe Geometrie-Korrektur docs/material-sighting.md), nicht Seitenansicht -- diese Session per Sichtung noch zu bestaetigen / Ordnername vor Registrierung vom Nutzer korrigiert (Tippfehler '20026' -> '2026') / Freigabe Verband 2026-08-31 / neu registriert 2026-09-02 / Hudl-Breakdown vorhanden -> PBP-Join moeglich (Sheet1, 80 Zeilen)"
sideline,2026-03-01_FRIENDLY-GER-vs-MEX-GOPRO,,2026-03-01,1920x1080,30.0,13.71,data/video/2026-03-01_Friendly_GERvsMEX_GoPro_9711282/Wide - Clip 041.mp4,4aac076e979a3d6f366bc0a5c5e728bdf3c2a8f862b93519d2c2416eae7e4f87,"Hudl-Re-Encode Playlist 9711282 / Clip pro Play / Freundschaftsspiel GER vs MEX, 80 Spielzuege lt. Breakdown / Perspektive: vermutlich Hinterfeld-/Endzone-Ansicht wie die bestehende GoPro-Session 2026-08-14_WC-GER-vs-MEX-GOPRO (Winkel-Label 'Wide', siehe Geometrie-Korrektur docs/material-sighting.md), nicht Seitenansicht -- diese Session per Sichtung noch zu bestaetigen / Ordnername vor Registrierung vom Nutzer korrigiert (Tippfehler '20026' -> '2026') / Freigabe Verband 2026-08-31 / neu registriert 2026-09-02 / Hudl-Breakdown vorhanden -> PBP-Join moeglich (Sheet1, 80 Zeilen)"
sideline,2026-03-01_FRIENDLY-GER-vs-MEX-GOPRO,,2026-03-01,1920x1080,30.0,14.89,data/video/2026-03-01_Friendly_GERvsMEX_GoPro_9711282/Wide - Clip 042.mp4,558c03c6afb9d8eea20b9016f5601260913d71b66550c4990dc58baefc06fd55,"Hudl-Re-Encode Playlist 9711282 / Clip pro Play / Freundschaftsspiel GER vs MEX, 80 Spielzuege lt. Breakdown / Perspektive: vermutlich Hinterfeld-/Endzone-Ansicht wie die bestehende GoPro-Session 2026-08-14_WC-GER-vs-MEX-GOPRO (Winkel-Label 'Wide', siehe Geometrie-Korrektur docs/material-sighting.md), nicht Seitenansicht -- diese Session per Sichtung noch zu bestaetigen / Ordnername vor Registrierung vom Nutzer korrigiert (Tippfehler '20026' -> '2026') / Freigabe Verband 2026-08-31 / neu registriert 2026-09-02 / Hudl-Breakdown vorhanden -> PBP-Join moeglich (Sheet1, 80 Zeilen)"
sideline,2026-03-01_FRIENDLY-GER-vs-MEX-GOPRO,,2026-03-01,1920x1080,30.0,6.77,data/video/2026-03-01_Friendly_GERvsMEX_GoPro_9711282/Wide - Clip 043.mp4,0514c028abbe13cf2df5ed011525ec22f54f3e4afc976b91282017dcd747ea1f,"Hudl-Re-Encode Playlist 9711282 / Clip pro Play / Freundschaftsspiel GER vs MEX, 80 Spielzuege lt. Breakdown / Perspektive: vermutlich Hinterfeld-/Endzone-Ansicht wie die bestehende GoPro-Session 2026-08-14_WC-GER-vs-MEX-GOPRO (Winkel-Label 'Wide', siehe Geometrie-Korrektur docs/material-sighting.md), nicht Seitenansicht -- diese Session per Sichtung noch zu bestaetigen / Ordnername vor Registrierung vom Nutzer korrigiert (Tippfehler '20026' -> '2026') / Freigabe Verband 2026-08-31 / neu registriert 2026-09-02 / Hudl-Breakdown vorhanden -> PBP-Join moeglich (Sheet1, 80 Zeilen)"
sideline,2026-03-01_FRIENDLY-GER-vs-MEX-GOPRO,,2026-03-01,1920x1080,30.0,9.96,data/video/2026-03-01_Friendly_GERvsMEX_GoPro_9711282/Wide - Clip 044.mp4,456fa3bdd19d9573ba5e56178382da9ff241f824a4ef83150bce2605b4dcd9de,"Hudl-Re-Encode Playlist 9711282 / Clip pro Play / Freundschaftsspiel GER vs MEX, 80 Spielzuege lt. Breakdown / Perspektive: vermutlich Hinterfeld-/Endzone-Ansicht wie die bestehende GoPro-Session 2026-08-14_WC-GER-vs-MEX-GOPRO (Winkel-Label 'Wide', siehe Geometrie-Korrektur docs/material-sighting.md), nicht Seitenansicht -- diese Session per Sichtung noch zu bestaetigen / Ordnername vor Registrierung vom Nutzer korrigiert (Tippfehler '20026' -> '2026') / Freigabe Verband 2026-08-31 / neu registriert 2026-09-02 / Hudl-Breakdown vorhanden -> PBP-Join moeglich (Sheet1, 80 Zeilen)"
sideline,2026-03-01_FRIENDLY-GER-vs-MEX-GOPRO,,2026-03-01,1920x1080,30.0,8.65,data/video/2026-03-01_Friendly_GERvsMEX_GoPro_9711282/Wide - Clip 045.mp4,2404444f470ae4eeb22693a006299ae59faa39b21a32b2fb7c327664717dd4f8,"Hudl-Re-Encode Playlist 9711282 / Clip pro Play / Freundschaftsspiel GER vs MEX, 80 Spielzuege lt. Breakdown / Perspektive: vermutlich Hinterfeld-/Endzone-Ansicht wie die bestehende GoPro-Session 2026-08-14_WC-GER-vs-MEX-GOPRO (Winkel-Label 'Wide', siehe Geometrie-Korrektur docs/material-sighting.md), nicht Seitenansicht -- diese Session per Sichtung noch zu bestaetigen / Ordnername vor Registrierung vom Nutzer korrigiert (Tippfehler '20026' -> '2026') / Freigabe Verband 2026-08-31 / neu registriert 2026-09-02 / Hudl-Breakdown vorhanden -> PBP-Join moeglich (Sheet1, 80 Zeilen)"
sideline,2026-03-01_FRIENDLY-GER-vs-MEX-GOPRO,,2026-03-01,1920x1080,30.0,12.2,data/video/2026-03-01_Friendly_GERvsMEX_GoPro_9711282/Wide - Clip 046.mp4,4f5ad1fadca43dd002a08416a6205d2e41b1e72abd8986998c2bb4c4935fe0ec,"Hudl-Re-Encode Playlist 9711282 / Clip pro Play / Freundschaftsspiel GER vs MEX, 80 Spielzuege lt. Breakdown / Perspektive: vermutlich Hinterfeld-/Endzone-Ansicht wie die bestehende GoPro-Session 2026-08-14_WC-GER-vs-MEX-GOPRO (Winkel-Label 'Wide', siehe Geometrie-Korrektur docs/material-sighting.md), nicht Seitenansicht -- diese Session per Sichtung noch zu bestaetigen / Ordnername vor Registrierung vom Nutzer korrigiert (Tippfehler '20026' -> '2026') / Freigabe Verband 2026-08-31 / neu registriert 2026-09-02 / Hudl-Breakdown vorhanden -> PBP-Join moeglich (Sheet1, 80 Zeilen)"
sideline,2026-03-01_FRIENDLY-GER-vs-MEX-GOPRO,,2026-03-01,1920x1080,30.0,6.3,data/video/2026-03-01_Friendly_GERvsMEX_GoPro_9711282/Wide - Clip 047.mp4,8031fb32375af4ff2d00b4ef2daa6d00e3fee728a6d80755c2c48651eaed3a02,"Hudl-Re-Encode Playlist 9711282 / Clip pro Play / Freundschaftsspiel GER vs MEX, 80 Spielzuege lt. Breakdown / Perspektive: vermutlich Hinterfeld-/Endzone-Ansicht wie die bestehende GoPro-Session 2026-08-14_WC-GER-vs-MEX-GOPRO (Winkel-Label 'Wide', siehe Geometrie-Korrektur docs/material-sighting.md), nicht Seitenansicht -- diese Session per Sichtung noch zu bestaetigen / Ordnername vor Registrierung vom Nutzer korrigiert (Tippfehler '20026' -> '2026') / Freigabe Verband 2026-08-31 / neu registriert 2026-09-02 / Hudl-Breakdown vorhanden -> PBP-Join moeglich (Sheet1, 80 Zeilen)"
sideline,2026-03-01_FRIENDLY-GER-vs-MEX-GOPRO,,2026-03-01,1920x1080,30.0,6.18,data/video/2026-03-01_Friendly_GERvsMEX_GoPro_9711282/Wide - Clip 048.mp4,2ffe491db0865f8753c1c9eb26eb53a6fa75e0dd7a7d1e262877c8674885ed5b,"Hudl-Re-Encode Playlist 9711282 / Clip pro Play / Freundschaftsspiel GER vs MEX, 80 Spielzuege lt. Breakdown / Perspektive: vermutlich Hinterfeld-/Endzone-Ansicht wie die bestehende GoPro-Session 2026-08-14_WC-GER-vs-MEX-GOPRO (Winkel-Label 'Wide', siehe Geometrie-Korrektur docs/material-sighting.md), nicht Seitenansicht -- diese Session per Sichtung noch zu bestaetigen / Ordnername vor Registrierung vom Nutzer korrigiert (Tippfehler '20026' -> '2026') / Freigabe Verband 2026-08-31 / neu registriert 2026-09-02 / Hudl-Breakdown vorhanden -> PBP-Join moeglich (Sheet1, 80 Zeilen)"
sideline,2026-03-01_FRIENDLY-GER-vs-MEX-GOPRO,,2026-03-01,1920x1080,30.0,9.09,data/video/2026-03-01_Friendly_GERvsMEX_GoPro_9711282/Wide - Clip 049.mp4,abe1dfb8f64f171d5be2a6917c611d0599e6995e9a20a96890717d9bbeed447e,"Hudl-Re-Encode Playlist 9711282 / Clip pro Play / Freundschaftsspiel GER vs MEX, 80 Spielzuege lt. Breakdown / Perspektive: vermutlich Hinterfeld-/Endzone-Ansicht wie die bestehende GoPro-Session 2026-08-14_WC-GER-vs-MEX-GOPRO (Winkel-Label 'Wide', siehe Geometrie-Korrektur docs/material-sighting.md), nicht Seitenansicht -- diese Session per Sichtung noch zu bestaetigen / Ordnername vor Registrierung vom Nutzer korrigiert (Tippfehler '20026' -> '2026') / Freigabe Verband 2026-08-31 / neu registriert 2026-09-02 / Hudl-Breakdown vorhanden -> PBP-Join moeglich (Sheet1, 80 Zeilen)"
sideline,2026-03-01_FRIENDLY-GER-vs-MEX-GOPRO,,2026-03-01,1920x1080,30.0,5.62,data/video/2026-03-01_Friendly_GERvsMEX_GoPro_9711282/Wide - Clip 050.mp4,035b569accc28e9e2c7f65ab45208bd86bd72b948a659e1ad283dd423607d114,"Hudl-Re-Encode Playlist 9711282 / Clip pro Play / Freundschaftsspiel GER vs MEX, 80 Spielzuege lt. Breakdown / Perspektive: vermutlich Hinterfeld-/Endzone-Ansicht wie die bestehende GoPro-Session 2026-08-14_WC-GER-vs-MEX-GOPRO (Winkel-Label 'Wide', siehe Geometrie-Korrektur docs/material-sighting.md), nicht Seitenansicht -- diese Session per Sichtung noch zu bestaetigen / Ordnername vor Registrierung vom Nutzer korrigiert (Tippfehler '20026' -> '2026') / Freigabe Verband 2026-08-31 / neu registriert 2026-09-02 / Hudl-Breakdown vorhanden -> PBP-Join moeglich (Sheet1, 80 Zeilen)"
sideline,2026-03-01_FRIENDLY-GER-vs-MEX-GOPRO,,2026-03-01,1920x1080,30.0,8.14,data/video/2026-03-01_Friendly_GERvsMEX_GoPro_9711282/Wide - Clip 051.mp4,0c9a43a57104f858b07fafbc9b85cdb8c1b21828a5f5b6f72915d1f68fcfcb0c,"Hudl-Re-Encode Playlist 9711282 / Clip pro Play / Freundschaftsspiel GER vs MEX, 80 Spielzuege lt. Breakdown / Perspektive: vermutlich Hinterfeld-/Endzone-Ansicht wie die bestehende GoPro-Session 2026-08-14_WC-GER-vs-MEX-GOPRO (Winkel-Label 'Wide', siehe Geometrie-Korrektur docs/material-sighting.md), nicht Seitenansicht -- diese Session per Sichtung noch zu bestaetigen / Ordnername vor Registrierung vom Nutzer korrigiert (Tippfehler '20026' -> '2026') / Freigabe Verband 2026-08-31 / neu registriert 2026-09-02 / Hudl-Breakdown vorhanden -> PBP-Join moeglich (Sheet1, 80 Zeilen)"
sideline,2026-03-01_FRIENDLY-GER-vs-MEX-GOPRO,,2026-03-01,1920x1080,30.0,13.99,data/video/2026-03-01_Friendly_GERvsMEX_GoPro_9711282/Wide - Clip 052.mp4,b4ec272a05a2c1a3df624ebfadd53ebdcc4b7ae6f46944a4d00628a249e8be91,"Hudl-Re-Encode Playlist 9711282 / Clip pro Play / Freundschaftsspiel GER vs MEX, 80 Spielzuege lt. Breakdown / Perspektive: vermutlich Hinterfeld-/Endzone-Ansicht wie die bestehende GoPro-Session 2026-08-14_WC-GER-vs-MEX-GOPRO (Winkel-Label 'Wide', siehe Geometrie-Korrektur docs/material-sighting.md), nicht Seitenansicht -- diese Session per Sichtung noch zu bestaetigen / Ordnername vor Registrierung vom Nutzer korrigiert (Tippfehler '20026' -> '2026') / Freigabe Verband 2026-08-31 / neu registriert 2026-09-02 / Hudl-Breakdown vorhanden -> PBP-Join moeglich (Sheet1, 80 Zeilen)"
sideline,2026-03-01_FRIENDLY-GER-vs-MEX-GOPRO,,2026-03-01,1920x1080,30.0,7.21,data/video/2026-03-01_Friendly_GERvsMEX_GoPro_9711282/Wide - Clip 053.mp4,954f0b72192f9c2e9ce2a5a0a1205032e4a2ad503b0b168a127b83611955cff3,"Hudl-Re-Encode Playlist 9711282 / Clip pro Play / Freundschaftsspiel GER vs MEX, 80 Spielzuege lt. Breakdown / Perspektive: vermutlich Hinterfeld-/Endzone-Ansicht wie die bestehende GoPro-Session 2026-08-14_WC-GER-vs-MEX-GOPRO (Winkel-Label 'Wide', siehe Geometrie-Korrektur docs/material-sighting.md), nicht Seitenansicht -- diese Session per Sichtung noch zu bestaetigen / Ordnername vor Registrierung vom Nutzer korrigiert (Tippfehler '20026' -> '2026') / Freigabe Verband 2026-08-31 / neu registriert 2026-09-02 / Hudl-Breakdown vorhanden -> PBP-Join moeglich (Sheet1, 80 Zeilen)"
sideline,2026-03-01_FRIENDLY-GER-vs-MEX-GOPRO,,2026-03-01,1920x1080,30.0,12.74,data/video/2026-03-01_Friendly_GERvsMEX_GoPro_9711282/Wide - Clip 054.mp4,18ca252f1d8498eaf45b4883995a704066be3b123f7aadf313dce35d9836d39f,"Hudl-Re-Encode Playlist 9711282 / Clip pro Play / Freundschaftsspiel GER vs MEX, 80 Spielzuege lt. Breakdown / Perspektive: vermutlich Hinterfeld-/Endzone-Ansicht wie die bestehende GoPro-Session 2026-08-14_WC-GER-vs-MEX-GOPRO (Winkel-Label 'Wide', siehe Geometrie-Korrektur docs/material-sighting.md), nicht Seitenansicht -- diese Session per Sichtung noch zu bestaetigen / Ordnername vor Registrierung vom Nutzer korrigiert (Tippfehler '20026' -> '2026') / Freigabe Verband 2026-08-31 / neu registriert 2026-09-02 / Hudl-Breakdown vorhanden -> PBP-Join moeglich (Sheet1, 80 Zeilen)"
sideline,2026-03-01_FRIENDLY-GER-vs-MEX-GOPRO,,2026-03-01,1920x1080,30.0,16.45,data/video/2026-03-01_Friendly_GERvsMEX_GoPro_9711282/Wide - Clip 055.mp4,39b624ac0f8882dcd95ce80df2bca4f62b0ebfc6ead0aa9b4fb5839f921f4030,"Hudl-Re-Encode Playlist 9711282 / Clip pro Play / Freundschaftsspiel GER vs MEX, 80 Spielzuege lt. Breakdown / Perspektive: vermutlich Hinterfeld-/Endzone-Ansicht wie die bestehende GoPro-Session 2026-08-14_WC-GER-vs-MEX-GOPRO (Winkel-Label 'Wide', siehe Geometrie-Korrektur docs/material-sighting.md), nicht Seitenansicht -- diese Session per Sichtung noch zu bestaetigen / Ordnername vor Registrierung vom Nutzer korrigiert (Tippfehler '20026' -> '2026') / Freigabe Verband 2026-08-31 / neu registriert 2026-09-02 / Hudl-Breakdown vorhanden -> PBP-Join moeglich (Sheet1, 80 Zeilen)"
sideline,2026-03-01_FRIENDLY-GER-vs-MEX-GOPRO,,2026-03-01,1920x1080,30.0,8.84,data/video/2026-03-01_Friendly_GERvsMEX_GoPro_9711282/Wide - Clip 056.mp4,345b6753e2fc9830249a990cedb95fe456f2d28b5f08d394590702c5ef73c8b3,"Hudl-Re-Encode Playlist 9711282 / Clip pro Play / Freundschaftsspiel GER vs MEX, 80 Spielzuege lt. Breakdown / Perspektive: vermutlich Hinterfeld-/Endzone-Ansicht wie die bestehende GoPro-Session 2026-08-14_WC-GER-vs-MEX-GOPRO (Winkel-Label 'Wide', siehe Geometrie-Korrektur docs/material-sighting.md), nicht Seitenansicht -- diese Session per Sichtung noch zu bestaetigen / Ordnername vor Registrierung vom Nutzer korrigiert (Tippfehler '20026' -> '2026') / Freigabe Verband 2026-08-31 / neu registriert 2026-09-02 / Hudl-Breakdown vorhanden -> PBP-Join moeglich (Sheet1, 80 Zeilen)"
sideline,2026-03-01_FRIENDLY-GER-vs-MEX-GOPRO,,2026-03-01,1920x1080,30.0,14.54,data/video/2026-03-01_Friendly_GERvsMEX_GoPro_9711282/Wide - Clip 057.mp4,88ea24f920e8722886f9c6b59dea42e10f5e438803561408bd7b449981d3567d,"Hudl-Re-Encode Playlist 9711282 / Clip pro Play / Freundschaftsspiel GER vs MEX, 80 Spielzuege lt. Breakdown / Perspektive: vermutlich Hinterfeld-/Endzone-Ansicht wie die bestehende GoPro-Session 2026-08-14_WC-GER-vs-MEX-GOPRO (Winkel-Label 'Wide', siehe Geometrie-Korrektur docs/material-sighting.md), nicht Seitenansicht -- diese Session per Sichtung noch zu bestaetigen / Ordnername vor Registrierung vom Nutzer korrigiert (Tippfehler '20026' -> '2026') / Freigabe Verband 2026-08-31 / neu registriert 2026-09-02 / Hudl-Breakdown vorhanden -> PBP-Join moeglich (Sheet1, 80 Zeilen)"
sideline,2026-03-01_FRIENDLY-GER-vs-MEX-GOPRO,,2026-03-01,1920x1080,30.0,9.47,data/video/2026-03-01_Friendly_GERvsMEX_GoPro_9711282/Wide - Clip 058.mp4,04e17bf0043cbf6d0a7ca50071018646483b51b21f10a42121f410a7a2db8f1e,"Hudl-Re-Encode Playlist 9711282 / Clip pro Play / Freundschaftsspiel GER vs MEX, 80 Spielzuege lt. Breakdown / Perspektive: vermutlich Hinterfeld-/Endzone-Ansicht wie die bestehende GoPro-Session 2026-08-14_WC-GER-vs-MEX-GOPRO (Winkel-Label 'Wide', siehe Geometrie-Korrektur docs/material-sighting.md), nicht Seitenansicht -- diese Session per Sichtung noch zu bestaetigen / Ordnername vor Registrierung vom Nutzer korrigiert (Tippfehler '20026' -> '2026') / Freigabe Verband 2026-08-31 / neu registriert 2026-09-02 / Hudl-Breakdown vorhanden -> PBP-Join moeglich (Sheet1, 80 Zeilen)"
sideline,2026-03-01_FRIENDLY-GER-vs-MEX-GOPRO,,2026-03-01,1920x1080,30.0,8.82,data/video/2026-03-01_Friendly_GERvsMEX_GoPro_9711282/Wide - Clip 059.mp4,5a9e37fc40ade05480b597b042fda70b703b916bcdae84f343d7cbd9914fbed8,"Hudl-Re-Encode Playlist 9711282 / Clip pro Play / Freundschaftsspiel GER vs MEX, 80 Spielzuege lt. Breakdown / Perspektive: vermutlich Hinterfeld-/Endzone-Ansicht wie die bestehende GoPro-Session 2026-08-14_WC-GER-vs-MEX-GOPRO (Winkel-Label 'Wide', siehe Geometrie-Korrektur docs/material-sighting.md), nicht Seitenansicht -- diese Session per Sichtung noch zu bestaetigen / Ordnername vor Registrierung vom Nutzer korrigiert (Tippfehler '20026' -> '2026') / Freigabe Verband 2026-08-31 / neu registriert 2026-09-02 / Hudl-Breakdown vorhanden -> PBP-Join moeglich (Sheet1, 80 Zeilen)"
sideline,2026-03-01_FRIENDLY-GER-vs-MEX-GOPRO,,2026-03-01,1920x1080,30.0,7.84,data/video/2026-03-01_Friendly_GERvsMEX_GoPro_9711282/Wide - Clip 060.mp4,de81893f2eee48484c0cac015e4a8716ef5d6fb59ca9a920d68b00e8c77feaba,"Hudl-Re-Encode Playlist 9711282 / Clip pro Play / Freundschaftsspiel GER vs MEX, 80 Spielzuege lt. Breakdown / Perspektive: vermutlich Hinterfeld-/Endzone-Ansicht wie die bestehende GoPro-Session 2026-08-14_WC-GER-vs-MEX-GOPRO (Winkel-Label 'Wide', siehe Geometrie-Korrektur docs/material-sighting.md), nicht Seitenansicht -- diese Session per Sichtung noch zu bestaetigen / Ordnername vor Registrierung vom Nutzer korrigiert (Tippfehler '20026' -> '2026') / Freigabe Verband 2026-08-31 / neu registriert 2026-09-02 / Hudl-Breakdown vorhanden -> PBP-Join moeglich (Sheet1, 80 Zeilen)"
sideline,2026-03-01_FRIENDLY-GER-vs-MEX-GOPRO,,2026-03-01,1920x1080,30.0,6.89,data/video/2026-03-01_Friendly_GERvsMEX_GoPro_9711282/Wide - Clip 061.mp4,c2b8ff05ad857e6ce28512da43492cbd49b87e828b0ed6897d6aa86c6c4df6b4,"Hudl-Re-Encode Playlist 9711282 / Clip pro Play / Freundschaftsspiel GER vs MEX, 80 Spielzuege lt. Breakdown / Perspektive: vermutlich Hinterfeld-/Endzone-Ansicht wie die bestehende GoPro-Session 2026-08-14_WC-GER-vs-MEX-GOPRO (Winkel-Label 'Wide', siehe Geometrie-Korrektur docs/material-sighting.md), nicht Seitenansicht -- diese Session per Sichtung noch zu bestaetigen / Ordnername vor Registrierung vom Nutzer korrigiert (Tippfehler '20026' -> '2026') / Freigabe Verband 2026-08-31 / neu registriert 2026-09-02 / Hudl-Breakdown vorhanden -> PBP-Join moeglich (Sheet1, 80 Zeilen)"
sideline,2026-03-01_FRIENDLY-GER-vs-MEX-GOPRO,,2026-03-01,1920x1080,30.0,11.33,data/video/2026-03-01_Friendly_GERvsMEX_GoPro_9711282/Wide - Clip 062.mp4,37360ce4d2bbbf3d02b85f20775d176e4197233df8a15543dd3cd65536242672,"Hudl-Re-Encode Playlist 9711282 / Clip pro Play / Freundschaftsspiel GER vs MEX, 80 Spielzuege lt. Breakdown / Perspektive: vermutlich Hinterfeld-/Endzone-Ansicht wie die bestehende GoPro-Session 2026-08-14_WC-GER-vs-MEX-GOPRO (Winkel-Label 'Wide', siehe Geometrie-Korrektur docs/material-sighting.md), nicht Seitenansicht -- diese Session per Sichtung noch zu bestaetigen / Ordnername vor Registrierung vom Nutzer korrigiert (Tippfehler '20026' -> '2026') / Freigabe Verband 2026-08-31 / neu registriert 2026-09-02 / Hudl-Breakdown vorhanden -> PBP-Join moeglich (Sheet1, 80 Zeilen)"
sideline,2026-03-01_FRIENDLY-GER-vs-MEX-GOPRO,,2026-03-01,1920x1080,30.0,10.73,data/video/2026-03-01_Friendly_GERvsMEX_GoPro_9711282/Wide - Clip 063.mp4,2bc6aec03031b905a81d47c20cbe8cd2b33203cec65ca5ab05e57882eba02ab1,"Hudl-Re-Encode Playlist 9711282 / Clip pro Play / Freundschaftsspiel GER vs MEX, 80 Spielzuege lt. Breakdown / Perspektive: vermutlich Hinterfeld-/Endzone-Ansicht wie die bestehende GoPro-Session 2026-08-14_WC-GER-vs-MEX-GOPRO (Winkel-Label 'Wide', siehe Geometrie-Korrektur docs/material-sighting.md), nicht Seitenansicht -- diese Session per Sichtung noch zu bestaetigen / Ordnername vor Registrierung vom Nutzer korrigiert (Tippfehler '20026' -> '2026') / Freigabe Verband 2026-08-31 / neu registriert 2026-09-02 / Hudl-Breakdown vorhanden -> PBP-Join moeglich (Sheet1, 80 Zeilen)"
sideline,2026-03-01_FRIENDLY-GER-vs-MEX-GOPRO,,2026-03-01,1920x1080,30.0,10.51,data/video/2026-03-01_Friendly_GERvsMEX_GoPro_9711282/Wide - Clip 064.mp4,3908d32c023063f1373c4ce26b1c094910b53cfdde813d478a73a2b1bbfc9959,"Hudl-Re-Encode Playlist 9711282 / Clip pro Play / Freundschaftsspiel GER vs MEX, 80 Spielzuege lt. Breakdown / Perspektive: vermutlich Hinterfeld-/Endzone-Ansicht wie die bestehende GoPro-Session 2026-08-14_WC-GER-vs-MEX-GOPRO (Winkel-Label 'Wide', siehe Geometrie-Korrektur docs/material-sighting.md), nicht Seitenansicht -- diese Session per Sichtung noch zu bestaetigen / Ordnername vor Registrierung vom Nutzer korrigiert (Tippfehler '20026' -> '2026') / Freigabe Verband 2026-08-31 / neu registriert 2026-09-02 / Hudl-Breakdown vorhanden -> PBP-Join moeglich (Sheet1, 80 Zeilen)"
sideline,2026-03-01_FRIENDLY-GER-vs-MEX-GOPRO,,2026-03-01,1920x1080,30.0,10.41,data/video/2026-03-01_Friendly_GERvsMEX_GoPro_9711282/Wide - Clip 065.mp4,996e04c93037b84a3f906ac2ee54a626768dfe614af2255514e930b9105ecb60,"Hudl-Re-Encode Playlist 9711282 / Clip pro Play / Freundschaftsspiel GER vs MEX, 80 Spielzuege lt. Breakdown / Perspektive: vermutlich Hinterfeld-/Endzone-Ansicht wie die bestehende GoPro-Session 2026-08-14_WC-GER-vs-MEX-GOPRO (Winkel-Label 'Wide', siehe Geometrie-Korrektur docs/material-sighting.md), nicht Seitenansicht -- diese Session per Sichtung noch zu bestaetigen / Ordnername vor Registrierung vom Nutzer korrigiert (Tippfehler '20026' -> '2026') / Freigabe Verband 2026-08-31 / neu registriert 2026-09-02 / Hudl-Breakdown vorhanden -> PBP-Join moeglich (Sheet1, 80 Zeilen)"
sideline,2026-03-01_FRIENDLY-GER-vs-MEX-GOPRO,,2026-03-01,1920x1080,30.0,8.61,data/video/2026-03-01_Friendly_GERvsMEX_GoPro_9711282/Wide - Clip 066.mp4,14b0abac52a5e6b11345571811dbaabf6e86b9360600ee2976975bd91877e158,"Hudl-Re-Encode Playlist 9711282 / Clip pro Play / Freundschaftsspiel GER vs MEX, 80 Spielzuege lt. Breakdown / Perspektive: vermutlich Hinterfeld-/Endzone-Ansicht wie die bestehende GoPro-Session 2026-08-14_WC-GER-vs-MEX-GOPRO (Winkel-Label 'Wide', siehe Geometrie-Korrektur docs/material-sighting.md), nicht Seitenansicht -- diese Session per Sichtung noch zu bestaetigen / Ordnername vor Registrierung vom Nutzer korrigiert (Tippfehler '20026' -> '2026') / Freigabe Verband 2026-08-31 / neu registriert 2026-09-02 / Hudl-Breakdown vorhanden -> PBP-Join moeglich (Sheet1, 80 Zeilen)"
sideline,2026-03-01_FRIENDLY-GER-vs-MEX-GOPRO,,2026-03-01,1920x1080,30.0,6.89,data/video/2026-03-01_Friendly_GERvsMEX_GoPro_9711282/Wide - Clip 067.mp4,d0f9666a7ec40ea9015db40d7ca056cea096e018b4a6cc0e5b5af7f5e547e3e2,"Hudl-Re-Encode Playlist 9711282 / Clip pro Play / Freundschaftsspiel GER vs MEX, 80 Spielzuege lt. Breakdown / Perspektive: vermutlich Hinterfeld-/Endzone-Ansicht wie die bestehende GoPro-Session 2026-08-14_WC-GER-vs-MEX-GOPRO (Winkel-Label 'Wide', siehe Geometrie-Korrektur docs/material-sighting.md), nicht Seitenansicht -- diese Session per Sichtung noch zu bestaetigen / Ordnername vor Registrierung vom Nutzer korrigiert (Tippfehler '20026' -> '2026') / Freigabe Verband 2026-08-31 / neu registriert 2026-09-02 / Hudl-Breakdown vorhanden -> PBP-Join moeglich (Sheet1, 80 Zeilen)"
sideline,2026-03-01_FRIENDLY-GER-vs-MEX-GOPRO,,2026-03-01,1920x1080,30.0,11.17,data/video/2026-03-01_Friendly_GERvsMEX_GoPro_9711282/Wide - Clip 068.mp4,ece20e18c69fda344923f56f756bcb2fc70665dfa5108f072dc0e38f35444d19,"Hudl-Re-Encode Playlist 9711282 / Clip pro Play / Freundschaftsspiel GER vs MEX, 80 Spielzuege lt. Breakdown / Perspektive: vermutlich Hinterfeld-/Endzone-Ansicht wie die bestehende GoPro-Session 2026-08-14_WC-GER-vs-MEX-GOPRO (Winkel-Label 'Wide', siehe Geometrie-Korrektur docs/material-sighting.md), nicht Seitenansicht -- diese Session per Sichtung noch zu bestaetigen / Ordnername vor Registrierung vom Nutzer korrigiert (Tippfehler '20026' -> '2026') / Freigabe Verband 2026-08-31 / neu registriert 2026-09-02 / Hudl-Breakdown vorhanden -> PBP-Join moeglich (Sheet1, 80 Zeilen)"
sideline,2026-03-01_FRIENDLY-GER-vs-MEX-GOPRO,,2026-03-01,1920x1080,30.0,11.8,data/video/2026-03-01_Friendly_GERvsMEX_GoPro_9711282/Wide - Clip 069.mp4,8c72e8be9e45db724c979834d998b8c41f82e53f3ac3c2be2febc28173becbb4,"Hudl-Re-Encode Playlist 9711282 / Clip pro Play / Freundschaftsspiel GER vs MEX, 80 Spielzuege lt. Breakdown / Perspektive: vermutlich Hinterfeld-/Endzone-Ansicht wie die bestehende GoPro-Session 2026-08-14_WC-GER-vs-MEX-GOPRO (Winkel-Label 'Wide', siehe Geometrie-Korrektur docs/material-sighting.md), nicht Seitenansicht -- diese Session per Sichtung noch zu bestaetigen / Ordnername vor Registrierung vom Nutzer korrigiert (Tippfehler '20026' -> '2026') / Freigabe Verband 2026-08-31 / neu registriert 2026-09-02 / Hudl-Breakdown vorhanden -> PBP-Join moeglich (Sheet1, 80 Zeilen)"
sideline,2026-03-01_FRIENDLY-GER-vs-MEX-GOPRO,,2026-03-01,1920x1080,30.0,8.56,data/video/2026-03-01_Friendly_GERvsMEX_GoPro_9711282/Wide - Clip 070.mp4,c5185ec8a8db8e0aea2e3bd7157f3aa15b8e858e7cd91eff5be6bf7245a111a9,"Hudl-Re-Encode Playlist 9711282 / Clip pro Play / Freundschaftsspiel GER vs MEX, 80 Spielzuege lt. Breakdown / Perspektive: vermutlich Hinterfeld-/Endzone-Ansicht wie die bestehende GoPro-Session 2026-08-14_WC-GER-vs-MEX-GOPRO (Winkel-Label 'Wide', siehe Geometrie-Korrektur docs/material-sighting.md), nicht Seitenansicht -- diese Session per Sichtung noch zu bestaetigen / Ordnername vor Registrierung vom Nutzer korrigiert (Tippfehler '20026' -> '2026') / Freigabe Verband 2026-08-31 / neu registriert 2026-09-02 / Hudl-Breakdown vorhanden -> PBP-Join moeglich (Sheet1, 80 Zeilen)"
sideline,2026-03-01_FRIENDLY-GER-vs-MEX-GOPRO,,2026-03-01,1920x1080,30.0,7.98,data/video/2026-03-01_Friendly_GERvsMEX_GoPro_9711282/Wide - Clip 071.mp4,31e23cccb0a91a39907a4c72254d0d2dc0d138ea603f04bb9364db867d991584,"Hudl-Re-Encode Playlist 9711282 / Clip pro Play / Freundschaftsspiel GER vs MEX, 80 Spielzuege lt. Breakdown / Perspektive: vermutlich Hinterfeld-/Endzone-Ansicht wie die bestehende GoPro-Session 2026-08-14_WC-GER-vs-MEX-GOPRO (Winkel-Label 'Wide', siehe Geometrie-Korrektur docs/material-sighting.md), nicht Seitenansicht -- diese Session per Sichtung noch zu bestaetigen / Ordnername vor Registrierung vom Nutzer korrigiert (Tippfehler '20026' -> '2026') / Freigabe Verband 2026-08-31 / neu registriert 2026-09-02 / Hudl-Breakdown vorhanden -> PBP-Join moeglich (Sheet1, 80 Zeilen)"
sideline,2026-03-01_FRIENDLY-GER-vs-MEX-GOPRO,,2026-03-01,1920x1080,30.0,11.39,data/video/2026-03-01_Friendly_GERvsMEX_GoPro_9711282/Wide - Clip 072.mp4,4c1ab9c68a80efe106c4a3a4a0f6612ded9a355a1fba5dab41373f254af7f485,"Hudl-Re-Encode Playlist 9711282 / Clip pro Play / Freundschaftsspiel GER vs MEX, 80 Spielzuege lt. Breakdown / Perspektive: vermutlich Hinterfeld-/Endzone-Ansicht wie die bestehende GoPro-Session 2026-08-14_WC-GER-vs-MEX-GOPRO (Winkel-Label 'Wide', siehe Geometrie-Korrektur docs/material-sighting.md), nicht Seitenansicht -- diese Session per Sichtung noch zu bestaetigen / Ordnername vor Registrierung vom Nutzer korrigiert (Tippfehler '20026' -> '2026') / Freigabe Verband 2026-08-31 / neu registriert 2026-09-02 / Hudl-Breakdown vorhanden -> PBP-Join moeglich (Sheet1, 80 Zeilen)"
sideline,2026-03-01_FRIENDLY-GER-vs-MEX-GOPRO,,2026-03-01,1920x1080,30.0,7.11,data/video/2026-03-01_Friendly_GERvsMEX_GoPro_9711282/Wide - Clip 073.mp4,82d38de37174b51bf19985a9e520e9a2e358733748b5417169729d97e2ba58d7,"Hudl-Re-Encode Playlist 9711282 / Clip pro Play / Freundschaftsspiel GER vs MEX, 80 Spielzuege lt. Breakdown / Perspektive: vermutlich Hinterfeld-/Endzone-Ansicht wie die bestehende GoPro-Session 2026-08-14_WC-GER-vs-MEX-GOPRO (Winkel-Label 'Wide', siehe Geometrie-Korrektur docs/material-sighting.md), nicht Seitenansicht -- diese Session per Sichtung noch zu bestaetigen / Ordnername vor Registrierung vom Nutzer korrigiert (Tippfehler '20026' -> '2026') / Freigabe Verband 2026-08-31 / neu registriert 2026-09-02 / Hudl-Breakdown vorhanden -> PBP-Join moeglich (Sheet1, 80 Zeilen)"
sideline,2026-03-01_FRIENDLY-GER-vs-MEX-GOPRO,,2026-03-01,1920x1080,30.0,8.04,data/video/2026-03-01_Friendly_GERvsMEX_GoPro_9711282/Wide - Clip 074.mp4,a8de38530ff9c34eaa6cce01f9e56acfb939cd4cf2798e83a89e32fe6ead2532,"Hudl-Re-Encode Playlist 9711282 / Clip pro Play / Freundschaftsspiel GER vs MEX, 80 Spielzuege lt. Breakdown / Perspektive: vermutlich Hinterfeld-/Endzone-Ansicht wie die bestehende GoPro-Session 2026-08-14_WC-GER-vs-MEX-GOPRO (Winkel-Label 'Wide', siehe Geometrie-Korrektur docs/material-sighting.md), nicht Seitenansicht -- diese Session per Sichtung noch zu bestaetigen / Ordnername vor Registrierung vom Nutzer korrigiert (Tippfehler '20026' -> '2026') / Freigabe Verband 2026-08-31 / neu registriert 2026-09-02 / Hudl-Breakdown vorhanden -> PBP-Join moeglich (Sheet1, 80 Zeilen)"
sideline,2026-03-01_FRIENDLY-GER-vs-MEX-GOPRO,,2026-03-01,1920x1080,30.0,10.24,data/video/2026-03-01_Friendly_GERvsMEX_GoPro_9711282/Wide - Clip 075.mp4,53b59b0e34b6b84ccb418f525173b70ee9fe312c57677a5247d6576a5b08fe2d,"Hudl-Re-Encode Playlist 9711282 / Clip pro Play / Freundschaftsspiel GER vs MEX, 80 Spielzuege lt. Breakdown / Perspektive: vermutlich Hinterfeld-/Endzone-Ansicht wie die bestehende GoPro-Session 2026-08-14_WC-GER-vs-MEX-GOPRO (Winkel-Label 'Wide', siehe Geometrie-Korrektur docs/material-sighting.md), nicht Seitenansicht -- diese Session per Sichtung noch zu bestaetigen / Ordnername vor Registrierung vom Nutzer korrigiert (Tippfehler '20026' -> '2026') / Freigabe Verband 2026-08-31 / neu registriert 2026-09-02 / Hudl-Breakdown vorhanden -> PBP-Join moeglich (Sheet1, 80 Zeilen)"
sideline,2026-03-01_FRIENDLY-GER-vs-MEX-GOPRO,,2026-03-01,1920x1080,30.0,9.43,data/video/2026-03-01_Friendly_GERvsMEX_GoPro_9711282/Wide - Clip 076.mp4,fafb1a7cf0b597171c70259889f0d338645ec75cd90f41ab63ee8c8dbe7860e1,"Hudl-Re-Encode Playlist 9711282 / Clip pro Play / Freundschaftsspiel GER vs MEX, 80 Spielzuege lt. Breakdown / Perspektive: vermutlich Hinterfeld-/Endzone-Ansicht wie die bestehende GoPro-Session 2026-08-14_WC-GER-vs-MEX-GOPRO (Winkel-Label 'Wide', siehe Geometrie-Korrektur docs/material-sighting.md), nicht Seitenansicht -- diese Session per Sichtung noch zu bestaetigen / Ordnername vor Registrierung vom Nutzer korrigiert (Tippfehler '20026' -> '2026') / Freigabe Verband 2026-08-31 / neu registriert 2026-09-02 / Hudl-Breakdown vorhanden -> PBP-Join moeglich (Sheet1, 80 Zeilen)"
sideline,2026-03-01_FRIENDLY-GER-vs-MEX-GOPRO,,2026-03-01,1920x1080,30.0,12.7,data/video/2026-03-01_Friendly_GERvsMEX_GoPro_9711282/Wide - Clip 077.mp4,0223926b82d8d0b31019894ef5a8ab84e067c2644ddfebf4f82e9fbc4b2a8eff,"Hudl-Re-Encode Playlist 9711282 / Clip pro Play / Freundschaftsspiel GER vs MEX, 80 Spielzuege lt. Breakdown / Perspektive: vermutlich Hinterfeld-/Endzone-Ansicht wie die bestehende GoPro-Session 2026-08-14_WC-GER-vs-MEX-GOPRO (Winkel-Label 'Wide', siehe Geometrie-Korrektur docs/material-sighting.md), nicht Seitenansicht -- diese Session per Sichtung noch zu bestaetigen / Ordnername vor Registrierung vom Nutzer korrigiert (Tippfehler '20026' -> '2026') / Freigabe Verband 2026-08-31 / neu registriert 2026-09-02 / Hudl-Breakdown vorhanden -> PBP-Join moeglich (Sheet1, 80 Zeilen)"
sideline,2026-03-01_FRIENDLY-GER-vs-MEX-GOPRO,,2026-03-01,1920x1080,30.0,8.31,data/video/2026-03-01_Friendly_GERvsMEX_GoPro_9711282/Wide - Clip 078.mp4,b08c3e70e830c2954db74a4d9051b71b73d56a975e462123e3133e85e3e79e13,"Hudl-Re-Encode Playlist 9711282 / Clip pro Play / Freundschaftsspiel GER vs MEX, 80 Spielzuege lt. Breakdown / Perspektive: vermutlich Hinterfeld-/Endzone-Ansicht wie die bestehende GoPro-Session 2026-08-14_WC-GER-vs-MEX-GOPRO (Winkel-Label 'Wide', siehe Geometrie-Korrektur docs/material-sighting.md), nicht Seitenansicht -- diese Session per Sichtung noch zu bestaetigen / Ordnername vor Registrierung vom Nutzer korrigiert (Tippfehler '20026' -> '2026') / Freigabe Verband 2026-08-31 / neu registriert 2026-09-02 / Hudl-Breakdown vorhanden -> PBP-Join moeglich (Sheet1, 80 Zeilen)"
sideline,2026-03-01_FRIENDLY-GER-vs-MEX-GOPRO,,2026-03-01,1920x1080,30.0,10.31,data/video/2026-03-01_Friendly_GERvsMEX_GoPro_9711282/Wide - Clip 079.mp4,e01b185f88c0fef35cc218fb1581379e097049071782bf0070a60b49491491da,"Hudl-Re-Encode Playlist 9711282 / Clip pro Play / Freundschaftsspiel GER vs MEX, 80 Spielzuege lt. Breakdown / Perspektive: vermutlich Hinterfeld-/Endzone-Ansicht wie die bestehende GoPro-Session 2026-08-14_WC-GER-vs-MEX-GOPRO (Winkel-Label 'Wide', siehe Geometrie-Korrektur docs/material-sighting.md), nicht Seitenansicht -- diese Session per Sichtung noch zu bestaetigen / Ordnername vor Registrierung vom Nutzer korrigiert (Tippfehler '20026' -> '2026') / Freigabe Verband 2026-08-31 / neu registriert 2026-09-02 / Hudl-Breakdown vorhanden -> PBP-Join moeglich (Sheet1, 80 Zeilen)"
sideline,2026-03-01_FRIENDLY-GER-vs-MEX-GOPRO,,2026-03-01,1920x1080,30.0,11.9,data/video/2026-03-01_Friendly_GERvsMEX_GoPro_9711282/Wide - Clip 080.mp4,72a3c1843e05d9fa850a2f319302630886d0292225f2b71eae9b8a9cd3d96d01,"Hudl-Re-Encode Playlist 9711282 / Clip pro Play / Freundschaftsspiel GER vs MEX, 80 Spielzuege lt. Breakdown / Perspektive: vermutlich Hinterfeld-/Endzone-Ansicht wie die bestehende GoPro-Session 2026-08-14_WC-GER-vs-MEX-GOPRO (Winkel-Label 'Wide', siehe Geometrie-Korrektur docs/material-sighting.md), nicht Seitenansicht -- diese Session per Sichtung noch zu bestaetigen / Ordnername vor Registrierung vom Nutzer korrigiert (Tippfehler '20026' -> '2026') / Freigabe Verband 2026-08-31 / neu registriert 2026-09-02 / Hudl-Breakdown vorhanden -> PBP-Join moeglich (Sheet1, 80 Zeilen)"
broadcast,2026-08-14_WC-MEX-vs-ESP-TV,,2026-08-14,1280x720,30.0,7.93,data/video/2026-08-14_WC_MEXvsESP_TV_9711284/Wide - Clip 001.mp4,24accb6c9b32e0f6c0dd9d3a7f2eccc494e7f07a786655115a75098a3abb7431,"Hudl-Re-Encode Playlist 9711284 / Clip pro Play / Fremdmaterial nur registriert (WC-Spiel MEX vs ESP, kein GER-Spiel, wie bestehende Broadcast-Session) / 88 Spielzuege lt. Breakdown / Freigabe Verband 2026-08-31 / neu registriert 2026-09-02 / Hudl-Breakdown vorhanden -> PBP-Join moeglich (Sheet1, 88 Zeilen)"
broadcast,2026-08-14_WC-MEX-vs-ESP-TV,,2026-08-14,1280x720,30.0,13.33,data/video/2026-08-14_WC_MEXvsESP_TV_9711284/Wide - Clip 002.mp4,a274f9f1a5b8ced51b0305be2d0f4713fa87db8a0316aa798b028fde893b6855,"Hudl-Re-Encode Playlist 9711284 / Clip pro Play / Fremdmaterial nur registriert (WC-Spiel MEX vs ESP, kein GER-Spiel, wie bestehende Broadcast-Session) / 88 Spielzuege lt. Breakdown / Freigabe Verband 2026-08-31 / neu registriert 2026-09-02 / Hudl-Breakdown vorhanden -> PBP-Join moeglich (Sheet1, 88 Zeilen)"
broadcast,2026-08-14_WC-MEX-vs-ESP-TV,,2026-08-14,1280x720,30.0,7.17,data/video/2026-08-14_WC_MEXvsESP_TV_9711284/Wide - Clip 003.mp4,a9427d4b3c947a212d612ad71c36a483ad411a1ac443bdb5a1ffddc4bafb47cb,"Hudl-Re-Encode Playlist 9711284 / Clip pro Play / Fremdmaterial nur registriert (WC-Spiel MEX vs ESP, kein GER-Spiel, wie bestehende Broadcast-Session) / 88 Spielzuege lt. Breakdown / Freigabe Verband 2026-08-31 / neu registriert 2026-09-02 / Hudl-Breakdown vorhanden -> PBP-Join moeglich (Sheet1, 88 Zeilen)"
broadcast,2026-08-14_WC-MEX-vs-ESP-TV,,2026-08-14,1280x720,30.0,8.87,data/video/2026-08-14_WC_MEXvsESP_TV_9711284/Wide - Clip 004.mp4,bf00fbb2cc08d2c14eb2cf36d8c9a33e16b9ee79ebef277911dd58b3a22a731a,"Hudl-Re-Encode Playlist 9711284 / Clip pro Play / Fremdmaterial nur registriert (WC-Spiel MEX vs ESP, kein GER-Spiel, wie bestehende Broadcast-Session) / 88 Spielzuege lt. Breakdown / Freigabe Verband 2026-08-31 / neu registriert 2026-09-02 / Hudl-Breakdown vorhanden -> PBP-Join moeglich (Sheet1, 88 Zeilen)"
broadcast,2026-08-14_WC-MEX-vs-ESP-TV,,2026-08-14,1280x720,30.0,7.13,data/video/2026-08-14_WC_MEXvsESP_TV_9711284/Wide - Clip 005.mp4,b2dbc50e25512c0247d9c145ea7026f93789e15dc691fe6d37b5f538573f8a25,"Hudl-Re-Encode Playlist 9711284 / Clip pro Play / Fremdmaterial nur registriert (WC-Spiel MEX vs ESP, kein GER-Spiel, wie bestehende Broadcast-Session) / 88 Spielzuege lt. Breakdown / Freigabe Verband 2026-08-31 / neu registriert 2026-09-02 / Hudl-Breakdown vorhanden -> PBP-Join moeglich (Sheet1, 88 Zeilen)"
broadcast,2026-08-14_WC-MEX-vs-ESP-TV,,2026-08-14,1280x720,30.0,7.97,data/video/2026-08-14_WC_MEXvsESP_TV_9711284/Wide - Clip 006.mp4,e5587fb1f2d2130b3486001658f73a78bb159a64381cbe89dff485d9ff18c3f8,"Hudl-Re-Encode Playlist 9711284 / Clip pro Play / Fremdmaterial nur registriert (WC-Spiel MEX vs ESP, kein GER-Spiel, wie bestehende Broadcast-Session) / 88 Spielzuege lt. Breakdown / Freigabe Verband 2026-08-31 / neu registriert 2026-09-02 / Hudl-Breakdown vorhanden -> PBP-Join moeglich (Sheet1, 88 Zeilen)"
broadcast,2026-08-14_WC-MEX-vs-ESP-TV,,2026-08-14,1280x720,30.0,8.13,data/video/2026-08-14_WC_MEXvsESP_TV_9711284/Wide - Clip 007.mp4,9ef1c592acaa660a081d7cdc1015a03aef66f43f76e319fb5bfa324bf77f7c56,"Hudl-Re-Encode Playlist 9711284 / Clip pro Play / Fremdmaterial nur registriert (WC-Spiel MEX vs ESP, kein GER-Spiel, wie bestehende Broadcast-Session) / 88 Spielzuege lt. Breakdown / Freigabe Verband 2026-08-31 / neu registriert 2026-09-02 / Hudl-Breakdown vorhanden -> PBP-Join moeglich (Sheet1, 88 Zeilen)"
broadcast,2026-08-14_WC-MEX-vs-ESP-TV,,2026-08-14,1280x720,30.0,10.93,data/video/2026-08-14_WC_MEXvsESP_TV_9711284/Wide - Clip 008.mp4,59bab46b51e835f5ece66b8fe0a320f68eb93a56068fa3be940358e7d627229a,"Hudl-Re-Encode Playlist 9711284 / Clip pro Play / Fremdmaterial nur registriert (WC-Spiel MEX vs ESP, kein GER-Spiel, wie bestehende Broadcast-Session) / 88 Spielzuege lt. Breakdown / Freigabe Verband 2026-08-31 / neu registriert 2026-09-02 / Hudl-Breakdown vorhanden -> PBP-Join moeglich (Sheet1, 88 Zeilen)"
broadcast,2026-08-14_WC-MEX-vs-ESP-TV,,2026-08-14,1280x720,30.0,5.9,data/video/2026-08-14_WC_MEXvsESP_TV_9711284/Wide - Clip 009.mp4,bc2a02f9324780171be89f6db6b617459180775bfd7c7ad5db884c0c2ff72cab,"Hudl-Re-Encode Playlist 9711284 / Clip pro Play / Fremdmaterial nur registriert (WC-Spiel MEX vs ESP, kein GER-Spiel, wie bestehende Broadcast-Session) / 88 Spielzuege lt. Breakdown / Freigabe Verband 2026-08-31 / neu registriert 2026-09-02 / Hudl-Breakdown vorhanden -> PBP-Join moeglich (Sheet1, 88 Zeilen)"
broadcast,2026-08-14_WC-MEX-vs-ESP-TV,,2026-08-14,1280x720,30.0,9.73,data/video/2026-08-14_WC_MEXvsESP_TV_9711284/Wide - Clip 010.mp4,f9f36bd678983bdc50162e8f283f8b15c54e5c1199fd21232ea68b0a4d7e0779,"Hudl-Re-Encode Playlist 9711284 / Clip pro Play / Fremdmaterial nur registriert (WC-Spiel MEX vs ESP, kein GER-Spiel, wie bestehende Broadcast-Session) / 88 Spielzuege lt. Breakdown / Freigabe Verband 2026-08-31 / neu registriert 2026-09-02 / Hudl-Breakdown vorhanden -> PBP-Join moeglich (Sheet1, 88 Zeilen)"
broadcast,2026-08-14_WC-MEX-vs-ESP-TV,,2026-08-14,1280x720,30.0,7.9,data/video/2026-08-14_WC_MEXvsESP_TV_9711284/Wide - Clip 011.mp4,cdbc981b6600778fec681750d3364109ea9ee4354977492468b68c67491d91a6,"Hudl-Re-Encode Playlist 9711284 / Clip pro Play / Fremdmaterial nur registriert (WC-Spiel MEX vs ESP, kein GER-Spiel, wie bestehende Broadcast-Session) / 88 Spielzuege lt. Breakdown / Freigabe Verband 2026-08-31 / neu registriert 2026-09-02 / Hudl-Breakdown vorhanden -> PBP-Join moeglich (Sheet1, 88 Zeilen)"
broadcast,2026-08-14_WC-MEX-vs-ESP-TV,,2026-08-14,1280x720,30.0,8.87,data/video/2026-08-14_WC_MEXvsESP_TV_9711284/Wide - Clip 012.mp4,162ea06cb8b929e59b78d98dd97e47317c31e5d6ab4fb059654364991b66858f,"Hudl-Re-Encode Playlist 9711284 / Clip pro Play / Fremdmaterial nur registriert (WC-Spiel MEX vs ESP, kein GER-Spiel, wie bestehende Broadcast-Session) / 88 Spielzuege lt. Breakdown / Freigabe Verband 2026-08-31 / neu registriert 2026-09-02 / Hudl-Breakdown vorhanden -> PBP-Join moeglich (Sheet1, 88 Zeilen)"
broadcast,2026-08-14_WC-MEX-vs-ESP-TV,,2026-08-14,1280x720,30.0,16.4,data/video/2026-08-14_WC_MEXvsESP_TV_9711284/Wide - Clip 013.mp4,0302d6946fb96a062a6e8d79f580785ae700df5d1dc7ec091e39a8471486d20a,"Hudl-Re-Encode Playlist 9711284 / Clip pro Play / Fremdmaterial nur registriert (WC-Spiel MEX vs ESP, kein GER-Spiel, wie bestehende Broadcast-Session) / 88 Spielzuege lt. Breakdown / Freigabe Verband 2026-08-31 / neu registriert 2026-09-02 / Hudl-Breakdown vorhanden -> PBP-Join moeglich (Sheet1, 88 Zeilen)"
broadcast,2026-08-14_WC-MEX-vs-ESP-TV,,2026-08-14,1280x720,30.0,13.57,data/video/2026-08-14_WC_MEXvsESP_TV_9711284/Wide - Clip 014.mp4,4117adaa946c9546ea5cbd0c51ec530eda61981e8465c7233e840c61ec052bf6,"Hudl-Re-Encode Playlist 9711284 / Clip pro Play / Fremdmaterial nur registriert (WC-Spiel MEX vs ESP, kein GER-Spiel, wie bestehende Broadcast-Session) / 88 Spielzuege lt. Breakdown / Freigabe Verband 2026-08-31 / neu registriert 2026-09-02 / Hudl-Breakdown vorhanden -> PBP-Join moeglich (Sheet1, 88 Zeilen)"
broadcast,2026-08-14_WC-MEX-vs-ESP-TV,,2026-08-14,1280x720,30.0,7.13,data/video/2026-08-14_WC_MEXvsESP_TV_9711284/Wide - Clip 015.mp4,0cc6e314cf6933768c910566529fffd7e99e3b1f66f335b649c005150715502f,"Hudl-Re-Encode Playlist 9711284 / Clip pro Play / Fremdmaterial nur registriert (WC-Spiel MEX vs ESP, kein GER-Spiel, wie bestehende Broadcast-Session) / 88 Spielzuege lt. Breakdown / Freigabe Verband 2026-08-31 / neu registriert 2026-09-02 / Hudl-Breakdown vorhanden -> PBP-Join moeglich (Sheet1, 88 Zeilen)"
broadcast,2026-08-14_WC-MEX-vs-ESP-TV,,2026-08-14,1280x720,30.0,11.87,data/video/2026-08-14_WC_MEXvsESP_TV_9711284/Wide - Clip 016.mp4,11d464461b9a0c673853d62d948e27f0c196c9d0d121f293f340002a6feb64bf,"Hudl-Re-Encode Playlist 9711284 / Clip pro Play / Fremdmaterial nur registriert (WC-Spiel MEX vs ESP, kein GER-Spiel, wie bestehende Broadcast-Session) / 88 Spielzuege lt. Breakdown / Freigabe Verband 2026-08-31 / neu registriert 2026-09-02 / Hudl-Breakdown vorhanden -> PBP-Join moeglich (Sheet1, 88 Zeilen)"
broadcast,2026-08-14_WC-MEX-vs-ESP-TV,,2026-08-14,1280x720,30.0,4.03,data/video/2026-08-14_WC_MEXvsESP_TV_9711284/Wide - Clip 017.mp4,9fcf6325398af7f30e5115a33fa1688bfcc059585a5a47ba9943f9b394d0e882,"Hudl-Re-Encode Playlist 9711284 / Clip pro Play / Fremdmaterial nur registriert (WC-Spiel MEX vs ESP, kein GER-Spiel, wie bestehende Broadcast-Session) / 88 Spielzuege lt. Breakdown / Freigabe Verband 2026-08-31 / neu registriert 2026-09-02 / Hudl-Breakdown vorhanden -> PBP-Join moeglich (Sheet1, 88 Zeilen)"
broadcast,2026-08-14_WC-MEX-vs-ESP-TV,,2026-08-14,1280x720,30.0,11.23,data/video/2026-08-14_WC_MEXvsESP_TV_9711284/Wide - Clip 018.mp4,a2af60a86fb3530890a1438c51f93891b2021286aeaef1622f7951f4176d23fc,"Hudl-Re-Encode Playlist 9711284 / Clip pro Play / Fremdmaterial nur registriert (WC-Spiel MEX vs ESP, kein GER-Spiel, wie bestehende Broadcast-Session) / 88 Spielzuege lt. Breakdown / Freigabe Verband 2026-08-31 / neu registriert 2026-09-02 / Hudl-Breakdown vorhanden -> PBP-Join moeglich (Sheet1, 88 Zeilen)"
broadcast,2026-08-14_WC-MEX-vs-ESP-TV,,2026-08-14,1280x720,30.0,9.03,data/video/2026-08-14_WC_MEXvsESP_TV_9711284/Wide - Clip 019.mp4,460f54476b4b628cdafabd012bc4c1ff0547aa95bdad0749cda8fb2974885d3b,"Hudl-Re-Encode Playlist 9711284 / Clip pro Play / Fremdmaterial nur registriert (WC-Spiel MEX vs ESP, kein GER-Spiel, wie bestehende Broadcast-Session) / 88 Spielzuege lt. Breakdown / Freigabe Verband 2026-08-31 / neu registriert 2026-09-02 / Hudl-Breakdown vorhanden -> PBP-Join moeglich (Sheet1, 88 Zeilen)"
broadcast,2026-08-14_WC-MEX-vs-ESP-TV,,2026-08-14,1280x720,30.0,14.13,data/video/2026-08-14_WC_MEXvsESP_TV_9711284/Wide - Clip 020.mp4,2542adc99afa5cd06bcc06b84a0d21134aa067b2b1c764ed9a52bdf914a6446b,"Hudl-Re-Encode Playlist 9711284 / Clip pro Play / Fremdmaterial nur registriert (WC-Spiel MEX vs ESP, kein GER-Spiel, wie bestehende Broadcast-Session) / 88 Spielzuege lt. Breakdown / Freigabe Verband 2026-08-31 / neu registriert 2026-09-02 / Hudl-Breakdown vorhanden -> PBP-Join moeglich (Sheet1, 88 Zeilen)"
broadcast,2026-08-14_WC-MEX-vs-ESP-TV,,2026-08-14,1280x720,30.0,10.27,data/video/2026-08-14_WC_MEXvsESP_TV_9711284/Wide - Clip 021.mp4,af2399a1cc81c185f9dde255e16813a560e9562c85e042d4ad39e97f809af168,"Hudl-Re-Encode Playlist 9711284 / Clip pro Play / Fremdmaterial nur registriert (WC-Spiel MEX vs ESP, kein GER-Spiel, wie bestehende Broadcast-Session) / 88 Spielzuege lt. Breakdown / Freigabe Verband 2026-08-31 / neu registriert 2026-09-02 / Hudl-Breakdown vorhanden -> PBP-Join moeglich (Sheet1, 88 Zeilen)"
broadcast,2026-08-14_WC-MEX-vs-ESP-TV,,2026-08-14,1280x720,30.0,11.2,data/video/2026-08-14_WC_MEXvsESP_TV_9711284/Wide - Clip 022.mp4,b0dd389a7f5aa5f563bc1eee751b6f28b7d35e685d2e2d6382c96402581dd50f,"Hudl-Re-Encode Playlist 9711284 / Clip pro Play / Fremdmaterial nur registriert (WC-Spiel MEX vs ESP, kein GER-Spiel, wie bestehende Broadcast-Session) / 88 Spielzuege lt. Breakdown / Freigabe Verband 2026-08-31 / neu registriert 2026-09-02 / Hudl-Breakdown vorhanden -> PBP-Join moeglich (Sheet1, 88 Zeilen)"
broadcast,2026-08-14_WC-MEX-vs-ESP-TV,,2026-08-14,1280x720,30.0,9.57,data/video/2026-08-14_WC_MEXvsESP_TV_9711284/Wide - Clip 023.mp4,de624ca9cf991c7d4d2d3a2cd3cb9d78302bc6919869f991e5a8dac158edff8b,"Hudl-Re-Encode Playlist 9711284 / Clip pro Play / Fremdmaterial nur registriert (WC-Spiel MEX vs ESP, kein GER-Spiel, wie bestehende Broadcast-Session) / 88 Spielzuege lt. Breakdown / Freigabe Verband 2026-08-31 / neu registriert 2026-09-02 / Hudl-Breakdown vorhanden -> PBP-Join moeglich (Sheet1, 88 Zeilen)"
broadcast,2026-08-14_WC-MEX-vs-ESP-TV,,2026-08-14,1280x720,30.0,10.57,data/video/2026-08-14_WC_MEXvsESP_TV_9711284/Wide - Clip 024.mp4,35449d9abcf7b98a7d8fb4e8a292f2d8eb63c36a56893a43304af56c7fde1b1a,"Hudl-Re-Encode Playlist 9711284 / Clip pro Play / Fremdmaterial nur registriert (WC-Spiel MEX vs ESP, kein GER-Spiel, wie bestehende Broadcast-Session) / 88 Spielzuege lt. Breakdown / Freigabe Verband 2026-08-31 / neu registriert 2026-09-02 / Hudl-Breakdown vorhanden -> PBP-Join moeglich (Sheet1, 88 Zeilen)"
broadcast,2026-08-14_WC-MEX-vs-ESP-TV,,2026-08-14,1280x720,30.0,9.47,data/video/2026-08-14_WC_MEXvsESP_TV_9711284/Wide - Clip 025.mp4,22f815f11b938bda8518b258b929709e1e24ad053445cad73e788ac7ed66d381,"Hudl-Re-Encode Playlist 9711284 / Clip pro Play / Fremdmaterial nur registriert (WC-Spiel MEX vs ESP, kein GER-Spiel, wie bestehende Broadcast-Session) / 88 Spielzuege lt. Breakdown / Freigabe Verband 2026-08-31 / neu registriert 2026-09-02 / Hudl-Breakdown vorhanden -> PBP-Join moeglich (Sheet1, 88 Zeilen)"
broadcast,2026-08-14_WC-MEX-vs-ESP-TV,,2026-08-14,1280x720,30.0,11.17,data/video/2026-08-14_WC_MEXvsESP_TV_9711284/Wide - Clip 026.mp4,23e0203b9cd911c7af600c7c4c3ff998a6fa6b9ae3082aec8b0314e790908427,"Hudl-Re-Encode Playlist 9711284 / Clip pro Play / Fremdmaterial nur registriert (WC-Spiel MEX vs ESP, kein GER-Spiel, wie bestehende Broadcast-Session) / 88 Spielzuege lt. Breakdown / Freigabe Verband 2026-08-31 / neu registriert 2026-09-02 / Hudl-Breakdown vorhanden -> PBP-Join moeglich (Sheet1, 88 Zeilen)"
broadcast,2026-08-14_WC-MEX-vs-ESP-TV,,2026-08-14,1280x720,30.0,19.83,data/video/2026-08-14_WC_MEXvsESP_TV_9711284/Wide - Clip 027.mp4,ff62145a19e43be2240e1267879a38080c51348105edc0e27a79fd2922ccc35d,"Hudl-Re-Encode Playlist 9711284 / Clip pro Play / Fremdmaterial nur registriert (WC-Spiel MEX vs ESP, kein GER-Spiel, wie bestehende Broadcast-Session) / 88 Spielzuege lt. Breakdown / Freigabe Verband 2026-08-31 / neu registriert 2026-09-02 / Hudl-Breakdown vorhanden -> PBP-Join moeglich (Sheet1, 88 Zeilen)"
broadcast,2026-08-14_WC-MEX-vs-ESP-TV,,2026-08-14,1280x720,30.0,14.87,data/video/2026-08-14_WC_MEXvsESP_TV_9711284/Wide - Clip 028.mp4,249a27c61cc2db0f702c471eb134644489821943e78d01cf6668deed6a4dc3ba,"Hudl-Re-Encode Playlist 9711284 / Clip pro Play / Fremdmaterial nur registriert (WC-Spiel MEX vs ESP, kein GER-Spiel, wie bestehende Broadcast-Session) / 88 Spielzuege lt. Breakdown / Freigabe Verband 2026-08-31 / neu registriert 2026-09-02 / Hudl-Breakdown vorhanden -> PBP-Join moeglich (Sheet1, 88 Zeilen)"
broadcast,2026-08-14_WC-MEX-vs-ESP-TV,,2026-08-14,1280x720,30.0,13.83,data/video/2026-08-14_WC_MEXvsESP_TV_9711284/Wide - Clip 029.mp4,aa241c217585786ca6ac523d63f597b1ee55654fd83df32c7c4e73045400052b,"Hudl-Re-Encode Playlist 9711284 / Clip pro Play / Fremdmaterial nur registriert (WC-Spiel MEX vs ESP, kein GER-Spiel, wie bestehende Broadcast-Session) / 88 Spielzuege lt. Breakdown / Freigabe Verband 2026-08-31 / neu registriert 2026-09-02 / Hudl-Breakdown vorhanden -> PBP-Join moeglich (Sheet1, 88 Zeilen)"
broadcast,2026-08-14_WC-MEX-vs-ESP-TV,,2026-08-14,1280x720,30.0,12.3,data/video/2026-08-14_WC_MEXvsESP_TV_9711284/Wide - Clip 030.mp4,751717ce9616d40462ecafa199df170306fdcd6c0edfa6e37d58185015692053,"Hudl-Re-Encode Playlist 9711284 / Clip pro Play / Fremdmaterial nur registriert (WC-Spiel MEX vs ESP, kein GER-Spiel, wie bestehende Broadcast-Session) / 88 Spielzuege lt. Breakdown / Freigabe Verband 2026-08-31 / neu registriert 2026-09-02 / Hudl-Breakdown vorhanden -> PBP-Join moeglich (Sheet1, 88 Zeilen)"
broadcast,2026-08-14_WC-MEX-vs-ESP-TV,,2026-08-14,1280x720,30.0,9.57,data/video/2026-08-14_WC_MEXvsESP_TV_9711284/Wide - Clip 031.mp4,f922e33a6975c43a88e23ca6791a616ef93098a61663964c4f928bb116f4631c,"Hudl-Re-Encode Playlist 9711284 / Clip pro Play / Fremdmaterial nur registriert (WC-Spiel MEX vs ESP, kein GER-Spiel, wie bestehende Broadcast-Session) / 88 Spielzuege lt. Breakdown / Freigabe Verband 2026-08-31 / neu registriert 2026-09-02 / Hudl-Breakdown vorhanden -> PBP-Join moeglich (Sheet1, 88 Zeilen)"
broadcast,2026-08-14_WC-MEX-vs-ESP-TV,,2026-08-14,1280x720,30.0,6.93,data/video/2026-08-14_WC_MEXvsESP_TV_9711284/Wide - Clip 032.mp4,88b1891136e0244c6dc3a043aaa45923a9675943cf248ffa3f12a82578b0fda8,"Hudl-Re-Encode Playlist 9711284 / Clip pro Play / Fremdmaterial nur registriert (WC-Spiel MEX vs ESP, kein GER-Spiel, wie bestehende Broadcast-Session) / 88 Spielzuege lt. Breakdown / Freigabe Verband 2026-08-31 / neu registriert 2026-09-02 / Hudl-Breakdown vorhanden -> PBP-Join moeglich (Sheet1, 88 Zeilen)"
broadcast,2026-08-14_WC-MEX-vs-ESP-TV,,2026-08-14,1280x720,30.0,20.6,data/video/2026-08-14_WC_MEXvsESP_TV_9711284/Wide - Clip 033.mp4,8d82b23c3edde0e91c7225663fd06ca91e2f486f9f7010f1ad9e570578e7ef68,"Hudl-Re-Encode Playlist 9711284 / Clip pro Play / Fremdmaterial nur registriert (WC-Spiel MEX vs ESP, kein GER-Spiel, wie bestehende Broadcast-Session) / 88 Spielzuege lt. Breakdown / Freigabe Verband 2026-08-31 / neu registriert 2026-09-02 / Hudl-Breakdown vorhanden -> PBP-Join moeglich (Sheet1, 88 Zeilen)"
broadcast,2026-08-14_WC-MEX-vs-ESP-TV,,2026-08-14,1280x720,30.0,9.2,data/video/2026-08-14_WC_MEXvsESP_TV_9711284/Wide - Clip 034.mp4,bdb60b4d5debd27874c7faaccb1bc5cdda2f1b0429d3d9fd6d0716be8999784b,"Hudl-Re-Encode Playlist 9711284 / Clip pro Play / Fremdmaterial nur registriert (WC-Spiel MEX vs ESP, kein GER-Spiel, wie bestehende Broadcast-Session) / 88 Spielzuege lt. Breakdown / Freigabe Verband 2026-08-31 / neu registriert 2026-09-02 / Hudl-Breakdown vorhanden -> PBP-Join moeglich (Sheet1, 88 Zeilen)"
broadcast,2026-08-14_WC-MEX-vs-ESP-TV,,2026-08-14,1280x720,30.0,7.9,data/video/2026-08-14_WC_MEXvsESP_TV_9711284/Wide - Clip 035.mp4,0ad9870bd46eb5de004d3c1b58dead48a5c55791065b58ce23ba1963aeb7dd76,"Hudl-Re-Encode Playlist 9711284 / Clip pro Play / Fremdmaterial nur registriert (WC-Spiel MEX vs ESP, kein GER-Spiel, wie bestehende Broadcast-Session) / 88 Spielzuege lt. Breakdown / Freigabe Verband 2026-08-31 / neu registriert 2026-09-02 / Hudl-Breakdown vorhanden -> PBP-Join moeglich (Sheet1, 88 Zeilen)"
broadcast,2026-08-14_WC-MEX-vs-ESP-TV,,2026-08-14,1280x720,30.0,9.83,data/video/2026-08-14_WC_MEXvsESP_TV_9711284/Wide - Clip 036.mp4,c486f8c1067adfe84a10443d85e123722ae32e666dc619ac961ae5fdff9c8221,"Hudl-Re-Encode Playlist 9711284 / Clip pro Play / Fremdmaterial nur registriert (WC-Spiel MEX vs ESP, kein GER-Spiel, wie bestehende Broadcast-Session) / 88 Spielzuege lt. Breakdown / Freigabe Verband 2026-08-31 / neu registriert 2026-09-02 / Hudl-Breakdown vorhanden -> PBP-Join moeglich (Sheet1, 88 Zeilen)"
broadcast,2026-08-14_WC-MEX-vs-ESP-TV,,2026-08-14,1280x720,30.0,11.03,data/video/2026-08-14_WC_MEXvsESP_TV_9711284/Wide - Clip 037.mp4,def75c674f63fc3909ad7914a5b23a68be9eaa01022980a05d5e1049325f735b,"Hudl-Re-Encode Playlist 9711284 / Clip pro Play / Fremdmaterial nur registriert (WC-Spiel MEX vs ESP, kein GER-Spiel, wie bestehende Broadcast-Session) / 88 Spielzuege lt. Breakdown / Freigabe Verband 2026-08-31 / neu registriert 2026-09-02 / Hudl-Breakdown vorhanden -> PBP-Join moeglich (Sheet1, 88 Zeilen)"
broadcast,2026-08-14_WC-MEX-vs-ESP-TV,,2026-08-14,1280x720,30.0,12.7,data/video/2026-08-14_WC_MEXvsESP_TV_9711284/Wide - Clip 038.mp4,1531d06081df7a45e4e6195b73c0a1a290e8dc58ea74f464c04c260ca9e4114e,"Hudl-Re-Encode Playlist 9711284 / Clip pro Play / Fremdmaterial nur registriert (WC-Spiel MEX vs ESP, kein GER-Spiel, wie bestehende Broadcast-Session) / 88 Spielzuege lt. Breakdown / Freigabe Verband 2026-08-31 / neu registriert 2026-09-02 / Hudl-Breakdown vorhanden -> PBP-Join moeglich (Sheet1, 88 Zeilen)"
broadcast,2026-08-14_WC-MEX-vs-ESP-TV,,2026-08-14,1280x720,30.0,8.73,data/video/2026-08-14_WC_MEXvsESP_TV_9711284/Wide - Clip 039.mp4,7f5c4080d002deabd3fe4d81c0ee85eea9acb937a81fcfe151fdd3fc6909c3b3,"Hudl-Re-Encode Playlist 9711284 / Clip pro Play / Fremdmaterial nur registriert (WC-Spiel MEX vs ESP, kein GER-Spiel, wie bestehende Broadcast-Session) / 88 Spielzuege lt. Breakdown / Freigabe Verband 2026-08-31 / neu registriert 2026-09-02 / Hudl-Breakdown vorhanden -> PBP-Join moeglich (Sheet1, 88 Zeilen)"
broadcast,2026-08-14_WC-MEX-vs-ESP-TV,,2026-08-14,1280x720,30.0,10.4,data/video/2026-08-14_WC_MEXvsESP_TV_9711284/Wide - Clip 040.mp4,be7c89aefd5135f29bf8b1b09c835df8f3554b40ab3da04194ca81ac2b4e4304,"Hudl-Re-Encode Playlist 9711284 / Clip pro Play / Fremdmaterial nur registriert (WC-Spiel MEX vs ESP, kein GER-Spiel, wie bestehende Broadcast-Session) / 88 Spielzuege lt. Breakdown / Freigabe Verband 2026-08-31 / neu registriert 2026-09-02 / Hudl-Breakdown vorhanden -> PBP-Join moeglich (Sheet1, 88 Zeilen)"
broadcast,2026-08-14_WC-MEX-vs-ESP-TV,,2026-08-14,1280x720,30.0,11.47,data/video/2026-08-14_WC_MEXvsESP_TV_9711284/Wide - Clip 041.mp4,a55dfaf38bec8e1ce27be1dd017dd4596f911445bfe5d85bfe346a289b0a26d8,"Hudl-Re-Encode Playlist 9711284 / Clip pro Play / Fremdmaterial nur registriert (WC-Spiel MEX vs ESP, kein GER-Spiel, wie bestehende Broadcast-Session) / 88 Spielzuege lt. Breakdown / Freigabe Verband 2026-08-31 / neu registriert 2026-09-02 / Hudl-Breakdown vorhanden -> PBP-Join moeglich (Sheet1, 88 Zeilen)"
broadcast,2026-08-14_WC-MEX-vs-ESP-TV,,2026-08-14,1280x720,30.0,11.43,data/video/2026-08-14_WC_MEXvsESP_TV_9711284/Wide - Clip 042.mp4,5215b864459e0c9a64bec4ebfba9f4bc082452440173cc3d043cebc65bb5f661,"Hudl-Re-Encode Playlist 9711284 / Clip pro Play / Fremdmaterial nur registriert (WC-Spiel MEX vs ESP, kein GER-Spiel, wie bestehende Broadcast-Session) / 88 Spielzuege lt. Breakdown / Freigabe Verband 2026-08-31 / neu registriert 2026-09-02 / Hudl-Breakdown vorhanden -> PBP-Join moeglich (Sheet1, 88 Zeilen)"
broadcast,2026-08-14_WC-MEX-vs-ESP-TV,,2026-08-14,1280x720,30.0,12.13,data/video/2026-08-14_WC_MEXvsESP_TV_9711284/Wide - Clip 043.mp4,2a11199a5ce42ab4f6836aa4ecc077cc10461b3ce0c97b9068bbde9ac246cc08,"Hudl-Re-Encode Playlist 9711284 / Clip pro Play / Fremdmaterial nur registriert (WC-Spiel MEX vs ESP, kein GER-Spiel, wie bestehende Broadcast-Session) / 88 Spielzuege lt. Breakdown / Freigabe Verband 2026-08-31 / neu registriert 2026-09-02 / Hudl-Breakdown vorhanden -> PBP-Join moeglich (Sheet1, 88 Zeilen)"
broadcast,2026-08-14_WC-MEX-vs-ESP-TV,,2026-08-14,1280x720,30.0,9.37,data/video/2026-08-14_WC_MEXvsESP_TV_9711284/Wide - Clip 044.mp4,6aab6047216b6715c726eb7c5fe95683e6e6eaa85f2ce0798266409547c013aa,"Hudl-Re-Encode Playlist 9711284 / Clip pro Play / Fremdmaterial nur registriert (WC-Spiel MEX vs ESP, kein GER-Spiel, wie bestehende Broadcast-Session) / 88 Spielzuege lt. Breakdown / Freigabe Verband 2026-08-31 / neu registriert 2026-09-02 / Hudl-Breakdown vorhanden -> PBP-Join moeglich (Sheet1, 88 Zeilen)"
broadcast,2026-08-14_WC-MEX-vs-ESP-TV,,2026-08-14,1280x720,30.0,8.37,data/video/2026-08-14_WC_MEXvsESP_TV_9711284/Wide - Clip 045.mp4,55d6180e456f6a78c7fe2daeb0ea81383bcb2104853e6c6dceccf2f2c1153da8,"Hudl-Re-Encode Playlist 9711284 / Clip pro Play / Fremdmaterial nur registriert (WC-Spiel MEX vs ESP, kein GER-Spiel, wie bestehende Broadcast-Session) / 88 Spielzuege lt. Breakdown / Freigabe Verband 2026-08-31 / neu registriert 2026-09-02 / Hudl-Breakdown vorhanden -> PBP-Join moeglich (Sheet1, 88 Zeilen)"
broadcast,2026-08-14_WC-MEX-vs-ESP-TV,,2026-08-14,1280x720,30.0,27.77,data/video/2026-08-14_WC_MEXvsESP_TV_9711284/Wide - Clip 046.mp4,065a1ea214017ae145ec93a5d23c9e3978e3c60bdbdadfd3789a0447ee6194b3,"Hudl-Re-Encode Playlist 9711284 / Clip pro Play / Fremdmaterial nur registriert (WC-Spiel MEX vs ESP, kein GER-Spiel, wie bestehende Broadcast-Session) / 88 Spielzuege lt. Breakdown / Freigabe Verband 2026-08-31 / neu registriert 2026-09-02 / Hudl-Breakdown vorhanden -> PBP-Join moeglich (Sheet1, 88 Zeilen)"
broadcast,2026-08-14_WC-MEX-vs-ESP-TV,,2026-08-14,1280x720,30.0,11.53,data/video/2026-08-14_WC_MEXvsESP_TV_9711284/Wide - Clip 047.mp4,00ae5d432619a4365c4367e45c1b9621f347f64e03d864d8524b15ff2f1dba82,"Hudl-Re-Encode Playlist 9711284 / Clip pro Play / Fremdmaterial nur registriert (WC-Spiel MEX vs ESP, kein GER-Spiel, wie bestehende Broadcast-Session) / 88 Spielzuege lt. Breakdown / Freigabe Verband 2026-08-31 / neu registriert 2026-09-02 / Hudl-Breakdown vorhanden -> PBP-Join moeglich (Sheet1, 88 Zeilen)"
broadcast,2026-08-14_WC-MEX-vs-ESP-TV,,2026-08-14,1280x720,30.0,15.57,data/video/2026-08-14_WC_MEXvsESP_TV_9711284/Wide - Clip 048.mp4,8b45edc738a8c73b10341efb1d2b09c4f231277f38d12dfc9254613b9a8bcfbf,"Hudl-Re-Encode Playlist 9711284 / Clip pro Play / Fremdmaterial nur registriert (WC-Spiel MEX vs ESP, kein GER-Spiel, wie bestehende Broadcast-Session) / 88 Spielzuege lt. Breakdown / Freigabe Verband 2026-08-31 / neu registriert 2026-09-02 / Hudl-Breakdown vorhanden -> PBP-Join moeglich (Sheet1, 88 Zeilen)"
broadcast,2026-08-14_WC-MEX-vs-ESP-TV,,2026-08-14,1280x720,30.0,10.93,data/video/2026-08-14_WC_MEXvsESP_TV_9711284/Wide - Clip 049.mp4,c43d4045e31cb4a51a1be03aae4b5ba66135ea3f5bc59cf21e87079335463b73,"Hudl-Re-Encode Playlist 9711284 / Clip pro Play / Fremdmaterial nur registriert (WC-Spiel MEX vs ESP, kein GER-Spiel, wie bestehende Broadcast-Session) / 88 Spielzuege lt. Breakdown / Freigabe Verband 2026-08-31 / neu registriert 2026-09-02 / Hudl-Breakdown vorhanden -> PBP-Join moeglich (Sheet1, 88 Zeilen)"
broadcast,2026-08-14_WC-MEX-vs-ESP-TV,,2026-08-14,1280x720,30.0,4.7,data/video/2026-08-14_WC_MEXvsESP_TV_9711284/Wide - Clip 050.mp4,38cb71853768cf09aa82e11d74545f779a64eba6c23e4522044f751295791bcc,"Hudl-Re-Encode Playlist 9711284 / Clip pro Play / Fremdmaterial nur registriert (WC-Spiel MEX vs ESP, kein GER-Spiel, wie bestehende Broadcast-Session) / 88 Spielzuege lt. Breakdown / Freigabe Verband 2026-08-31 / neu registriert 2026-09-02 / Hudl-Breakdown vorhanden -> PBP-Join moeglich (Sheet1, 88 Zeilen)"
broadcast,2026-08-14_WC-MEX-vs-ESP-TV,,2026-08-14,1280x720,30.0,12.47,data/video/2026-08-14_WC_MEXvsESP_TV_9711284/Wide - Clip 051.mp4,953ce698ce05d6c65d2f4fb6cd8dbbc1f31c027457ec309fc86278d304b1f47b,"Hudl-Re-Encode Playlist 9711284 / Clip pro Play / Fremdmaterial nur registriert (WC-Spiel MEX vs ESP, kein GER-Spiel, wie bestehende Broadcast-Session) / 88 Spielzuege lt. Breakdown / Freigabe Verband 2026-08-31 / neu registriert 2026-09-02 / Hudl-Breakdown vorhanden -> PBP-Join moeglich (Sheet1, 88 Zeilen)"
broadcast,2026-08-14_WC-MEX-vs-ESP-TV,,2026-08-14,1280x720,30.0,12.97,data/video/2026-08-14_WC_MEXvsESP_TV_9711284/Wide - Clip 052.mp4,07bb7cd4eaba000c2c9ace6d0a43dea3c0173823b6b4ab5bdfce101d2103c5b0,"Hudl-Re-Encode Playlist 9711284 / Clip pro Play / Fremdmaterial nur registriert (WC-Spiel MEX vs ESP, kein GER-Spiel, wie bestehende Broadcast-Session) / 88 Spielzuege lt. Breakdown / Freigabe Verband 2026-08-31 / neu registriert 2026-09-02 / Hudl-Breakdown vorhanden -> PBP-Join moeglich (Sheet1, 88 Zeilen)"
broadcast,2026-08-14_WC-MEX-vs-ESP-TV,,2026-08-14,1280x720,30.0,13.3,data/video/2026-08-14_WC_MEXvsESP_TV_9711284/Wide - Clip 053.mp4,53cb3d712b3ddc41d677bd92241f9b72722a6ef0efdfb3b6b433a9f7877ddfc2,"Hudl-Re-Encode Playlist 9711284 / Clip pro Play / Fremdmaterial nur registriert (WC-Spiel MEX vs ESP, kein GER-Spiel, wie bestehende Broadcast-Session) / 88 Spielzuege lt. Breakdown / Freigabe Verband 2026-08-31 / neu registriert 2026-09-02 / Hudl-Breakdown vorhanden -> PBP-Join moeglich (Sheet1, 88 Zeilen)"
broadcast,2026-08-14_WC-MEX-vs-ESP-TV,,2026-08-14,1280x720,30.0,7.17,data/video/2026-08-14_WC_MEXvsESP_TV_9711284/Wide - Clip 054.mp4,b1b26a410983efb1f69c0c783be9f2dcdb48425612a5af1b5d1e9b5c9bc02085,"Hudl-Re-Encode Playlist 9711284 / Clip pro Play / Fremdmaterial nur registriert (WC-Spiel MEX vs ESP, kein GER-Spiel, wie bestehende Broadcast-Session) / 88 Spielzuege lt. Breakdown / Freigabe Verband 2026-08-31 / neu registriert 2026-09-02 / Hudl-Breakdown vorhanden -> PBP-Join moeglich (Sheet1, 88 Zeilen)"
broadcast,2026-08-14_WC-MEX-vs-ESP-TV,,2026-08-14,1280x720,30.0,8.9,data/video/2026-08-14_WC_MEXvsESP_TV_9711284/Wide - Clip 055.mp4,1c191936e4fe17393cff79d24f434a0ed6a88fa2aed390c5e90d39d66133435f,"Hudl-Re-Encode Playlist 9711284 / Clip pro Play / Fremdmaterial nur registriert (WC-Spiel MEX vs ESP, kein GER-Spiel, wie bestehende Broadcast-Session) / 88 Spielzuege lt. Breakdown / Freigabe Verband 2026-08-31 / neu registriert 2026-09-02 / Hudl-Breakdown vorhanden -> PBP-Join moeglich (Sheet1, 88 Zeilen)"
broadcast,2026-08-14_WC-MEX-vs-ESP-TV,,2026-08-14,1280x720,30.0,10.9,data/video/2026-08-14_WC_MEXvsESP_TV_9711284/Wide - Clip 056.mp4,400982eaa96e5eccd2ca36d0abf01c7dff769ef6e5d6f008f4a22f229e0eb46c,"Hudl-Re-Encode Playlist 9711284 / Clip pro Play / Fremdmaterial nur registriert (WC-Spiel MEX vs ESP, kein GER-Spiel, wie bestehende Broadcast-Session) / 88 Spielzuege lt. Breakdown / Freigabe Verband 2026-08-31 / neu registriert 2026-09-02 / Hudl-Breakdown vorhanden -> PBP-Join moeglich (Sheet1, 88 Zeilen)"
broadcast,2026-08-14_WC-MEX-vs-ESP-TV,,2026-08-14,1280x720,30.0,12.5,data/video/2026-08-14_WC_MEXvsESP_TV_9711284/Wide - Clip 057.mp4,9db8bd404e96d0863a2f3ebed9b2c36835e81ffa6257318c05abd7818c3ace30,"Hudl-Re-Encode Playlist 9711284 / Clip pro Play / Fremdmaterial nur registriert (WC-Spiel MEX vs ESP, kein GER-Spiel, wie bestehende Broadcast-Session) / 88 Spielzuege lt. Breakdown / Freigabe Verband 2026-08-31 / neu registriert 2026-09-02 / Hudl-Breakdown vorhanden -> PBP-Join moeglich (Sheet1, 88 Zeilen)"
broadcast,2026-08-14_WC-MEX-vs-ESP-TV,,2026-08-14,1280x720,30.0,12.07,data/video/2026-08-14_WC_MEXvsESP_TV_9711284/Wide - Clip 058.mp4,101482bd609bb5f76d9d551b45ba7cd9d4f4a06dc53fa5b8a8c33601797fc76a,"Hudl-Re-Encode Playlist 9711284 / Clip pro Play / Fremdmaterial nur registriert (WC-Spiel MEX vs ESP, kein GER-Spiel, wie bestehende Broadcast-Session) / 88 Spielzuege lt. Breakdown / Freigabe Verband 2026-08-31 / neu registriert 2026-09-02 / Hudl-Breakdown vorhanden -> PBP-Join moeglich (Sheet1, 88 Zeilen)"
broadcast,2026-08-14_WC-MEX-vs-ESP-TV,,2026-08-14,1280x720,30.0,9.13,data/video/2026-08-14_WC_MEXvsESP_TV_9711284/Wide - Clip 059.mp4,820aaaf062d951d43381f109b8b0ecb0cb23a586095d636e1ec8ae7b263f8335,"Hudl-Re-Encode Playlist 9711284 / Clip pro Play / Fremdmaterial nur registriert (WC-Spiel MEX vs ESP, kein GER-Spiel, wie bestehende Broadcast-Session) / 88 Spielzuege lt. Breakdown / Freigabe Verband 2026-08-31 / neu registriert 2026-09-02 / Hudl-Breakdown vorhanden -> PBP-Join moeglich (Sheet1, 88 Zeilen)"
broadcast,2026-08-14_WC-MEX-vs-ESP-TV,,2026-08-14,1280x720,30.0,8.5,data/video/2026-08-14_WC_MEXvsESP_TV_9711284/Wide - Clip 060.mp4,c6d894cf14828591b42795159c571c3f9d2c92334ebcb74ee62f873e7a3f8027,"Hudl-Re-Encode Playlist 9711284 / Clip pro Play / Fremdmaterial nur registriert (WC-Spiel MEX vs ESP, kein GER-Spiel, wie bestehende Broadcast-Session) / 88 Spielzuege lt. Breakdown / Freigabe Verband 2026-08-31 / neu registriert 2026-09-02 / Hudl-Breakdown vorhanden -> PBP-Join moeglich (Sheet1, 88 Zeilen)"
broadcast,2026-08-14_WC-MEX-vs-ESP-TV,,2026-08-14,1280x720,30.0,12.0,data/video/2026-08-14_WC_MEXvsESP_TV_9711284/Wide - Clip 061.mp4,1e225b0c232f0b59e9c20b4beabf11309cbf580b0ef5517a6ea7b2f0be98c307,"Hudl-Re-Encode Playlist 9711284 / Clip pro Play / Fremdmaterial nur registriert (WC-Spiel MEX vs ESP, kein GER-Spiel, wie bestehende Broadcast-Session) / 88 Spielzuege lt. Breakdown / Freigabe Verband 2026-08-31 / neu registriert 2026-09-02 / Hudl-Breakdown vorhanden -> PBP-Join moeglich (Sheet1, 88 Zeilen)"
broadcast,2026-08-14_WC-MEX-vs-ESP-TV,,2026-08-14,1280x720,30.0,13.17,data/video/2026-08-14_WC_MEXvsESP_TV_9711284/Wide - Clip 062.mp4,2df890d5a5e30df03980753be1a832473e234465cb308bd38a52ffd8224eb287,"Hudl-Re-Encode Playlist 9711284 / Clip pro Play / Fremdmaterial nur registriert (WC-Spiel MEX vs ESP, kein GER-Spiel, wie bestehende Broadcast-Session) / 88 Spielzuege lt. Breakdown / Freigabe Verband 2026-08-31 / neu registriert 2026-09-02 / Hudl-Breakdown vorhanden -> PBP-Join moeglich (Sheet1, 88 Zeilen)"
broadcast,2026-08-14_WC-MEX-vs-ESP-TV,,2026-08-14,1280x720,30.0,12.83,data/video/2026-08-14_WC_MEXvsESP_TV_9711284/Wide - Clip 063.mp4,2eb230adf104bb852154cd86954f06f67b66b335958bf4d79fc43595bf5286ce,"Hudl-Re-Encode Playlist 9711284 / Clip pro Play / Fremdmaterial nur registriert (WC-Spiel MEX vs ESP, kein GER-Spiel, wie bestehende Broadcast-Session) / 88 Spielzuege lt. Breakdown / Freigabe Verband 2026-08-31 / neu registriert 2026-09-02 / Hudl-Breakdown vorhanden -> PBP-Join moeglich (Sheet1, 88 Zeilen)"
broadcast,2026-08-14_WC-MEX-vs-ESP-TV,,2026-08-14,1280x720,30.0,10.77,data/video/2026-08-14_WC_MEXvsESP_TV_9711284/Wide - Clip 064.mp4,c01020f82bbcc828bcca05b5f17ec136028611f71a21d139dc2f21a27300a27a,"Hudl-Re-Encode Playlist 9711284 / Clip pro Play / Fremdmaterial nur registriert (WC-Spiel MEX vs ESP, kein GER-Spiel, wie bestehende Broadcast-Session) / 88 Spielzuege lt. Breakdown / Freigabe Verband 2026-08-31 / neu registriert 2026-09-02 / Hudl-Breakdown vorhanden -> PBP-Join moeglich (Sheet1, 88 Zeilen)"
broadcast,2026-08-14_WC-MEX-vs-ESP-TV,,2026-08-14,1280x720,30.0,17.43,data/video/2026-08-14_WC_MEXvsESP_TV_9711284/Wide - Clip 065.mp4,8f0b78cfdb811b6afe980430c6277426eb43679b9d55d51ec428a1a6a4cc3313,"Hudl-Re-Encode Playlist 9711284 / Clip pro Play / Fremdmaterial nur registriert (WC-Spiel MEX vs ESP, kein GER-Spiel, wie bestehende Broadcast-Session) / 88 Spielzuege lt. Breakdown / Freigabe Verband 2026-08-31 / neu registriert 2026-09-02 / Hudl-Breakdown vorhanden -> PBP-Join moeglich (Sheet1, 88 Zeilen)"
broadcast,2026-08-14_WC-MEX-vs-ESP-TV,,2026-08-14,1280x720,30.0,9.07,data/video/2026-08-14_WC_MEXvsESP_TV_9711284/Wide - Clip 066.mp4,e525d2f1c6d5794c43cc105d03f70c7d37979d9575037042b0fb41d6aa8ddf0c,"Hudl-Re-Encode Playlist 9711284 / Clip pro Play / Fremdmaterial nur registriert (WC-Spiel MEX vs ESP, kein GER-Spiel, wie bestehende Broadcast-Session) / 88 Spielzuege lt. Breakdown / Freigabe Verband 2026-08-31 / neu registriert 2026-09-02 / Hudl-Breakdown vorhanden -> PBP-Join moeglich (Sheet1, 88 Zeilen)"
broadcast,2026-08-14_WC-MEX-vs-ESP-TV,,2026-08-14,1280x720,30.0,3.47,data/video/2026-08-14_WC_MEXvsESP_TV_9711284/Wide - Clip 067.mp4,395600f39df644d4452b9edf7011b657f0b55dfeec16c919ea6475260613df25,"Hudl-Re-Encode Playlist 9711284 / Clip pro Play / Fremdmaterial nur registriert (WC-Spiel MEX vs ESP, kein GER-Spiel, wie bestehende Broadcast-Session) / 88 Spielzuege lt. Breakdown / Freigabe Verband 2026-08-31 / neu registriert 2026-09-02 / Hudl-Breakdown vorhanden -> PBP-Join moeglich (Sheet1, 88 Zeilen)"
broadcast,2026-08-14_WC-MEX-vs-ESP-TV,,2026-08-14,1280x720,30.0,6.93,data/video/2026-08-14_WC_MEXvsESP_TV_9711284/Wide - Clip 068.mp4,9962cf71a9535652d949dd23a4086c7e0f41b2559158b824f91abe6aa0bb45b3,"Hudl-Re-Encode Playlist 9711284 / Clip pro Play / Fremdmaterial nur registriert (WC-Spiel MEX vs ESP, kein GER-Spiel, wie bestehende Broadcast-Session) / 88 Spielzuege lt. Breakdown / Freigabe Verband 2026-08-31 / neu registriert 2026-09-02 / Hudl-Breakdown vorhanden -> PBP-Join moeglich (Sheet1, 88 Zeilen)"
broadcast,2026-08-14_WC-MEX-vs-ESP-TV,,2026-08-14,1280x720,30.0,5.67,data/video/2026-08-14_WC_MEXvsESP_TV_9711284/Wide - Clip 069.mp4,c2b34fa219e84c2560b478d609869067829b8fbba644078e428d51230885a686,"Hudl-Re-Encode Playlist 9711284 / Clip pro Play / Fremdmaterial nur registriert (WC-Spiel MEX vs ESP, kein GER-Spiel, wie bestehende Broadcast-Session) / 88 Spielzuege lt. Breakdown / Freigabe Verband 2026-08-31 / neu registriert 2026-09-02 / Hudl-Breakdown vorhanden -> PBP-Join moeglich (Sheet1, 88 Zeilen)"
broadcast,2026-08-14_WC-MEX-vs-ESP-TV,,2026-08-14,1280x720,30.0,8.27,data/video/2026-08-14_WC_MEXvsESP_TV_9711284/Wide - Clip 070.mp4,c219316386283d22c4addc081c8a05b368f3261ddd63f65c23e816a5bcb561cb,"Hudl-Re-Encode Playlist 9711284 / Clip pro Play / Fremdmaterial nur registriert (WC-Spiel MEX vs ESP, kein GER-Spiel, wie bestehende Broadcast-Session) / 88 Spielzuege lt. Breakdown / Freigabe Verband 2026-08-31 / neu registriert 2026-09-02 / Hudl-Breakdown vorhanden -> PBP-Join moeglich (Sheet1, 88 Zeilen)"
broadcast,2026-08-14_WC-MEX-vs-ESP-TV,,2026-08-14,1280x720,30.0,8.63,data/video/2026-08-14_WC_MEXvsESP_TV_9711284/Wide - Clip 071.mp4,b27ebe7e25ff04aceb3194b288a3f57787c066c361b580f6f0854947f6b2c7a6,"Hudl-Re-Encode Playlist 9711284 / Clip pro Play / Fremdmaterial nur registriert (WC-Spiel MEX vs ESP, kein GER-Spiel, wie bestehende Broadcast-Session) / 88 Spielzuege lt. Breakdown / Freigabe Verband 2026-08-31 / neu registriert 2026-09-02 / Hudl-Breakdown vorhanden -> PBP-Join moeglich (Sheet1, 88 Zeilen)"
broadcast,2026-08-14_WC-MEX-vs-ESP-TV,,2026-08-14,1280x720,30.0,8.4,data/video/2026-08-14_WC_MEXvsESP_TV_9711284/Wide - Clip 072.mp4,1d6926253cbbac6a41c72ebdd4dd93ca5a6e21954b473d4fdd3450103be28aa3,"Hudl-Re-Encode Playlist 9711284 / Clip pro Play / Fremdmaterial nur registriert (WC-Spiel MEX vs ESP, kein GER-Spiel, wie bestehende Broadcast-Session) / 88 Spielzuege lt. Breakdown / Freigabe Verband 2026-08-31 / neu registriert 2026-09-02 / Hudl-Breakdown vorhanden -> PBP-Join moeglich (Sheet1, 88 Zeilen)"
broadcast,2026-08-14_WC-MEX-vs-ESP-TV,,2026-08-14,1280x720,30.0,8.2,data/video/2026-08-14_WC_MEXvsESP_TV_9711284/Wide - Clip 073.mp4,8de32bb580f2754bdc3f4f894d3e3d4e843f3102abaac1d2b921971f440aaad3,"Hudl-Re-Encode Playlist 9711284 / Clip pro Play / Fremdmaterial nur registriert (WC-Spiel MEX vs ESP, kein GER-Spiel, wie bestehende Broadcast-Session) / 88 Spielzuege lt. Breakdown / Freigabe Verband 2026-08-31 / neu registriert 2026-09-02 / Hudl-Breakdown vorhanden -> PBP-Join moeglich (Sheet1, 88 Zeilen)"
broadcast,2026-08-14_WC-MEX-vs-ESP-TV,,2026-08-14,1280x720,30.0,8.97,data/video/2026-08-14_WC_MEXvsESP_TV_9711284/Wide - Clip 074.mp4,b978a8e398c5c8e64d64e71d662ff89e0d5c725c5cce1d2ff6999eeeb8b37447,"Hudl-Re-Encode Playlist 9711284 / Clip pro Play / Fremdmaterial nur registriert (WC-Spiel MEX vs ESP, kein GER-Spiel, wie bestehende Broadcast-Session) / 88 Spielzuege lt. Breakdown / Freigabe Verband 2026-08-31 / neu registriert 2026-09-02 / Hudl-Breakdown vorhanden -> PBP-Join moeglich (Sheet1, 88 Zeilen)"
broadcast,2026-08-14_WC-MEX-vs-ESP-TV,,2026-08-14,1280x720,30.0,11.87,data/video/2026-08-14_WC_MEXvsESP_TV_9711284/Wide - Clip 075.mp4,1062481bc93a855602fa71b29984b00f2bf9fbe3a8b4aecd8baf6076d655bf7d,"Hudl-Re-Encode Playlist 9711284 / Clip pro Play / Fremdmaterial nur registriert (WC-Spiel MEX vs ESP, kein GER-Spiel, wie bestehende Broadcast-Session) / 88 Spielzuege lt. Breakdown / Freigabe Verband 2026-08-31 / neu registriert 2026-09-02 / Hudl-Breakdown vorhanden -> PBP-Join moeglich (Sheet1, 88 Zeilen)"
broadcast,2026-08-14_WC-MEX-vs-ESP-TV,,2026-08-14,1280x720,30.0,15.07,data/video/2026-08-14_WC_MEXvsESP_TV_9711284/Wide - Clip 076.mp4,50b8614a91fa57dd0d5937335f257d2e6c8f725c65d7645dd081e38824798051,"Hudl-Re-Encode Playlist 9711284 / Clip pro Play / Fremdmaterial nur registriert (WC-Spiel MEX vs ESP, kein GER-Spiel, wie bestehende Broadcast-Session) / 88 Spielzuege lt. Breakdown / Freigabe Verband 2026-08-31 / neu registriert 2026-09-02 / Hudl-Breakdown vorhanden -> PBP-Join moeglich (Sheet1, 88 Zeilen)"
broadcast,2026-08-14_WC-MEX-vs-ESP-TV,,2026-08-14,1280x720,30.0,13.3,data/video/2026-08-14_WC_MEXvsESP_TV_9711284/Wide - Clip 077.mp4,a0ce68d997583f238178b2db9653c97c100fb4594aa4186fd1db46b4f93b1739,"Hudl-Re-Encode Playlist 9711284 / Clip pro Play / Fremdmaterial nur registriert (WC-Spiel MEX vs ESP, kein GER-Spiel, wie bestehende Broadcast-Session) / 88 Spielzuege lt. Breakdown / Freigabe Verband 2026-08-31 / neu registriert 2026-09-02 / Hudl-Breakdown vorhanden -> PBP-Join moeglich (Sheet1, 88 Zeilen)"
broadcast,2026-08-14_WC-MEX-vs-ESP-TV,,2026-08-14,1280x720,30.0,8.17,data/video/2026-08-14_WC_MEXvsESP_TV_9711284/Wide - Clip 078.mp4,09970bf03cad509407c74f05bf9d0f41d4a7fa6d660c31f52a7968481834e727,"Hudl-Re-Encode Playlist 9711284 / Clip pro Play / Fremdmaterial nur registriert (WC-Spiel MEX vs ESP, kein GER-Spiel, wie bestehende Broadcast-Session) / 88 Spielzuege lt. Breakdown / Freigabe Verband 2026-08-31 / neu registriert 2026-09-02 / Hudl-Breakdown vorhanden -> PBP-Join moeglich (Sheet1, 88 Zeilen)"
broadcast,2026-08-14_WC-MEX-vs-ESP-TV,,2026-08-14,1280x720,30.0,12.0,data/video/2026-08-14_WC_MEXvsESP_TV_9711284/Wide - Clip 079.mp4,89ad44de69b52a49eae1f50f8137ef2582cf009861f05659ea20d419b17db3ad,"Hudl-Re-Encode Playlist 9711284 / Clip pro Play / Fremdmaterial nur registriert (WC-Spiel MEX vs ESP, kein GER-Spiel, wie bestehende Broadcast-Session) / 88 Spielzuege lt. Breakdown / Freigabe Verband 2026-08-31 / neu registriert 2026-09-02 / Hudl-Breakdown vorhanden -> PBP-Join moeglich (Sheet1, 88 Zeilen)"
broadcast,2026-08-14_WC-MEX-vs-ESP-TV,,2026-08-14,1280x720,30.0,6.53,data/video/2026-08-14_WC_MEXvsESP_TV_9711284/Wide - Clip 080.mp4,ce3400c84516ca6f89110258d6221e68fe7b62dff215c710e0893cf212b3d882,"Hudl-Re-Encode Playlist 9711284 / Clip pro Play / Fremdmaterial nur registriert (WC-Spiel MEX vs ESP, kein GER-Spiel, wie bestehende Broadcast-Session) / 88 Spielzuege lt. Breakdown / Freigabe Verband 2026-08-31 / neu registriert 2026-09-02 / Hudl-Breakdown vorhanden -> PBP-Join moeglich (Sheet1, 88 Zeilen)"
broadcast,2026-08-14_WC-MEX-vs-ESP-TV,,2026-08-14,1280x720,30.0,9.77,data/video/2026-08-14_WC_MEXvsESP_TV_9711284/Wide - Clip 081.mp4,0c58d5ad499b1f50ac850439e7fe0fca306c30ce28b89f44e2218cf3ac7861dc,"Hudl-Re-Encode Playlist 9711284 / Clip pro Play / Fremdmaterial nur registriert (WC-Spiel MEX vs ESP, kein GER-Spiel, wie bestehende Broadcast-Session) / 88 Spielzuege lt. Breakdown / Freigabe Verband 2026-08-31 / neu registriert 2026-09-02 / Hudl-Breakdown vorhanden -> PBP-Join moeglich (Sheet1, 88 Zeilen)"
broadcast,2026-08-14_WC-MEX-vs-ESP-TV,,2026-08-14,1280x720,30.0,9.7,data/video/2026-08-14_WC_MEXvsESP_TV_9711284/Wide - Clip 082.mp4,ea58a6ed67921ad61bf882996913fa09f1f9d0e6d6f6f265f5a2c829c1b236fa,"Hudl-Re-Encode Playlist 9711284 / Clip pro Play / Fremdmaterial nur registriert (WC-Spiel MEX vs ESP, kein GER-Spiel, wie bestehende Broadcast-Session) / 88 Spielzuege lt. Breakdown / Freigabe Verband 2026-08-31 / neu registriert 2026-09-02 / Hudl-Breakdown vorhanden -> PBP-Join moeglich (Sheet1, 88 Zeilen)"
broadcast,2026-08-14_WC-MEX-vs-ESP-TV,,2026-08-14,1280x720,30.0,12.43,data/video/2026-08-14_WC_MEXvsESP_TV_9711284/Wide - Clip 083.mp4,be31ad76b54d28af0904e362432129fc1c8f6fd2a73b3f87e4452deabe26f9d4,"Hudl-Re-Encode Playlist 9711284 / Clip pro Play / Fremdmaterial nur registriert (WC-Spiel MEX vs ESP, kein GER-Spiel, wie bestehende Broadcast-Session) / 88 Spielzuege lt. Breakdown / Freigabe Verband 2026-08-31 / neu registriert 2026-09-02 / Hudl-Breakdown vorhanden -> PBP-Join moeglich (Sheet1, 88 Zeilen)"
broadcast,2026-08-14_WC-MEX-vs-ESP-TV,,2026-08-14,1280x720,30.0,11.03,data/video/2026-08-14_WC_MEXvsESP_TV_9711284/Wide - Clip 084.mp4,426768fafbeb99581ed28068796aec5092ac1a950628f4ab49cb997e0b3af18f,"Hudl-Re-Encode Playlist 9711284 / Clip pro Play / Fremdmaterial nur registriert (WC-Spiel MEX vs ESP, kein GER-Spiel, wie bestehende Broadcast-Session) / 88 Spielzuege lt. Breakdown / Freigabe Verband 2026-08-31 / neu registriert 2026-09-02 / Hudl-Breakdown vorhanden -> PBP-Join moeglich (Sheet1, 88 Zeilen)"
broadcast,2026-08-14_WC-MEX-vs-ESP-TV,,2026-08-14,1280x720,30.0,8.0,data/video/2026-08-14_WC_MEXvsESP_TV_9711284/Wide - Clip 085.mp4,1e16ea00ce46f6815a5834be1f3f556c2a3587385b741eecec23ec6cf3224dcb,"Hudl-Re-Encode Playlist 9711284 / Clip pro Play / Fremdmaterial nur registriert (WC-Spiel MEX vs ESP, kein GER-Spiel, wie bestehende Broadcast-Session) / 88 Spielzuege lt. Breakdown / Freigabe Verband 2026-08-31 / neu registriert 2026-09-02 / Hudl-Breakdown vorhanden -> PBP-Join moeglich (Sheet1, 88 Zeilen)"
broadcast,2026-08-14_WC-MEX-vs-ESP-TV,,2026-08-14,1280x720,30.0,10.8,data/video/2026-08-14_WC_MEXvsESP_TV_9711284/Wide - Clip 086.mp4,57307930ff3c3969aed035bc165f1af21781ee32fce17dffc8de2e202b04ca43,"Hudl-Re-Encode Playlist 9711284 / Clip pro Play / Fremdmaterial nur registriert (WC-Spiel MEX vs ESP, kein GER-Spiel, wie bestehende Broadcast-Session) / 88 Spielzuege lt. Breakdown / Freigabe Verband 2026-08-31 / neu registriert 2026-09-02 / Hudl-Breakdown vorhanden -> PBP-Join moeglich (Sheet1, 88 Zeilen)"
broadcast,2026-08-14_WC-MEX-vs-ESP-TV,,2026-08-14,1280x720,30.0,13.73,data/video/2026-08-14_WC_MEXvsESP_TV_9711284/Wide - Clip 087.mp4,2f1207a4f90121ef21e1f700208447cee374ffaf40158220fe4d7df2a92aed34,"Hudl-Re-Encode Playlist 9711284 / Clip pro Play / Fremdmaterial nur registriert (WC-Spiel MEX vs ESP, kein GER-Spiel, wie bestehende Broadcast-Session) / 88 Spielzuege lt. Breakdown / Freigabe Verband 2026-08-31 / neu registriert 2026-09-02 / Hudl-Breakdown vorhanden -> PBP-Join moeglich (Sheet1, 88 Zeilen)"
broadcast,2026-08-14_WC-MEX-vs-ESP-TV,,2026-08-14,1280x720,30.0,5.17,data/video/2026-08-14_WC_MEXvsESP_TV_9711284/Wide - Clip 088.mp4,4669ad58dbcacb9c6994589fa7f3b7ecf654e884f6fac2c1146384c50d210676,"Hudl-Re-Encode Playlist 9711284 / Clip pro Play / Fremdmaterial nur registriert (WC-Spiel MEX vs ESP, kein GER-Spiel, wie bestehende Broadcast-Session) / 88 Spielzuege lt. Breakdown / Freigabe Verband 2026-08-31 / neu registriert 2026-09-02 / Hudl-Breakdown vorhanden -> PBP-Join moeglich (Sheet1, 88 Zeilen)"
broadcast,2024-08-31_WC-USA-vs-MEX-TV,,2024-08-31,1280x720,30.0,2.27,data/video/2024-08-31_WC_USAvsMEX_TV_9711287/Wide - Clip 001.mp4,ddc8f24da6bc3a80ae8e1315384d110487c302e9f740263720da0dacfb92820c,"Hudl-Re-Encode Playlist 9711287 / Clip pro Play / Fremdmaterial nur registriert (WC-Spiel USA vs MEX 2024, kein GER-Spiel, aeltere Turnier-Ausgabe) / 95 Spielzuege lt. Breakdown / Freigabe Verband 2026-08-31 / neu registriert 2026-09-02 / Hudl-Breakdown vorhanden -> PBP-Join moeglich (Sheet1, 95 Zeilen)"
broadcast,2024-08-31_WC-USA-vs-MEX-TV,,2024-08-31,1280x720,30.0,2.27,data/video/2024-08-31_WC_USAvsMEX_TV_9711287/Wide - Clip 002.mp4,0eca0d6414a67155ae55a9e0e11709acf6edc2153ee06f06bd532e3034ea94e5,"Hudl-Re-Encode Playlist 9711287 / Clip pro Play / Fremdmaterial nur registriert (WC-Spiel USA vs MEX 2024, kein GER-Spiel, aeltere Turnier-Ausgabe) / 95 Spielzuege lt. Breakdown / Freigabe Verband 2026-08-31 / neu registriert 2026-09-02 / Hudl-Breakdown vorhanden -> PBP-Join moeglich (Sheet1, 95 Zeilen)"
broadcast,2024-08-31_WC-USA-vs-MEX-TV,,2024-08-31,1280x720,30.0,6.71,data/video/2024-08-31_WC_USAvsMEX_TV_9711287/Wide - Clip 003.mp4,1bfe74f103a6b504a9a46f3ed5b21c1d9e3487fedcd1a54713f02d836d762f8c,"Hudl-Re-Encode Playlist 9711287 / Clip pro Play / Fremdmaterial nur registriert (WC-Spiel USA vs MEX 2024, kein GER-Spiel, aeltere Turnier-Ausgabe) / 95 Spielzuege lt. Breakdown / Freigabe Verband 2026-08-31 / neu registriert 2026-09-02 / Hudl-Breakdown vorhanden -> PBP-Join moeglich (Sheet1, 95 Zeilen)"
broadcast,2024-08-31_WC-USA-vs-MEX-TV,,2024-08-31,1280x720,30.0,7.37,data/video/2024-08-31_WC_USAvsMEX_TV_9711287/Wide - Clip 004.mp4,90a906400f93926a5093c8071b83f4ff4edd4ea166e8d82b33d9061c2574e74f,"Hudl-Re-Encode Playlist 9711287 / Clip pro Play / Fremdmaterial nur registriert (WC-Spiel USA vs MEX 2024, kein GER-Spiel, aeltere Turnier-Ausgabe) / 95 Spielzuege lt. Breakdown / Freigabe Verband 2026-08-31 / neu registriert 2026-09-02 / Hudl-Breakdown vorhanden -> PBP-Join moeglich (Sheet1, 95 Zeilen)"
broadcast,2024-08-31_WC-USA-vs-MEX-TV,,2024-08-31,1280x720,30.0,8.6,data/video/2024-08-31_WC_USAvsMEX_TV_9711287/Wide - Clip 005.mp4,7aafd1a70c3009a3202ba992d6077518618c401db8b56c5bd35aea0be9fc5e83,"Hudl-Re-Encode Playlist 9711287 / Clip pro Play / Fremdmaterial nur registriert (WC-Spiel USA vs MEX 2024, kein GER-Spiel, aeltere Turnier-Ausgabe) / 95 Spielzuege lt. Breakdown / Freigabe Verband 2026-08-31 / neu registriert 2026-09-02 / Hudl-Breakdown vorhanden -> PBP-Join moeglich (Sheet1, 95 Zeilen)"
broadcast,2024-08-31_WC-USA-vs-MEX-TV,,2024-08-31,1280x720,30.0,6.7,data/video/2024-08-31_WC_USAvsMEX_TV_9711287/Wide - Clip 006.mp4,c0fe48f05c08fcc76505db2f8200d9799ec17deb7a9abf160f9657a950ebc33d,"Hudl-Re-Encode Playlist 9711287 / Clip pro Play / Fremdmaterial nur registriert (WC-Spiel USA vs MEX 2024, kein GER-Spiel, aeltere Turnier-Ausgabe) / 95 Spielzuege lt. Breakdown / Freigabe Verband 2026-08-31 / neu registriert 2026-09-02 / Hudl-Breakdown vorhanden -> PBP-Join moeglich (Sheet1, 95 Zeilen)"
broadcast,2024-08-31_WC-USA-vs-MEX-TV,,2024-08-31,1280x720,30.0,5.04,data/video/2024-08-31_WC_USAvsMEX_TV_9711287/Wide - Clip 007.mp4,0b49817c4d4cd105c1f3e4d8b0941b4e56bfe94d0e949be2e9c3875166506e9f,"Hudl-Re-Encode Playlist 9711287 / Clip pro Play / Fremdmaterial nur registriert (WC-Spiel USA vs MEX 2024, kein GER-Spiel, aeltere Turnier-Ausgabe) / 95 Spielzuege lt. Breakdown / Freigabe Verband 2026-08-31 / neu registriert 2026-09-02 / Hudl-Breakdown vorhanden -> PBP-Join moeglich (Sheet1, 95 Zeilen)"
broadcast,2024-08-31_WC-USA-vs-MEX-TV,,2024-08-31,1280x720,30.0,6.46,data/video/2024-08-31_WC_USAvsMEX_TV_9711287/Wide - Clip 008.mp4,da4a8d2ddbdd46017a8cc448f4a576c88a572c4a7a1bd171c80e4c1fa2cc80fa,"Hudl-Re-Encode Playlist 9711287 / Clip pro Play / Fremdmaterial nur registriert (WC-Spiel USA vs MEX 2024, kein GER-Spiel, aeltere Turnier-Ausgabe) / 95 Spielzuege lt. Breakdown / Freigabe Verband 2026-08-31 / neu registriert 2026-09-02 / Hudl-Breakdown vorhanden -> PBP-Join moeglich (Sheet1, 95 Zeilen)"
broadcast,2024-08-31_WC-USA-vs-MEX-TV,,2024-08-31,1280x720,30.0,10.86,data/video/2024-08-31_WC_USAvsMEX_TV_9711287/Wide - Clip 009.mp4,9bb093dec69abb85aa0df30a41c69e162ceddf0c07399444d50213dd4df183d9,"Hudl-Re-Encode Playlist 9711287 / Clip pro Play / Fremdmaterial nur registriert (WC-Spiel USA vs MEX 2024, kein GER-Spiel, aeltere Turnier-Ausgabe) / 95 Spielzuege lt. Breakdown / Freigabe Verband 2026-08-31 / neu registriert 2026-09-02 / Hudl-Breakdown vorhanden -> PBP-Join moeglich (Sheet1, 95 Zeilen)"
broadcast,2024-08-31_WC-USA-vs-MEX-TV,,2024-08-31,1280x720,30.0,9.79,data/video/2024-08-31_WC_USAvsMEX_TV_9711287/Wide - Clip 010.mp4,e8b20fb466663fe50b515c9fade947fac666c552c0547f11a63a84fb6db57960,"Hudl-Re-Encode Playlist 9711287 / Clip pro Play / Fremdmaterial nur registriert (WC-Spiel USA vs MEX 2024, kein GER-Spiel, aeltere Turnier-Ausgabe) / 95 Spielzuege lt. Breakdown / Freigabe Verband 2026-08-31 / neu registriert 2026-09-02 / Hudl-Breakdown vorhanden -> PBP-Join moeglich (Sheet1, 95 Zeilen)"
broadcast,2024-08-31_WC-USA-vs-MEX-TV,,2024-08-31,1280x720,30.0,7.85,data/video/2024-08-31_WC_USAvsMEX_TV_9711287/Wide - Clip 011.mp4,9fc91db97bf7ebab79a0ff2605e80078b90c77abbb7619ea66c5fe6b9e2c67e9,"Hudl-Re-Encode Playlist 9711287 / Clip pro Play / Fremdmaterial nur registriert (WC-Spiel USA vs MEX 2024, kein GER-Spiel, aeltere Turnier-Ausgabe) / 95 Spielzuege lt. Breakdown / Freigabe Verband 2026-08-31 / neu registriert 2026-09-02 / Hudl-Breakdown vorhanden -> PBP-Join moeglich (Sheet1, 95 Zeilen)"
broadcast,2024-08-31_WC-USA-vs-MEX-TV,,2024-08-31,1280x720,30.0,9.54,data/video/2024-08-31_WC_USAvsMEX_TV_9711287/Wide - Clip 012.mp4,49b0fabf01184959b249e3606fd954809195cc92ed5f30c0ca881c1d6cbaa420,"Hudl-Re-Encode Playlist 9711287 / Clip pro Play / Fremdmaterial nur registriert (WC-Spiel USA vs MEX 2024, kein GER-Spiel, aeltere Turnier-Ausgabe) / 95 Spielzuege lt. Breakdown / Freigabe Verband 2026-08-31 / neu registriert 2026-09-02 / Hudl-Breakdown vorhanden -> PBP-Join moeglich (Sheet1, 95 Zeilen)"
broadcast,2024-08-31_WC-USA-vs-MEX-TV,,2024-08-31,1280x720,30.0,10.33,data/video/2024-08-31_WC_USAvsMEX_TV_9711287/Wide - Clip 013.mp4,ee66488da7696994fa7d45c3c8614169d791bb4fa82cbb1cd39ec406acf1540b,"Hudl-Re-Encode Playlist 9711287 / Clip pro Play / Fremdmaterial nur registriert (WC-Spiel USA vs MEX 2024, kein GER-Spiel, aeltere Turnier-Ausgabe) / 95 Spielzuege lt. Breakdown / Freigabe Verband 2026-08-31 / neu registriert 2026-09-02 / Hudl-Breakdown vorhanden -> PBP-Join moeglich (Sheet1, 95 Zeilen)"
broadcast,2024-08-31_WC-USA-vs-MEX-TV,,2024-08-31,1280x720,30.0,7.86,data/video/2024-08-31_WC_USAvsMEX_TV_9711287/Wide - Clip 014.mp4,293f51578d9f18ff200995177d2cc671833c020496e625d753ca3e7795b2220b,"Hudl-Re-Encode Playlist 9711287 / Clip pro Play / Fremdmaterial nur registriert (WC-Spiel USA vs MEX 2024, kein GER-Spiel, aeltere Turnier-Ausgabe) / 95 Spielzuege lt. Breakdown / Freigabe Verband 2026-08-31 / neu registriert 2026-09-02 / Hudl-Breakdown vorhanden -> PBP-Join moeglich (Sheet1, 95 Zeilen)"
broadcast,2024-08-31_WC-USA-vs-MEX-TV,,2024-08-31,1280x720,30.0,6.47,data/video/2024-08-31_WC_USAvsMEX_TV_9711287/Wide - Clip 015.mp4,69a779c84bf603ea1d4c8d57401d46b8b5de4c294e7302d82e0aa822a39d9eef,"Hudl-Re-Encode Playlist 9711287 / Clip pro Play / Fremdmaterial nur registriert (WC-Spiel USA vs MEX 2024, kein GER-Spiel, aeltere Turnier-Ausgabe) / 95 Spielzuege lt. Breakdown / Freigabe Verband 2026-08-31 / neu registriert 2026-09-02 / Hudl-Breakdown vorhanden -> PBP-Join moeglich (Sheet1, 95 Zeilen)"
broadcast,2024-08-31_WC-USA-vs-MEX-TV,,2024-08-31,1280x720,30.0,7.28,data/video/2024-08-31_WC_USAvsMEX_TV_9711287/Wide - Clip 016.mp4,ecd3e1677389d201b8e4bf9e9fa8efee578454d2fb11b27be694b52c314382eb,"Hudl-Re-Encode Playlist 9711287 / Clip pro Play / Fremdmaterial nur registriert (WC-Spiel USA vs MEX 2024, kein GER-Spiel, aeltere Turnier-Ausgabe) / 95 Spielzuege lt. Breakdown / Freigabe Verband 2026-08-31 / neu registriert 2026-09-02 / Hudl-Breakdown vorhanden -> PBP-Join moeglich (Sheet1, 95 Zeilen)"
broadcast,2024-08-31_WC-USA-vs-MEX-TV,,2024-08-31,1280x720,30.0,5.73,data/video/2024-08-31_WC_USAvsMEX_TV_9711287/Wide - Clip 017.mp4,f8d0b065fa381d74bd9cfbe6447d24cd992846a76af7f42e4f9f10b53f019112,"Hudl-Re-Encode Playlist 9711287 / Clip pro Play / Fremdmaterial nur registriert (WC-Spiel USA vs MEX 2024, kein GER-Spiel, aeltere Turnier-Ausgabe) / 95 Spielzuege lt. Breakdown / Freigabe Verband 2026-08-31 / neu registriert 2026-09-02 / Hudl-Breakdown vorhanden -> PBP-Join moeglich (Sheet1, 95 Zeilen)"
broadcast,2024-08-31_WC-USA-vs-MEX-TV,,2024-08-31,1280x720,30.0,7.85,data/video/2024-08-31_WC_USAvsMEX_TV_9711287/Wide - Clip 018.mp4,c46a9c7127d64badce6fcc274ffbba7c7ef1ff560b1c122bc99d6b9f43bf82a8,"Hudl-Re-Encode Playlist 9711287 / Clip pro Play / Fremdmaterial nur registriert (WC-Spiel USA vs MEX 2024, kein GER-Spiel, aeltere Turnier-Ausgabe) / 95 Spielzuege lt. Breakdown / Freigabe Verband 2026-08-31 / neu registriert 2026-09-02 / Hudl-Breakdown vorhanden -> PBP-Join moeglich (Sheet1, 95 Zeilen)"
broadcast,2024-08-31_WC-USA-vs-MEX-TV,,2024-08-31,1280x720,30.0,7.31,data/video/2024-08-31_WC_USAvsMEX_TV_9711287/Wide - Clip 019.mp4,b1c5e106764f1fa676db3907dbc60ef1188367424aec21fad80886c948134794,"Hudl-Re-Encode Playlist 9711287 / Clip pro Play / Fremdmaterial nur registriert (WC-Spiel USA vs MEX 2024, kein GER-Spiel, aeltere Turnier-Ausgabe) / 95 Spielzuege lt. Breakdown / Freigabe Verband 2026-08-31 / neu registriert 2026-09-02 / Hudl-Breakdown vorhanden -> PBP-Join moeglich (Sheet1, 95 Zeilen)"
broadcast,2024-08-31_WC-USA-vs-MEX-TV,,2024-08-31,1280x720,30.0,11.58,data/video/2024-08-31_WC_USAvsMEX_TV_9711287/Wide - Clip 020.mp4,aac913e2a78c3367f98cbc897a10f470b056e4692493c167687a0180c9b9dd9f,"Hudl-Re-Encode Playlist 9711287 / Clip pro Play / Fremdmaterial nur registriert (WC-Spiel USA vs MEX 2024, kein GER-Spiel, aeltere Turnier-Ausgabe) / 95 Spielzuege lt. Breakdown / Freigabe Verband 2026-08-31 / neu registriert 2026-09-02 / Hudl-Breakdown vorhanden -> PBP-Join moeglich (Sheet1, 95 Zeilen)"
broadcast,2024-08-31_WC-USA-vs-MEX-TV,,2024-08-31,1280x720,30.0,7.07,data/video/2024-08-31_WC_USAvsMEX_TV_9711287/Wide - Clip 021.mp4,d3862bb28960f71a2e143edafad873d835cddf77d7206fe7254df68804568eed,"Hudl-Re-Encode Playlist 9711287 / Clip pro Play / Fremdmaterial nur registriert (WC-Spiel USA vs MEX 2024, kein GER-Spiel, aeltere Turnier-Ausgabe) / 95 Spielzuege lt. Breakdown / Freigabe Verband 2026-08-31 / neu registriert 2026-09-02 / Hudl-Breakdown vorhanden -> PBP-Join moeglich (Sheet1, 95 Zeilen)"
broadcast,2024-08-31_WC-USA-vs-MEX-TV,,2024-08-31,1280x720,30.0,7.85,data/video/2024-08-31_WC_USAvsMEX_TV_9711287/Wide - Clip 022.mp4,6267855a6b5ca0fbacf51ea3dc3ce574bd6af05864f08d0b20012be7fb30dd37,"Hudl-Re-Encode Playlist 9711287 / Clip pro Play / Fremdmaterial nur registriert (WC-Spiel USA vs MEX 2024, kein GER-Spiel, aeltere Turnier-Ausgabe) / 95 Spielzuege lt. Breakdown / Freigabe Verband 2026-08-31 / neu registriert 2026-09-02 / Hudl-Breakdown vorhanden -> PBP-Join moeglich (Sheet1, 95 Zeilen)"
broadcast,2024-08-31_WC-USA-vs-MEX-TV,,2024-08-31,1280x720,30.0,12.01,data/video/2024-08-31_WC_USAvsMEX_TV_9711287/Wide - Clip 023.mp4,1747bb10bb510e1c833d6c750bc59836327f8f2932ea7bc516f3ccea1514a4f6,"Hudl-Re-Encode Playlist 9711287 / Clip pro Play / Fremdmaterial nur registriert (WC-Spiel USA vs MEX 2024, kein GER-Spiel, aeltere Turnier-Ausgabe) / 95 Spielzuege lt. Breakdown / Freigabe Verband 2026-08-31 / neu registriert 2026-09-02 / Hudl-Breakdown vorhanden -> PBP-Join moeglich (Sheet1, 95 Zeilen)"
broadcast,2024-08-31_WC-USA-vs-MEX-TV,,2024-08-31,1280x720,30.0,6.92,data/video/2024-08-31_WC_USAvsMEX_TV_9711287/Wide - Clip 024.mp4,a5fb1e4a2541aeec82d414cde55015ed6b0239af2794208b922ded51924a9b76,"Hudl-Re-Encode Playlist 9711287 / Clip pro Play / Fremdmaterial nur registriert (WC-Spiel USA vs MEX 2024, kein GER-Spiel, aeltere Turnier-Ausgabe) / 95 Spielzuege lt. Breakdown / Freigabe Verband 2026-08-31 / neu registriert 2026-09-02 / Hudl-Breakdown vorhanden -> PBP-Join moeglich (Sheet1, 95 Zeilen)"
broadcast,2024-08-31_WC-USA-vs-MEX-TV,,2024-08-31,1280x720,30.0,11.39,data/video/2024-08-31_WC_USAvsMEX_TV_9711287/Wide - Clip 025.mp4,e91cf7a091ef9ead723241c23b6fd3e6e1be6c0c70aa8648b466d90e4eadf673,"Hudl-Re-Encode Playlist 9711287 / Clip pro Play / Fremdmaterial nur registriert (WC-Spiel USA vs MEX 2024, kein GER-Spiel, aeltere Turnier-Ausgabe) / 95 Spielzuege lt. Breakdown / Freigabe Verband 2026-08-31 / neu registriert 2026-09-02 / Hudl-Breakdown vorhanden -> PBP-Join moeglich (Sheet1, 95 Zeilen)"
broadcast,2024-08-31_WC-USA-vs-MEX-TV,,2024-08-31,1280x720,30.0,7.06,data/video/2024-08-31_WC_USAvsMEX_TV_9711287/Wide - Clip 026.mp4,1a89cc30ef21f4908fb1d53abba85fc3dbb83c2626ee1f40290d3be5b77ed351,"Hudl-Re-Encode Playlist 9711287 / Clip pro Play / Fremdmaterial nur registriert (WC-Spiel USA vs MEX 2024, kein GER-Spiel, aeltere Turnier-Ausgabe) / 95 Spielzuege lt. Breakdown / Freigabe Verband 2026-08-31 / neu registriert 2026-09-02 / Hudl-Breakdown vorhanden -> PBP-Join moeglich (Sheet1, 95 Zeilen)"
broadcast,2024-08-31_WC-USA-vs-MEX-TV,,2024-08-31,1280x720,30.0,5.41,data/video/2024-08-31_WC_USAvsMEX_TV_9711287/Wide - Clip 027.mp4,acaa0ee2fb93895274473147195579a253ca9ecba31f7c9f2e9e948fcb415ba6,"Hudl-Re-Encode Playlist 9711287 / Clip pro Play / Fremdmaterial nur registriert (WC-Spiel USA vs MEX 2024, kein GER-Spiel, aeltere Turnier-Ausgabe) / 95 Spielzuege lt. Breakdown / Freigabe Verband 2026-08-31 / neu registriert 2026-09-02 / Hudl-Breakdown vorhanden -> PBP-Join moeglich (Sheet1, 95 Zeilen)"
broadcast,2024-08-31_WC-USA-vs-MEX-TV,,2024-08-31,1280x720,30.0,7.14,data/video/2024-08-31_WC_USAvsMEX_TV_9711287/Wide - Clip 028.mp4,4cccde98757d05b682e095bd815b7dea20abbe6d9792ca2e54c65669b712ca53,"Hudl-Re-Encode Playlist 9711287 / Clip pro Play / Fremdmaterial nur registriert (WC-Spiel USA vs MEX 2024, kein GER-Spiel, aeltere Turnier-Ausgabe) / 95 Spielzuege lt. Breakdown / Freigabe Verband 2026-08-31 / neu registriert 2026-09-02 / Hudl-Breakdown vorhanden -> PBP-Join moeglich (Sheet1, 95 Zeilen)"
broadcast,2024-08-31_WC-USA-vs-MEX-TV,,2024-08-31,1280x720,30.0,6.95,data/video/2024-08-31_WC_USAvsMEX_TV_9711287/Wide - Clip 029.mp4,eaa2dba4e54e011c44debb1e5f8a940772b6833a10ba858d4365f9bf90603bdc,"Hudl-Re-Encode Playlist 9711287 / Clip pro Play / Fremdmaterial nur registriert (WC-Spiel USA vs MEX 2024, kein GER-Spiel, aeltere Turnier-Ausgabe) / 95 Spielzuege lt. Breakdown / Freigabe Verband 2026-08-31 / neu registriert 2026-09-02 / Hudl-Breakdown vorhanden -> PBP-Join moeglich (Sheet1, 95 Zeilen)"
broadcast,2024-08-31_WC-USA-vs-MEX-TV,,2024-08-31,1280x720,30.0,8.22,data/video/2024-08-31_WC_USAvsMEX_TV_9711287/Wide - Clip 030.mp4,6d8d32c44b8a3919c1bc98b666c9c5c2cac70d6f0ebb74d6a9c4178d54aa380d,"Hudl-Re-Encode Playlist 9711287 / Clip pro Play / Fremdmaterial nur registriert (WC-Spiel USA vs MEX 2024, kein GER-Spiel, aeltere Turnier-Ausgabe) / 95 Spielzuege lt. Breakdown / Freigabe Verband 2026-08-31 / neu registriert 2026-09-02 / Hudl-Breakdown vorhanden -> PBP-Join moeglich (Sheet1, 95 Zeilen)"
broadcast,2024-08-31_WC-USA-vs-MEX-TV,,2024-08-31,1280x720,30.0,7.28,data/video/2024-08-31_WC_USAvsMEX_TV_9711287/Wide - Clip 031.mp4,fa6bcbf5a8110bcc97f1cec0eb6b5414e3be4e32c1884ec92b89f6cd736b0463,"Hudl-Re-Encode Playlist 9711287 / Clip pro Play / Fremdmaterial nur registriert (WC-Spiel USA vs MEX 2024, kein GER-Spiel, aeltere Turnier-Ausgabe) / 95 Spielzuege lt. Breakdown / Freigabe Verband 2026-08-31 / neu registriert 2026-09-02 / Hudl-Breakdown vorhanden -> PBP-Join moeglich (Sheet1, 95 Zeilen)"
broadcast,2024-08-31_WC-USA-vs-MEX-TV,,2024-08-31,1280x720,30.0,8.75,data/video/2024-08-31_WC_USAvsMEX_TV_9711287/Wide - Clip 032.mp4,c831719a61201819768a564852e2999ba7354deb41eb7b7b3b8a237b70db966d,"Hudl-Re-Encode Playlist 9711287 / Clip pro Play / Fremdmaterial nur registriert (WC-Spiel USA vs MEX 2024, kein GER-Spiel, aeltere Turnier-Ausgabe) / 95 Spielzuege lt. Breakdown / Freigabe Verband 2026-08-31 / neu registriert 2026-09-02 / Hudl-Breakdown vorhanden -> PBP-Join moeglich (Sheet1, 95 Zeilen)"
broadcast,2024-08-31_WC-USA-vs-MEX-TV,,2024-08-31,1280x720,30.0,8.38,data/video/2024-08-31_WC_USAvsMEX_TV_9711287/Wide - Clip 033.mp4,d769ff58bc5d762cbc3d5d2ec3aa854d5210014be0597c6955f175f405db84b4,"Hudl-Re-Encode Playlist 9711287 / Clip pro Play / Fremdmaterial nur registriert (WC-Spiel USA vs MEX 2024, kein GER-Spiel, aeltere Turnier-Ausgabe) / 95 Spielzuege lt. Breakdown / Freigabe Verband 2026-08-31 / neu registriert 2026-09-02 / Hudl-Breakdown vorhanden -> PBP-Join moeglich (Sheet1, 95 Zeilen)"
broadcast,2024-08-31_WC-USA-vs-MEX-TV,,2024-08-31,1280x720,30.0,7.73,data/video/2024-08-31_WC_USAvsMEX_TV_9711287/Wide - Clip 034.mp4,c1960ea3439dc30cfb70e6f938353a90b2da530bf131734c57e9bd9cfafec5fa,"Hudl-Re-Encode Playlist 9711287 / Clip pro Play / Fremdmaterial nur registriert (WC-Spiel USA vs MEX 2024, kein GER-Spiel, aeltere Turnier-Ausgabe) / 95 Spielzuege lt. Breakdown / Freigabe Verband 2026-08-31 / neu registriert 2026-09-02 / Hudl-Breakdown vorhanden -> PBP-Join moeglich (Sheet1, 95 Zeilen)"
broadcast,2024-08-31_WC-USA-vs-MEX-TV,,2024-08-31,1280x720,30.0,8.06,data/video/2024-08-31_WC_USAvsMEX_TV_9711287/Wide - Clip 035.mp4,d910e92ab090aedbf394a2a45c156f449023d13a3f6610d9350510c953325a16,"Hudl-Re-Encode Playlist 9711287 / Clip pro Play / Fremdmaterial nur registriert (WC-Spiel USA vs MEX 2024, kein GER-Spiel, aeltere Turnier-Ausgabe) / 95 Spielzuege lt. Breakdown / Freigabe Verband 2026-08-31 / neu registriert 2026-09-02 / Hudl-Breakdown vorhanden -> PBP-Join moeglich (Sheet1, 95 Zeilen)"
broadcast,2024-08-31_WC-USA-vs-MEX-TV,,2024-08-31,1280x720,30.0,5.33,data/video/2024-08-31_WC_USAvsMEX_TV_9711287/Wide - Clip 036.mp4,347526510e030c59519be84f003e316c5bae490749c132918b77cd803e8393a0,"Hudl-Re-Encode Playlist 9711287 / Clip pro Play / Fremdmaterial nur registriert (WC-Spiel USA vs MEX 2024, kein GER-Spiel, aeltere Turnier-Ausgabe) / 95 Spielzuege lt. Breakdown / Freigabe Verband 2026-08-31 / neu registriert 2026-09-02 / Hudl-Breakdown vorhanden -> PBP-Join moeglich (Sheet1, 95 Zeilen)"
broadcast,2024-08-31_WC-USA-vs-MEX-TV,,2024-08-31,1280x720,30.0,7.13,data/video/2024-08-31_WC_USAvsMEX_TV_9711287/Wide - Clip 037.mp4,937cd251404a7ee25bf25fd00ff7a72ab5bb020c38a48da3d789ff05a3dc029a,"Hudl-Re-Encode Playlist 9711287 / Clip pro Play / Fremdmaterial nur registriert (WC-Spiel USA vs MEX 2024, kein GER-Spiel, aeltere Turnier-Ausgabe) / 95 Spielzuege lt. Breakdown / Freigabe Verband 2026-08-31 / neu registriert 2026-09-02 / Hudl-Breakdown vorhanden -> PBP-Join moeglich (Sheet1, 95 Zeilen)"
broadcast,2024-08-31_WC-USA-vs-MEX-TV,,2024-08-31,1280x720,30.0,6.43,data/video/2024-08-31_WC_USAvsMEX_TV_9711287/Wide - Clip 038.mp4,1d151f5602fca5cf3f81ee1888e981fb402fec2b4be916aca95bb90d57020954,"Hudl-Re-Encode Playlist 9711287 / Clip pro Play / Fremdmaterial nur registriert (WC-Spiel USA vs MEX 2024, kein GER-Spiel, aeltere Turnier-Ausgabe) / 95 Spielzuege lt. Breakdown / Freigabe Verband 2026-08-31 / neu registriert 2026-09-02 / Hudl-Breakdown vorhanden -> PBP-Join moeglich (Sheet1, 95 Zeilen)"
broadcast,2024-08-31_WC-USA-vs-MEX-TV,,2024-08-31,1280x720,30.0,7.4,data/video/2024-08-31_WC_USAvsMEX_TV_9711287/Wide - Clip 039.mp4,3b3b3d62f36052100232bf13d40bcd5f1cdf466f98428edfeb2605323e0c6367,"Hudl-Re-Encode Playlist 9711287 / Clip pro Play / Fremdmaterial nur registriert (WC-Spiel USA vs MEX 2024, kein GER-Spiel, aeltere Turnier-Ausgabe) / 95 Spielzuege lt. Breakdown / Freigabe Verband 2026-08-31 / neu registriert 2026-09-02 / Hudl-Breakdown vorhanden -> PBP-Join moeglich (Sheet1, 95 Zeilen)"
broadcast,2024-08-31_WC-USA-vs-MEX-TV,,2024-08-31,1280x720,30.0,7.26,data/video/2024-08-31_WC_USAvsMEX_TV_9711287/Wide - Clip 040.mp4,543a9460ad5136e7706430fa5f4d37cbac29f6c404106b400d39a65256b0025b,"Hudl-Re-Encode Playlist 9711287 / Clip pro Play / Fremdmaterial nur registriert (WC-Spiel USA vs MEX 2024, kein GER-Spiel, aeltere Turnier-Ausgabe) / 95 Spielzuege lt. Breakdown / Freigabe Verband 2026-08-31 / neu registriert 2026-09-02 / Hudl-Breakdown vorhanden -> PBP-Join moeglich (Sheet1, 95 Zeilen)"
broadcast,2024-08-31_WC-USA-vs-MEX-TV,,2024-08-31,1280x720,30.0,9.61,data/video/2024-08-31_WC_USAvsMEX_TV_9711287/Wide - Clip 041.mp4,3aa04b8be0c3e6bcd796e0178ade99fce130c6bdacff95e88132b39e9ddab658,"Hudl-Re-Encode Playlist 9711287 / Clip pro Play / Fremdmaterial nur registriert (WC-Spiel USA vs MEX 2024, kein GER-Spiel, aeltere Turnier-Ausgabe) / 95 Spielzuege lt. Breakdown / Freigabe Verband 2026-08-31 / neu registriert 2026-09-02 / Hudl-Breakdown vorhanden -> PBP-Join moeglich (Sheet1, 95 Zeilen)"
broadcast,2024-08-31_WC-USA-vs-MEX-TV,,2024-08-31,1280x720,30.0,9.61,data/video/2024-08-31_WC_USAvsMEX_TV_9711287/Wide - Clip 042.mp4,1a27b02bc460b12068b352762286b6fbaa7cae07b76a7edbe3d7cc316cbf18c7,"Hudl-Re-Encode Playlist 9711287 / Clip pro Play / Fremdmaterial nur registriert (WC-Spiel USA vs MEX 2024, kein GER-Spiel, aeltere Turnier-Ausgabe) / 95 Spielzuege lt. Breakdown / Freigabe Verband 2026-08-31 / neu registriert 2026-09-02 / Hudl-Breakdown vorhanden -> PBP-Join moeglich (Sheet1, 95 Zeilen)"
broadcast,2024-08-31_WC-USA-vs-MEX-TV,,2024-08-31,1280x720,30.0,5.88,data/video/2024-08-31_WC_USAvsMEX_TV_9711287/Wide - Clip 043.mp4,64793039f514024facec0b2f0271508363c214741b0f9babf8e3f662be419e75,"Hudl-Re-Encode Playlist 9711287 / Clip pro Play / Fremdmaterial nur registriert (WC-Spiel USA vs MEX 2024, kein GER-Spiel, aeltere Turnier-Ausgabe) / 95 Spielzuege lt. Breakdown / Freigabe Verband 2026-08-31 / neu registriert 2026-09-02 / Hudl-Breakdown vorhanden -> PBP-Join moeglich (Sheet1, 95 Zeilen)"
broadcast,2024-08-31_WC-USA-vs-MEX-TV,,2024-08-31,1280x720,30.0,7.26,data/video/2024-08-31_WC_USAvsMEX_TV_9711287/Wide - Clip 044.mp4,d6b90808e47a47e5435fa739b7da834982943f9609ac51a094404f3096d88b76,"Hudl-Re-Encode Playlist 9711287 / Clip pro Play / Fremdmaterial nur registriert (WC-Spiel USA vs MEX 2024, kein GER-Spiel, aeltere Turnier-Ausgabe) / 95 Spielzuege lt. Breakdown / Freigabe Verband 2026-08-31 / neu registriert 2026-09-02 / Hudl-Breakdown vorhanden -> PBP-Join moeglich (Sheet1, 95 Zeilen)"
broadcast,2024-08-31_WC-USA-vs-MEX-TV,,2024-08-31,1280x720,30.0,7.01,data/video/2024-08-31_WC_USAvsMEX_TV_9711287/Wide - Clip 045.mp4,3003b1eb30fc9cfaad02c800aaaaa915ccbcc07104cc8908dafc45eef9046cdc,"Hudl-Re-Encode Playlist 9711287 / Clip pro Play / Fremdmaterial nur registriert (WC-Spiel USA vs MEX 2024, kein GER-Spiel, aeltere Turnier-Ausgabe) / 95 Spielzuege lt. Breakdown / Freigabe Verband 2026-08-31 / neu registriert 2026-09-02 / Hudl-Breakdown vorhanden -> PBP-Join moeglich (Sheet1, 95 Zeilen)"
broadcast,2024-08-31_WC-USA-vs-MEX-TV,,2024-08-31,1280x720,30.0,7.42,data/video/2024-08-31_WC_USAvsMEX_TV_9711287/Wide - Clip 046.mp4,86540884ae5cf43015ef65481af060351457d04e2850f3685f291fca94f1077f,"Hudl-Re-Encode Playlist 9711287 / Clip pro Play / Fremdmaterial nur registriert (WC-Spiel USA vs MEX 2024, kein GER-Spiel, aeltere Turnier-Ausgabe) / 95 Spielzuege lt. Breakdown / Freigabe Verband 2026-08-31 / neu registriert 2026-09-02 / Hudl-Breakdown vorhanden -> PBP-Join moeglich (Sheet1, 95 Zeilen)"
broadcast,2024-08-31_WC-USA-vs-MEX-TV,,2024-08-31,1280x720,30.0,9.06,data/video/2024-08-31_WC_USAvsMEX_TV_9711287/Wide - Clip 047.mp4,4aaa8ccc13a7fe1561a8b14b3c182023b780a25ae70570d3e5d6333c86a892d5,"Hudl-Re-Encode Playlist 9711287 / Clip pro Play / Fremdmaterial nur registriert (WC-Spiel USA vs MEX 2024, kein GER-Spiel, aeltere Turnier-Ausgabe) / 95 Spielzuege lt. Breakdown / Freigabe Verband 2026-08-31 / neu registriert 2026-09-02 / Hudl-Breakdown vorhanden -> PBP-Join moeglich (Sheet1, 95 Zeilen)"
broadcast,2024-08-31_WC-USA-vs-MEX-TV,,2024-08-31,1280x720,30.0,7.27,data/video/2024-08-31_WC_USAvsMEX_TV_9711287/Wide - Clip 048.mp4,f59edf5d1afc07c33044f73f45a6137ead06288e57e343ed884c207e00c9a352,"Hudl-Re-Encode Playlist 9711287 / Clip pro Play / Fremdmaterial nur registriert (WC-Spiel USA vs MEX 2024, kein GER-Spiel, aeltere Turnier-Ausgabe) / 95 Spielzuege lt. Breakdown / Freigabe Verband 2026-08-31 / neu registriert 2026-09-02 / Hudl-Breakdown vorhanden -> PBP-Join moeglich (Sheet1, 95 Zeilen)"
broadcast,2024-08-31_WC-USA-vs-MEX-TV,,2024-08-31,1280x720,30.0,7.21,data/video/2024-08-31_WC_USAvsMEX_TV_9711287/Wide - Clip 049.mp4,6b85065edb81e6c662a4d2cef5de71827f195dde02ca7120f7812e906ad63251,"Hudl-Re-Encode Playlist 9711287 / Clip pro Play / Fremdmaterial nur registriert (WC-Spiel USA vs MEX 2024, kein GER-Spiel, aeltere Turnier-Ausgabe) / 95 Spielzuege lt. Breakdown / Freigabe Verband 2026-08-31 / neu registriert 2026-09-02 / Hudl-Breakdown vorhanden -> PBP-Join moeglich (Sheet1, 95 Zeilen)"
broadcast,2024-08-31_WC-USA-vs-MEX-TV,,2024-08-31,1280x720,30.0,7.84,data/video/2024-08-31_WC_USAvsMEX_TV_9711287/Wide - Clip 050.mp4,43ffcc4dbae56d1219c0c32b6a2502e601314c11a953013fbfc06627e2adcd12,"Hudl-Re-Encode Playlist 9711287 / Clip pro Play / Fremdmaterial nur registriert (WC-Spiel USA vs MEX 2024, kein GER-Spiel, aeltere Turnier-Ausgabe) / 95 Spielzuege lt. Breakdown / Freigabe Verband 2026-08-31 / neu registriert 2026-09-02 / Hudl-Breakdown vorhanden -> PBP-Join moeglich (Sheet1, 95 Zeilen)"
broadcast,2024-08-31_WC-USA-vs-MEX-TV,,2024-08-31,1280x720,30.0,11.36,data/video/2024-08-31_WC_USAvsMEX_TV_9711287/Wide - Clip 051.mp4,9ec9ea580e22948f5c86e0a32efe107c1d03efad360f9bcd84f3d686d8adcaa7,"Hudl-Re-Encode Playlist 9711287 / Clip pro Play / Fremdmaterial nur registriert (WC-Spiel USA vs MEX 2024, kein GER-Spiel, aeltere Turnier-Ausgabe) / 95 Spielzuege lt. Breakdown / Freigabe Verband 2026-08-31 / neu registriert 2026-09-02 / Hudl-Breakdown vorhanden -> PBP-Join moeglich (Sheet1, 95 Zeilen)"
broadcast,2024-08-31_WC-USA-vs-MEX-TV,,2024-08-31,1280x720,30.0,9.57,data/video/2024-08-31_WC_USAvsMEX_TV_9711287/Wide - Clip 052.mp4,814abb78296f13c219350be9bb32a07b23e297da657b41e579d68f37c3dc8633,"Hudl-Re-Encode Playlist 9711287 / Clip pro Play / Fremdmaterial nur registriert (WC-Spiel USA vs MEX 2024, kein GER-Spiel, aeltere Turnier-Ausgabe) / 95 Spielzuege lt. Breakdown / Freigabe Verband 2026-08-31 / neu registriert 2026-09-02 / Hudl-Breakdown vorhanden -> PBP-Join moeglich (Sheet1, 95 Zeilen)"
broadcast,2024-08-31_WC-USA-vs-MEX-TV,,2024-08-31,1280x720,30.0,8.85,data/video/2024-08-31_WC_USAvsMEX_TV_9711287/Wide - Clip 053.mp4,338a84a2b7c29373b6e15ab5f61357938b66f434ae2723c7fdbd96d8662f816b,"Hudl-Re-Encode Playlist 9711287 / Clip pro Play / Fremdmaterial nur registriert (WC-Spiel USA vs MEX 2024, kein GER-Spiel, aeltere Turnier-Ausgabe) / 95 Spielzuege lt. Breakdown / Freigabe Verband 2026-08-31 / neu registriert 2026-09-02 / Hudl-Breakdown vorhanden -> PBP-Join moeglich (Sheet1, 95 Zeilen)"
broadcast,2024-08-31_WC-USA-vs-MEX-TV,,2024-08-31,1280x720,30.0,8.66,data/video/2024-08-31_WC_USAvsMEX_TV_9711287/Wide - Clip 054.mp4,4cbfc2a460e7f21b08720329ba62c2883b5b27a8579927d8f1ec003efbe7bf28,"Hudl-Re-Encode Playlist 9711287 / Clip pro Play / Fremdmaterial nur registriert (WC-Spiel USA vs MEX 2024, kein GER-Spiel, aeltere Turnier-Ausgabe) / 95 Spielzuege lt. Breakdown / Freigabe Verband 2026-08-31 / neu registriert 2026-09-02 / Hudl-Breakdown vorhanden -> PBP-Join moeglich (Sheet1, 95 Zeilen)"
broadcast,2024-08-31_WC-USA-vs-MEX-TV,,2024-08-31,1280x720,30.0,8.85,data/video/2024-08-31_WC_USAvsMEX_TV_9711287/Wide - Clip 055.mp4,1bf47b16fdc1895b8f75b9ed5fae1f58c11ae4bd9acbef299ad2bb918493217f,"Hudl-Re-Encode Playlist 9711287 / Clip pro Play / Fremdmaterial nur registriert (WC-Spiel USA vs MEX 2024, kein GER-Spiel, aeltere Turnier-Ausgabe) / 95 Spielzuege lt. Breakdown / Freigabe Verband 2026-08-31 / neu registriert 2026-09-02 / Hudl-Breakdown vorhanden -> PBP-Join moeglich (Sheet1, 95 Zeilen)"
broadcast,2024-08-31_WC-USA-vs-MEX-TV,,2024-08-31,1280x720,30.0,7.9,data/video/2024-08-31_WC_USAvsMEX_TV_9711287/Wide - Clip 056.mp4,19ec70b3eceb96c39cf24af9fa7cdaf9f43b4776878a5385df946437f8c35cbd,"Hudl-Re-Encode Playlist 9711287 / Clip pro Play / Fremdmaterial nur registriert (WC-Spiel USA vs MEX 2024, kein GER-Spiel, aeltere Turnier-Ausgabe) / 95 Spielzuege lt. Breakdown / Freigabe Verband 2026-08-31 / neu registriert 2026-09-02 / Hudl-Breakdown vorhanden -> PBP-Join moeglich (Sheet1, 95 Zeilen)"
broadcast,2024-08-31_WC-USA-vs-MEX-TV,,2024-08-31,1280x720,30.0,7.31,data/video/2024-08-31_WC_USAvsMEX_TV_9711287/Wide - Clip 057.mp4,3cc3463ef6ced7fd29aaad9479a9ab73f159077288e2c3980a3a83d456cf53cc,"Hudl-Re-Encode Playlist 9711287 / Clip pro Play / Fremdmaterial nur registriert (WC-Spiel USA vs MEX 2024, kein GER-Spiel, aeltere Turnier-Ausgabe) / 95 Spielzuege lt. Breakdown / Freigabe Verband 2026-08-31 / neu registriert 2026-09-02 / Hudl-Breakdown vorhanden -> PBP-Join moeglich (Sheet1, 95 Zeilen)"
broadcast,2024-08-31_WC-USA-vs-MEX-TV,,2024-08-31,1280x720,30.0,7.1,data/video/2024-08-31_WC_USAvsMEX_TV_9711287/Wide - Clip 058.mp4,146984ceaa64c8d7e2c952b8dc8663626470d360467a71cce351a9711e2163d5,"Hudl-Re-Encode Playlist 9711287 / Clip pro Play / Fremdmaterial nur registriert (WC-Spiel USA vs MEX 2024, kein GER-Spiel, aeltere Turnier-Ausgabe) / 95 Spielzuege lt. Breakdown / Freigabe Verband 2026-08-31 / neu registriert 2026-09-02 / Hudl-Breakdown vorhanden -> PBP-Join moeglich (Sheet1, 95 Zeilen)"
broadcast,2024-08-31_WC-USA-vs-MEX-TV,,2024-08-31,1280x720,30.0,7.62,data/video/2024-08-31_WC_USAvsMEX_TV_9711287/Wide - Clip 059.mp4,dd0fd667b97ff8e4869d91134fd5c05774a79170f9b3fe5d46f3a6bed1cf233d,"Hudl-Re-Encode Playlist 9711287 / Clip pro Play / Fremdmaterial nur registriert (WC-Spiel USA vs MEX 2024, kein GER-Spiel, aeltere Turnier-Ausgabe) / 95 Spielzuege lt. Breakdown / Freigabe Verband 2026-08-31 / neu registriert 2026-09-02 / Hudl-Breakdown vorhanden -> PBP-Join moeglich (Sheet1, 95 Zeilen)"
broadcast,2024-08-31_WC-USA-vs-MEX-TV,,2024-08-31,1280x720,30.0,3.31,data/video/2024-08-31_WC_USAvsMEX_TV_9711287/Wide - Clip 060.mp4,3252266bb3a8739cf181c1661283a58aafa3dd007e951f44c40144741843f916,"Hudl-Re-Encode Playlist 9711287 / Clip pro Play / Fremdmaterial nur registriert (WC-Spiel USA vs MEX 2024, kein GER-Spiel, aeltere Turnier-Ausgabe) / 95 Spielzuege lt. Breakdown / Freigabe Verband 2026-08-31 / neu registriert 2026-09-02 / Hudl-Breakdown vorhanden -> PBP-Join moeglich (Sheet1, 95 Zeilen)"
broadcast,2024-08-31_WC-USA-vs-MEX-TV,,2024-08-31,1280x720,30.0,9.57,data/video/2024-08-31_WC_USAvsMEX_TV_9711287/Wide - Clip 061.mp4,b04daa418e431f453349573ac016ab80d7996ff338dcf31d9bc3fe5261091e8b,"Hudl-Re-Encode Playlist 9711287 / Clip pro Play / Fremdmaterial nur registriert (WC-Spiel USA vs MEX 2024, kein GER-Spiel, aeltere Turnier-Ausgabe) / 95 Spielzuege lt. Breakdown / Freigabe Verband 2026-08-31 / neu registriert 2026-09-02 / Hudl-Breakdown vorhanden -> PBP-Join moeglich (Sheet1, 95 Zeilen)"
broadcast,2024-08-31_WC-USA-vs-MEX-TV,,2024-08-31,1280x720,30.0,6.81,data/video/2024-08-31_WC_USAvsMEX_TV_9711287/Wide - Clip 062.mp4,c3289e4d89182762f2316203a17ff1aca12b11cea5410af97b2c59236915f99a,"Hudl-Re-Encode Playlist 9711287 / Clip pro Play / Fremdmaterial nur registriert (WC-Spiel USA vs MEX 2024, kein GER-Spiel, aeltere Turnier-Ausgabe) / 95 Spielzuege lt. Breakdown / Freigabe Verband 2026-08-31 / neu registriert 2026-09-02 / Hudl-Breakdown vorhanden -> PBP-Join moeglich (Sheet1, 95 Zeilen)"
broadcast,2024-08-31_WC-USA-vs-MEX-TV,,2024-08-31,1280x720,30.0,7.76,data/video/2024-08-31_WC_USAvsMEX_TV_9711287/Wide - Clip 063.mp4,7681ba1484e5ae31e09035069a41251a414552ebfffc7393ac912d0d48cfeb7d,"Hudl-Re-Encode Playlist 9711287 / Clip pro Play / Fremdmaterial nur registriert (WC-Spiel USA vs MEX 2024, kein GER-Spiel, aeltere Turnier-Ausgabe) / 95 Spielzuege lt. Breakdown / Freigabe Verband 2026-08-31 / neu registriert 2026-09-02 / Hudl-Breakdown vorhanden -> PBP-Join moeglich (Sheet1, 95 Zeilen)"
broadcast,2024-08-31_WC-USA-vs-MEX-TV,,2024-08-31,1280x720,30.0,7.75,data/video/2024-08-31_WC_USAvsMEX_TV_9711287/Wide - Clip 064.mp4,4ffe9e3e2b9ab0a47c88f4dcee0cc05f22ddff964fd5ea4d35cdfb9899a009a0,"Hudl-Re-Encode Playlist 9711287 / Clip pro Play / Fremdmaterial nur registriert (WC-Spiel USA vs MEX 2024, kein GER-Spiel, aeltere Turnier-Ausgabe) / 95 Spielzuege lt. Breakdown / Freigabe Verband 2026-08-31 / neu registriert 2026-09-02 / Hudl-Breakdown vorhanden -> PBP-Join moeglich (Sheet1, 95 Zeilen)"
broadcast,2024-08-31_WC-USA-vs-MEX-TV,,2024-08-31,1280x720,30.0,5.62,data/video/2024-08-31_WC_USAvsMEX_TV_9711287/Wide - Clip 065.mp4,427a130af48ae21b0460179d694e2d4f954978ac9dace7dfa715e92684daa3a3,"Hudl-Re-Encode Playlist 9711287 / Clip pro Play / Fremdmaterial nur registriert (WC-Spiel USA vs MEX 2024, kein GER-Spiel, aeltere Turnier-Ausgabe) / 95 Spielzuege lt. Breakdown / Freigabe Verband 2026-08-31 / neu registriert 2026-09-02 / Hudl-Breakdown vorhanden -> PBP-Join moeglich (Sheet1, 95 Zeilen)"
broadcast,2024-08-31_WC-USA-vs-MEX-TV,,2024-08-31,1280x720,30.0,7.26,data/video/2024-08-31_WC_USAvsMEX_TV_9711287/Wide - Clip 066.mp4,d5595f8d427cd2d613d8496d9168e9b931e5c359c1f00a1a8f568103a2a66e23,"Hudl-Re-Encode Playlist 9711287 / Clip pro Play / Fremdmaterial nur registriert (WC-Spiel USA vs MEX 2024, kein GER-Spiel, aeltere Turnier-Ausgabe) / 95 Spielzuege lt. Breakdown / Freigabe Verband 2026-08-31 / neu registriert 2026-09-02 / Hudl-Breakdown vorhanden -> PBP-Join moeglich (Sheet1, 95 Zeilen)"
broadcast,2024-08-31_WC-USA-vs-MEX-TV,,2024-08-31,1280x720,30.0,8.1,data/video/2024-08-31_WC_USAvsMEX_TV_9711287/Wide - Clip 067.mp4,3f9963e48dceeb34e90adca376572cef5a2a50b4332612560376d7974e325392,"Hudl-Re-Encode Playlist 9711287 / Clip pro Play / Fremdmaterial nur registriert (WC-Spiel USA vs MEX 2024, kein GER-Spiel, aeltere Turnier-Ausgabe) / 95 Spielzuege lt. Breakdown / Freigabe Verband 2026-08-31 / neu registriert 2026-09-02 / Hudl-Breakdown vorhanden -> PBP-Join moeglich (Sheet1, 95 Zeilen)"
broadcast,2024-08-31_WC-USA-vs-MEX-TV,,2024-08-31,1280x720,30.0,8.6,data/video/2024-08-31_WC_USAvsMEX_TV_9711287/Wide - Clip 068.mp4,36adf765588a9d571bc35e0cfad87adce4ced365d225c1fe7c880002330315dd,"Hudl-Re-Encode Playlist 9711287 / Clip pro Play / Fremdmaterial nur registriert (WC-Spiel USA vs MEX 2024, kein GER-Spiel, aeltere Turnier-Ausgabe) / 95 Spielzuege lt. Breakdown / Freigabe Verband 2026-08-31 / neu registriert 2026-09-02 / Hudl-Breakdown vorhanden -> PBP-Join moeglich (Sheet1, 95 Zeilen)"
broadcast,2024-08-31_WC-USA-vs-MEX-TV,,2024-08-31,1280x720,30.0,8.23,data/video/2024-08-31_WC_USAvsMEX_TV_9711287/Wide - Clip 069.mp4,69b56fdf44d7098eff1cbbb2bc1412adb80b88af4ed474c51ba2a20c20aa3e60,"Hudl-Re-Encode Playlist 9711287 / Clip pro Play / Fremdmaterial nur registriert (WC-Spiel USA vs MEX 2024, kein GER-Spiel, aeltere Turnier-Ausgabe) / 95 Spielzuege lt. Breakdown / Freigabe Verband 2026-08-31 / neu registriert 2026-09-02 / Hudl-Breakdown vorhanden -> PBP-Join moeglich (Sheet1, 95 Zeilen)"
broadcast,2024-08-31_WC-USA-vs-MEX-TV,,2024-08-31,1280x720,30.0,12.38,data/video/2024-08-31_WC_USAvsMEX_TV_9711287/Wide - Clip 070.mp4,0f9b506d8af453f6d903185b0589b1cea3d3efe0ff97254ed1e1a059700a4f18,"Hudl-Re-Encode Playlist 9711287 / Clip pro Play / Fremdmaterial nur registriert (WC-Spiel USA vs MEX 2024, kein GER-Spiel, aeltere Turnier-Ausgabe) / 95 Spielzuege lt. Breakdown / Freigabe Verband 2026-08-31 / neu registriert 2026-09-02 / Hudl-Breakdown vorhanden -> PBP-Join moeglich (Sheet1, 95 Zeilen)"
broadcast,2024-08-31_WC-USA-vs-MEX-TV,,2024-08-31,1280x720,30.0,8.13,data/video/2024-08-31_WC_USAvsMEX_TV_9711287/Wide - Clip 071.mp4,e52d62b4a526d613e4cb585a1997464aede1d91a5f8c6de79bec2eaa25030497,"Hudl-Re-Encode Playlist 9711287 / Clip pro Play / Fremdmaterial nur registriert (WC-Spiel USA vs MEX 2024, kein GER-Spiel, aeltere Turnier-Ausgabe) / 95 Spielzuege lt. Breakdown / Freigabe Verband 2026-08-31 / neu registriert 2026-09-02 / Hudl-Breakdown vorhanden -> PBP-Join moeglich (Sheet1, 95 Zeilen)"
broadcast,2024-08-31_WC-USA-vs-MEX-TV,,2024-08-31,1280x720,30.0,8.25,data/video/2024-08-31_WC_USAvsMEX_TV_9711287/Wide - Clip 072.mp4,1e336d200974833368a6c4fe8ad8fa4e080dc3a8c8bf34d643fbfc5d73dc1450,"Hudl-Re-Encode Playlist 9711287 / Clip pro Play / Fremdmaterial nur registriert (WC-Spiel USA vs MEX 2024, kein GER-Spiel, aeltere Turnier-Ausgabe) / 95 Spielzuege lt. Breakdown / Freigabe Verband 2026-08-31 / neu registriert 2026-09-02 / Hudl-Breakdown vorhanden -> PBP-Join moeglich (Sheet1, 95 Zeilen)"
broadcast,2024-08-31_WC-USA-vs-MEX-TV,,2024-08-31,1280x720,30.0,8.15,data/video/2024-08-31_WC_USAvsMEX_TV_9711287/Wide - Clip 073.mp4,f81027b8c3599462fa7acdc95a4039963910f717af7ddb176664af31e38c7754,"Hudl-Re-Encode Playlist 9711287 / Clip pro Play / Fremdmaterial nur registriert (WC-Spiel USA vs MEX 2024, kein GER-Spiel, aeltere Turnier-Ausgabe) / 95 Spielzuege lt. Breakdown / Freigabe Verband 2026-08-31 / neu registriert 2026-09-02 / Hudl-Breakdown vorhanden -> PBP-Join moeglich (Sheet1, 95 Zeilen)"
broadcast,2024-08-31_WC-USA-vs-MEX-TV,,2024-08-31,1280x720,30.0,8.84,data/video/2024-08-31_WC_USAvsMEX_TV_9711287/Wide - Clip 074.mp4,bdab704be1546a60e0b317e8df164ba6961728898105fa6bfc0962e7fb44d932,"Hudl-Re-Encode Playlist 9711287 / Clip pro Play / Fremdmaterial nur registriert (WC-Spiel USA vs MEX 2024, kein GER-Spiel, aeltere Turnier-Ausgabe) / 95 Spielzuege lt. Breakdown / Freigabe Verband 2026-08-31 / neu registriert 2026-09-02 / Hudl-Breakdown vorhanden -> PBP-Join moeglich (Sheet1, 95 Zeilen)"
broadcast,2024-08-31_WC-USA-vs-MEX-TV,,2024-08-31,1280x720,30.0,6.75,data/video/2024-08-31_WC_USAvsMEX_TV_9711287/Wide - Clip 075.mp4,911fed861a0e9ead2f7f54cb4cf7c9b3efa3a402d3ce7deb343f5ec4dd5e1c84,"Hudl-Re-Encode Playlist 9711287 / Clip pro Play / Fremdmaterial nur registriert (WC-Spiel USA vs MEX 2024, kein GER-Spiel, aeltere Turnier-Ausgabe) / 95 Spielzuege lt. Breakdown / Freigabe Verband 2026-08-31 / neu registriert 2026-09-02 / Hudl-Breakdown vorhanden -> PBP-Join moeglich (Sheet1, 95 Zeilen)"
broadcast,2024-08-31_WC-USA-vs-MEX-TV,,2024-08-31,1280x720,30.0,7.76,data/video/2024-08-31_WC_USAvsMEX_TV_9711287/Wide - Clip 076.mp4,f8b37f70981eb998130b493c70e95dae1a3a7e4c06c78a02d8ff7b4ddf0fd759,"Hudl-Re-Encode Playlist 9711287 / Clip pro Play / Fremdmaterial nur registriert (WC-Spiel USA vs MEX 2024, kein GER-Spiel, aeltere Turnier-Ausgabe) / 95 Spielzuege lt. Breakdown / Freigabe Verband 2026-08-31 / neu registriert 2026-09-02 / Hudl-Breakdown vorhanden -> PBP-Join moeglich (Sheet1, 95 Zeilen)"
broadcast,2024-08-31_WC-USA-vs-MEX-TV,,2024-08-31,1280x720,30.0,9.8,data/video/2024-08-31_WC_USAvsMEX_TV_9711287/Wide - Clip 077.mp4,3b763606d69d908d740ccb6a75b582686b4aedb50b7e13c117b76ddf72d4053f,"Hudl-Re-Encode Playlist 9711287 / Clip pro Play / Fremdmaterial nur registriert (WC-Spiel USA vs MEX 2024, kein GER-Spiel, aeltere Turnier-Ausgabe) / 95 Spielzuege lt. Breakdown / Freigabe Verband 2026-08-31 / neu registriert 2026-09-02 / Hudl-Breakdown vorhanden -> PBP-Join moeglich (Sheet1, 95 Zeilen)"
broadcast,2024-08-31_WC-USA-vs-MEX-TV,,2024-08-31,1280x720,30.0,7.63,data/video/2024-08-31_WC_USAvsMEX_TV_9711287/Wide - Clip 078.mp4,02c14628b7f11b36eeedb62f698dfa0eaaa7224c69bb9fbeeb9d983cd751b188,"Hudl-Re-Encode Playlist 9711287 / Clip pro Play / Fremdmaterial nur registriert (WC-Spiel USA vs MEX 2024, kein GER-Spiel, aeltere Turnier-Ausgabe) / 95 Spielzuege lt. Breakdown / Freigabe Verband 2026-08-31 / neu registriert 2026-09-02 / Hudl-Breakdown vorhanden -> PBP-Join moeglich (Sheet1, 95 Zeilen)"
broadcast,2024-08-31_WC-USA-vs-MEX-TV,,2024-08-31,1280x720,30.0,9.21,data/video/2024-08-31_WC_USAvsMEX_TV_9711287/Wide - Clip 079.mp4,9f4bd5f2715dbeb4c5131abc9843c3f613e534895ba7833d904adcd9438de8cc,"Hudl-Re-Encode Playlist 9711287 / Clip pro Play / Fremdmaterial nur registriert (WC-Spiel USA vs MEX 2024, kein GER-Spiel, aeltere Turnier-Ausgabe) / 95 Spielzuege lt. Breakdown / Freigabe Verband 2026-08-31 / neu registriert 2026-09-02 / Hudl-Breakdown vorhanden -> PBP-Join moeglich (Sheet1, 95 Zeilen)"
broadcast,2024-08-31_WC-USA-vs-MEX-TV,,2024-08-31,1280x720,30.0,6.79,data/video/2024-08-31_WC_USAvsMEX_TV_9711287/Wide - Clip 080.mp4,4507c5aa4e097a77732be8a653bf5f49e94e4d842becfe1e472869a540f61624,"Hudl-Re-Encode Playlist 9711287 / Clip pro Play / Fremdmaterial nur registriert (WC-Spiel USA vs MEX 2024, kein GER-Spiel, aeltere Turnier-Ausgabe) / 95 Spielzuege lt. Breakdown / Freigabe Verband 2026-08-31 / neu registriert 2026-09-02 / Hudl-Breakdown vorhanden -> PBP-Join moeglich (Sheet1, 95 Zeilen)"
broadcast,2024-08-31_WC-USA-vs-MEX-TV,,2024-08-31,1280x720,30.0,8.13,data/video/2024-08-31_WC_USAvsMEX_TV_9711287/Wide - Clip 081.mp4,c8178b0fb11738644e57fb4b5563b5291c65791e02d74f7ec18c4e4ec1db1cb0,"Hudl-Re-Encode Playlist 9711287 / Clip pro Play / Fremdmaterial nur registriert (WC-Spiel USA vs MEX 2024, kein GER-Spiel, aeltere Turnier-Ausgabe) / 95 Spielzuege lt. Breakdown / Freigabe Verband 2026-08-31 / neu registriert 2026-09-02 / Hudl-Breakdown vorhanden -> PBP-Join moeglich (Sheet1, 95 Zeilen)"
broadcast,2024-08-31_WC-USA-vs-MEX-TV,,2024-08-31,1280x720,30.0,7.71,data/video/2024-08-31_WC_USAvsMEX_TV_9711287/Wide - Clip 082.mp4,6c6e8d30586d182123a5571e55cd781e150d2196484b1d2afe2c40ecb4c53cf2,"Hudl-Re-Encode Playlist 9711287 / Clip pro Play / Fremdmaterial nur registriert (WC-Spiel USA vs MEX 2024, kein GER-Spiel, aeltere Turnier-Ausgabe) / 95 Spielzuege lt. Breakdown / Freigabe Verband 2026-08-31 / neu registriert 2026-09-02 / Hudl-Breakdown vorhanden -> PBP-Join moeglich (Sheet1, 95 Zeilen)"
broadcast,2024-08-31_WC-USA-vs-MEX-TV,,2024-08-31,1280x720,30.0,7.92,data/video/2024-08-31_WC_USAvsMEX_TV_9711287/Wide - Clip 083.mp4,feffb5de4c68525ef2d5e32093595da00b8218aed165a5d9757f165cc8fa8dd2,"Hudl-Re-Encode Playlist 9711287 / Clip pro Play / Fremdmaterial nur registriert (WC-Spiel USA vs MEX 2024, kein GER-Spiel, aeltere Turnier-Ausgabe) / 95 Spielzuege lt. Breakdown / Freigabe Verband 2026-08-31 / neu registriert 2026-09-02 / Hudl-Breakdown vorhanden -> PBP-Join moeglich (Sheet1, 95 Zeilen)"
broadcast,2024-08-31_WC-USA-vs-MEX-TV,,2024-08-31,1280x720,30.0,7.5,data/video/2024-08-31_WC_USAvsMEX_TV_9711287/Wide - Clip 084.mp4,0ad30b5d9a29a028c01f64f063de6655ac9a4722d48a64072106e340de52ff06,"Hudl-Re-Encode Playlist 9711287 / Clip pro Play / Fremdmaterial nur registriert (WC-Spiel USA vs MEX 2024, kein GER-Spiel, aeltere Turnier-Ausgabe) / 95 Spielzuege lt. Breakdown / Freigabe Verband 2026-08-31 / neu registriert 2026-09-02 / Hudl-Breakdown vorhanden -> PBP-Join moeglich (Sheet1, 95 Zeilen)"
broadcast,2024-08-31_WC-USA-vs-MEX-TV,,2024-08-31,1280x720,30.0,10.41,data/video/2024-08-31_WC_USAvsMEX_TV_9711287/Wide - Clip 085.mp4,d9d06e95ecd7d5ebd77835087c0c5058db955990e435c6d509e40ea27fd1e7d8,"Hudl-Re-Encode Playlist 9711287 / Clip pro Play / Fremdmaterial nur registriert (WC-Spiel USA vs MEX 2024, kein GER-Spiel, aeltere Turnier-Ausgabe) / 95 Spielzuege lt. Breakdown / Freigabe Verband 2026-08-31 / neu registriert 2026-09-02 / Hudl-Breakdown vorhanden -> PBP-Join moeglich (Sheet1, 95 Zeilen)"
broadcast,2024-08-31_WC-USA-vs-MEX-TV,,2024-08-31,1280x720,30.0,7.98,data/video/2024-08-31_WC_USAvsMEX_TV_9711287/Wide - Clip 086.mp4,0f09e88a8a8fbec4c6842f011dbe55716b98c8fd3d4f014d1c70155979ed0e30,"Hudl-Re-Encode Playlist 9711287 / Clip pro Play / Fremdmaterial nur registriert (WC-Spiel USA vs MEX 2024, kein GER-Spiel, aeltere Turnier-Ausgabe) / 95 Spielzuege lt. Breakdown / Freigabe Verband 2026-08-31 / neu registriert 2026-09-02 / Hudl-Breakdown vorhanden -> PBP-Join moeglich (Sheet1, 95 Zeilen)"
broadcast,2024-08-31_WC-USA-vs-MEX-TV,,2024-08-31,1280x720,30.0,6.04,data/video/2024-08-31_WC_USAvsMEX_TV_9711287/Wide - Clip 087.mp4,cb61e1b67f255f72aba9835dcf9bf9f6e5eecf543588e2df32bc4c6a3740d4b7,"Hudl-Re-Encode Playlist 9711287 / Clip pro Play / Fremdmaterial nur registriert (WC-Spiel USA vs MEX 2024, kein GER-Spiel, aeltere Turnier-Ausgabe) / 95 Spielzuege lt. Breakdown / Freigabe Verband 2026-08-31 / neu registriert 2026-09-02 / Hudl-Breakdown vorhanden -> PBP-Join moeglich (Sheet1, 95 Zeilen)"
broadcast,2024-08-31_WC-USA-vs-MEX-TV,,2024-08-31,1280x720,30.0,6.81,data/video/2024-08-31_WC_USAvsMEX_TV_9711287/Wide - Clip 088.mp4,d949a8ad8327fce11acd0b7ea27a0320c875e0e6d841578bfd64338f327c60e0,"Hudl-Re-Encode Playlist 9711287 / Clip pro Play / Fremdmaterial nur registriert (WC-Spiel USA vs MEX 2024, kein GER-Spiel, aeltere Turnier-Ausgabe) / 95 Spielzuege lt. Breakdown / Freigabe Verband 2026-08-31 / neu registriert 2026-09-02 / Hudl-Breakdown vorhanden -> PBP-Join moeglich (Sheet1, 95 Zeilen)"
broadcast,2024-08-31_WC-USA-vs-MEX-TV,,2024-08-31,1280x720,30.0,8.41,data/video/2024-08-31_WC_USAvsMEX_TV_9711287/Wide - Clip 089.mp4,d9f9093208381402f8ad4c34e150e2670e0df89989ec468f7e0b905ad9589ba2,"Hudl-Re-Encode Playlist 9711287 / Clip pro Play / Fremdmaterial nur registriert (WC-Spiel USA vs MEX 2024, kein GER-Spiel, aeltere Turnier-Ausgabe) / 95 Spielzuege lt. Breakdown / Freigabe Verband 2026-08-31 / neu registriert 2026-09-02 / Hudl-Breakdown vorhanden -> PBP-Join moeglich (Sheet1, 95 Zeilen)"
broadcast,2024-08-31_WC-USA-vs-MEX-TV,,2024-08-31,1280x720,30.0,7.14,data/video/2024-08-31_WC_USAvsMEX_TV_9711287/Wide - Clip 090.mp4,866cdd4cde0e508b2a8866a0ceeb8445acdcd7ce2669f5ec6b510c656fe3511d,"Hudl-Re-Encode Playlist 9711287 / Clip pro Play / Fremdmaterial nur registriert (WC-Spiel USA vs MEX 2024, kein GER-Spiel, aeltere Turnier-Ausgabe) / 95 Spielzuege lt. Breakdown / Freigabe Verband 2026-08-31 / neu registriert 2026-09-02 / Hudl-Breakdown vorhanden -> PBP-Join moeglich (Sheet1, 95 Zeilen)"
broadcast,2024-08-31_WC-USA-vs-MEX-TV,,2024-08-31,1280x720,30.0,6.53,data/video/2024-08-31_WC_USAvsMEX_TV_9711287/Wide - Clip 091.mp4,88340d17de7e51eb24eed434f42eed11bac9e43ba6cd7d39bdbbecde1691d6e5,"Hudl-Re-Encode Playlist 9711287 / Clip pro Play / Fremdmaterial nur registriert (WC-Spiel USA vs MEX 2024, kein GER-Spiel, aeltere Turnier-Ausgabe) / 95 Spielzuege lt. Breakdown / Freigabe Verband 2026-08-31 / neu registriert 2026-09-02 / Hudl-Breakdown vorhanden -> PBP-Join moeglich (Sheet1, 95 Zeilen)"
broadcast,2024-08-31_WC-USA-vs-MEX-TV,,2024-08-31,1280x720,30.0,9.5,data/video/2024-08-31_WC_USAvsMEX_TV_9711287/Wide - Clip 092.mp4,5eb25feb257646f5e4dda72e44cf59fc6122bf4cb6a0e390985cea789a5986a0,"Hudl-Re-Encode Playlist 9711287 / Clip pro Play / Fremdmaterial nur registriert (WC-Spiel USA vs MEX 2024, kein GER-Spiel, aeltere Turnier-Ausgabe) / 95 Spielzuege lt. Breakdown / Freigabe Verband 2026-08-31 / neu registriert 2026-09-02 / Hudl-Breakdown vorhanden -> PBP-Join moeglich (Sheet1, 95 Zeilen)"
broadcast,2024-08-31_WC-USA-vs-MEX-TV,,2024-08-31,1280x720,30.0,10.57,data/video/2024-08-31_WC_USAvsMEX_TV_9711287/Wide - Clip 093.mp4,cf66d69df5096ba81fb7446a6a09e4735f1e886dfa84ab7cec67bcf0ffcc88ca,"Hudl-Re-Encode Playlist 9711287 / Clip pro Play / Fremdmaterial nur registriert (WC-Spiel USA vs MEX 2024, kein GER-Spiel, aeltere Turnier-Ausgabe) / 95 Spielzuege lt. Breakdown / Freigabe Verband 2026-08-31 / neu registriert 2026-09-02 / Hudl-Breakdown vorhanden -> PBP-Join moeglich (Sheet1, 95 Zeilen)"
broadcast,2024-08-31_WC-USA-vs-MEX-TV,,2024-08-31,1280x720,30.0,7.31,data/video/2024-08-31_WC_USAvsMEX_TV_9711287/Wide - Clip 094.mp4,0746646f1c5837147a18b10c08567118f6844d5a51b8def5d922096d12376ce5,"Hudl-Re-Encode Playlist 9711287 / Clip pro Play / Fremdmaterial nur registriert (WC-Spiel USA vs MEX 2024, kein GER-Spiel, aeltere Turnier-Ausgabe) / 95 Spielzuege lt. Breakdown / Freigabe Verband 2026-08-31 / neu registriert 2026-09-02 / Hudl-Breakdown vorhanden -> PBP-Join moeglich (Sheet1, 95 Zeilen)"
broadcast,2024-08-31_WC-USA-vs-MEX-TV,,2024-08-31,1280x720,30.0,8.84,data/video/2024-08-31_WC_USAvsMEX_TV_9711287/Wide - Clip 095.mp4,0ae894220217c4d946793d2a97cf6c10257d7d1ab4cb7944a3f3398878a68d59,"Hudl-Re-Encode Playlist 9711287 / Clip pro Play / Fremdmaterial nur registriert (WC-Spiel USA vs MEX 2024, kein GER-Spiel, aeltere Turnier-Ausgabe) / 95 Spielzuege lt. Breakdown / Freigabe Verband 2026-08-31 / neu registriert 2026-09-02 / Hudl-Breakdown vorhanden -> PBP-Join moeglich (Sheet1, 95 Zeilen)"
